2026-03-15 10:34:39,046 [INFO] Processing 11 items...
2026-03-15 10:34:44,670 [INFO] Image compressed: 273KB -> 246KB
2026-03-15 10:34:48,295 [ERROR] Failed 34: {'message': "Could not find the 'end_date' column of 'opportunities' in the schema cache", 'code': 'PGRST204', 'hint': None, 'details': None}
Traceback (most recent call last):
  File "C:\KIT - Software Engineering\Year 3\IC Internship\SOF\student-opportunity-finder\tools\scraper\cleaner.py", line 533, in process_queue
    supabase.table("opportunities").insert(record).execute()
    ~~~~~~~~~~~~~~~~~~~~~~~~~~~~~~~~~~~~~~~~~~~~~~~~~~~~~~^^
  File "C:\KIT - Software Engineering\Year 3\IC Internship\SOF\student-opportunity-finder\tools\scraper\venv\Lib\site-packages\postgrest\_sync\request_builder.py", line 53, in execute
    raise APIError(dict(json_obj))
postgrest.exceptions.APIError: {'message': "Could not find the 'end_date' column of 'opportunities' in the schema cache", 'code': 'PGRST204', 'hint': None, 'details': None}
2026-03-15 10:34:51,988 [INFO] Image kept original: 97KB (compression would increase size)
2026-03-15 10:34:53,185 [ERROR] Failed 36: {'message': "Could not find the 'end_date' column of 'opportunities' in the schema cache", 'code': 'PGRST204', 'hint': None, 'details': None}
Traceback (most recent call last):
  File "C:\KIT - Software Engineering\Year 3\IC Internship\SOF\student-opportunity-finder\tools\scraper\cleaner.py", line 533, in process_queue
    supabase.table("opportunities").insert(record).execute()
    ~~~~~~~~~~~~~~~~~~~~~~~~~~~~~~~~~~~~~~~~~~~~~~~~~~~~~~^^
  File "C:\KIT - Software Engineering\Year 3\IC Internship\SOF\student-opportunity-finder\tools\scraper\venv\Lib\site-packages\postgrest\_sync\request_builder.py", line 53, in execute
    raise APIError(dict(json_obj))
postgrest.exceptions.APIError: {'message': "Could not find the 'end_date' column of 'opportunities' in the schema cache", 'code': 'PGRST204', 'hint': None, 'details': None}
2026-03-15 10:34:56,500 [ERROR] Failed 37: {'message': "Could not find the 'end_date' column of 'opportunities' in the schema cache", 'code': 'PGRST204', 'hint': None, 'details': None}
Traceback (most recent call last):
  File "C:\KIT - Software Engineering\Year 3\IC Internship\SOF\student-opportunity-finder\tools\scraper\cleaner.py", line 533, in process_queue
    supabase.table("opportunities").insert(record).execute()
    ~~~~~~~~~~~~~~~~~~~~~~~~~~~~~~~~~~~~~~~~~~~~~~~~~~~~~~^^
  File "C:\KIT - Software Engineering\Year 3\IC Internship\SOF\student-opportunity-finder\tools\scraper\venv\Lib\site-packages\postgrest\_sync\request_builder.py", line 53, in execute
    raise APIError(dict(json_obj))
postgrest.exceptions.APIError: {'message': "Could not find the 'end_date' column of 'opportunities' in the schema cache", 'code': 'PGRST204', 'hint': None, 'details': None}
2026-03-15 10:34:56,710 [INFO] Skipped 38: too short
2026-03-15 10:35:00,608 [INFO] Skipped 39: not an opportunity
2026-03-15 10:35:04,242 [INFO] Skipped 40: not an opportunity
2026-03-15 10:37:37,438 [ERROR] Failed 35: Gemini Vision returned no result
Traceback (most recent call last):
  File "C:\KIT - Software Engineering\Year 3\IC Internship\SOF\student-opportunity-finder\tools\scraper\cleaner.py", line 445, in process_queue
    raise ValueError("Gemini Vision returned no result")
ValueError: Gemini Vision returned no result
2026-03-15 10:37:44,147 [INFO] Image kept original: 181KB (compression would increase size)
2026-03-15 10:37:45,963 [INFO] Processed: 43 | image=yes
2026-03-15 10:37:52,922 [INFO] Image kept original: 144KB (compression would increase size)
2026-03-15 10:37:53,705 [INFO] Duplicate skipped: 41 matches existing 5bc599b3-7ccc-4938-8ba2-f0b5fd130c9a
2026-03-15 10:37:58,690 [INFO] Image kept original: 159KB (compression would increase size)
2026-03-15 10:37:59,831 [INFO] Duplicate skipped: 42 matches existing c7374077-8e3d-4a3c-8da4-426f874eea63
2026-03-15 10:38:03,636 [INFO] Image kept original: 186KB (compression would increase size)
2026-03-15 10:38:04,774 [INFO] Updated deadline for existing opportunity 5bc599b3-7ccc-4938-8ba2-f0b5fd130c9a -> 2026-03-13
2026-03-15 10:41:16,851 [INFO] No pending items.
2026-03-15 10:50:20,902 [INFO] Processing 4 items...
2026-03-15 10:50:25,527 [INFO] Image compressed: 273KB -> 246KB
2026-03-15 10:50:25,798 [INFO] Duplicate image for 34, reusing existing URL
2026-03-15 10:50:27,132 [INFO] Processed: 34 | image=yes
2026-03-15 10:50:30,291 [INFO] Image kept original: 97KB (compression would increase size)
2026-03-15 10:50:30,471 [INFO] Duplicate image for 36, reusing existing URL
2026-03-15 10:50:31,562 [INFO] Processed: 36 | image=yes
2026-03-15 10:50:34,675 [INFO] Processed: 37 | image=no
2026-03-15 10:53:08,897 [ERROR] Failed 35: the JSON object must be str, bytes or bytearray, not NoneType
Traceback (most recent call last):
  File "C:\KIT - Software Engineering\Year 3\IC Internship\SOF\student-opportunity-finder\tools\scraper\cleaner.py", line 433, in process_queue
    ai_result = await asyncio.to_thread(call_gemini_vision, image_bytes)
                ^^^^^^^^^^^^^^^^^^^^^^^^^^^^^^^^^^^^^^^^^^^^^^^^^^^^^^^^
  File "C:\Users\rasyy\AppData\Local\Python\pythoncore-3.14-64\Lib\asyncio\threads.py", line 25, in to_thread
    return await loop.run_in_executor(None, func_call)
           ^^^^^^^^^^^^^^^^^^^^^^^^^^^^^^^^^^^^^^^^^^^
  File "C:\Users\rasyy\AppData\Local\Python\pythoncore-3.14-64\Lib\concurrent\futures\thread.py", line 86, in run
    result = ctx.run(self.task)
  File "C:\Users\rasyy\AppData\Local\Python\pythoncore-3.14-64\Lib\concurrent\futures\thread.py", line 73, in run
    return fn(*args, **kwargs)
  File "C:\KIT - Software Engineering\Year 3\IC Internship\SOF\student-opportunity-finder\tools\scraper\venv\Lib\site-packages\tenacity\__init__.py", line 331, in wrapped_f
    return copy(f, *args, **kw)
  File "C:\KIT - Software Engineering\Year 3\IC Internship\SOF\student-opportunity-finder\tools\scraper\venv\Lib\site-packages\tenacity\__init__.py", line 470, in __call__
    do = self.iter(retry_state=retry_state)
  File "C:\KIT - Software Engineering\Year 3\IC Internship\SOF\student-opportunity-finder\tools\scraper\venv\Lib\site-packages\tenacity\__init__.py", line 371, in iter
    result = action(retry_state)
  File "C:\KIT - Software Engineering\Year 3\IC Internship\SOF\student-opportunity-finder\tools\scraper\venv\Lib\site-packages\tenacity\__init__.py", line 393, in <lambda>
    self._add_action_func(lambda rs: rs.outcome.result())
                                     ~~~~~~~~~~~~~~~~~^^
  File "C:\Users\rasyy\AppData\Local\Python\pythoncore-3.14-64\Lib\concurrent\futures\_base.py", line 443, in result
    return self.__get_result()
           ~~~~~~~~~~~~~~~~~^^
  File "C:\Users\rasyy\AppData\Local\Python\pythoncore-3.14-64\Lib\concurrent\futures\_base.py", line 395, in __get_result
    raise self._exception
  File "C:\KIT - Software Engineering\Year 3\IC Internship\SOF\student-opportunity-finder\tools\scraper\venv\Lib\site-packages\tenacity\__init__.py", line 473, in __call__
    result = fn(*args, **kwargs)
  File "C:\KIT - Software Engineering\Year 3\IC Internship\SOF\student-opportunity-finder\tools\scraper\cleaner.py", line 225, in call_gemini_vision
    return json.loads(response.text)
           ~~~~~~~~~~^^^^^^^^^^^^^^^
  File "C:\Users\rasyy\AppData\Local\Python\pythoncore-3.14-64\Lib\json\__init__.py", line 345, in loads
    raise TypeError(f'the JSON object must be str, bytes or bytearray, '
                    f'not {s.__class__.__name__}')
TypeError: the JSON object must be str, bytes or bytearray, not NoneType
2026-03-15 11:33:07,071 [INFO] Processing 1 items...
2026-03-15 11:35:44,521 [WARNING] Gemini Vision returned empty response (safety filter or unreadable image)
2026-03-15 11:35:44,522 [ERROR] Failed 35: Gemini Vision returned no result
Traceback (most recent call last):
  File "C:\KIT - Software Engineering\Year 3\IC Internship\SOF\student-opportunity-finder\tools\scraper\cleaner.py", line 441, in process_queue
    raise ValueError("Gemini Vision returned no result")
ValueError: Gemini Vision returned no result
2026-03-15 11:44:44,804 [INFO] Processing 1 items...
2026-03-15 11:46:46,028 [WARNING] Gemini Vision returned empty response (safety filter or unreadable image)
2026-03-15 11:46:46,028 [ERROR] Failed 35: Gemini Vision returned no result
Traceback (most recent call last):
  File "C:\KIT - Software Engineering\Year 3\IC Internship\SOF\student-opportunity-finder\tools\scraper\cleaner.py", line 442, in process_queue
    raise ValueError("Gemini Vision returned no result")
ValueError: Gemini Vision returned no result
2026-03-15 11:56:50,504 [INFO] Processing 1 items...
2026-03-15 11:59:26,851 [WARNING] Gemini Vision returned empty response (safety filter or unreadable image)
2026-03-15 11:59:26,853 [ERROR] Failed 35: Gemini Vision returned no result
Traceback (most recent call last):
  File "C:\KIT - Software Engineering\Year 3\IC Internship\SOF\student-opportunity-finder\tools\scraper\cleaner.py", line 442, in process_queue
    raise ValueError("Gemini Vision returned no result")
ValueError: Gemini Vision returned no result
2026-03-15 12:27:37,592 [INFO] Processing 1 items...
2026-03-15 12:29:49,994 [WARNING] Gemini Vision returned empty response (safety filter or unreadable image)
2026-03-15 12:29:50,758 [WARNING] Skipped 35: Gemini Vision could not read image (safety filter or unreadable)
2026-03-15 12:35:35,105 [INFO] Processing 1 items...
2026-03-15 12:37:57,406 [WARNING] Gemini Vision returned empty response (safety filter or unreadable image)
2026-03-15 12:37:58,144 [WARNING] Skipped 35: Gemini Vision could not read image (safety filter or unreadable)
2026-03-15 12:41:25,623 [INFO] Processing 1 items...
2026-03-15 12:43:40,263 [WARNING] Gemini Vision returned empty response (safety filter or unreadable image)
2026-03-15 12:43:40,862 [WARNING] Skipped 35: Gemini Vision could not read image (safety filter or unreadable)
2026-03-15 13:04:51,783 [INFO] Processing 1 items...
2026-03-15 13:06:17,610 [WARNING] Gemini Vision RECITATION block — falling back to free-text OCR
2026-03-15 13:09:10,934 [INFO] Fallback OCR extracted 135907 chars, parsing as text...
2026-03-15 13:09:14,566 [INFO] Skipped 35: not an opportunity (OCR)
2026-03-17 10:48:49,087 [INFO] Processing 28 items...
2026-03-17 10:48:54,472 [INFO] Image compressed: 244KB -> 244KB
2026-03-17 10:48:57,264 [INFO] Processed: 45 | image=yes
2026-03-17 10:49:05,699 [INFO] Image kept original: 198KB (compression would increase size)
2026-03-17 10:49:07,815 [INFO] Processed: 48 | image=yes
2026-03-17 10:49:11,636 [INFO] Image kept original: 146KB (compression would increase size)
2026-03-17 10:49:13,080 [INFO] Processed: 47 | image=yes
2026-03-17 10:49:17,431 [INFO] Image compressed: 146KB -> 142KB
2026-03-17 10:49:19,079 [INFO] Processed: 46 | image=yes
2026-03-17 10:49:22,470 [INFO] Skipped 52: not an opportunity
2026-03-17 10:49:27,063 [INFO] Image kept original: 151KB (compression would increase size)
2026-03-17 10:49:28,167 [INFO] Processed: 49 | image=yes
2026-03-17 10:49:35,168 [INFO] Image kept original: 161KB (compression would increase size)
2026-03-17 10:49:36,803 [INFO] Processed: 50 | image=yes
2026-03-17 10:49:40,446 [INFO] Image kept original: 153KB (compression would increase size)
2026-03-17 10:49:41,667 [INFO] Processed: 51 | image=yes
2026-03-17 10:49:44,069 [INFO] Skipped 58: not an opportunity
2026-03-17 10:49:49,361 [INFO] Image kept original: 162KB (compression would increase size)
2026-03-17 10:49:51,225 [INFO] Processed: 55 | image=yes
2026-03-17 10:49:52,834 [INFO] Skipped 59: not an opportunity
2026-03-17 10:49:54,542 [INFO] Skipped 60: not an opportunity
2026-03-17 10:49:58,343 [INFO] Skipped 61: not an opportunity
2026-03-17 10:50:02,343 [INFO] Image compressed: 477KB -> 347KB
2026-03-17 10:50:04,438 [INFO] Processed: 62 | image=yes
2026-03-17 10:50:07,682 [INFO] Skipped 57: not an opportunity
2026-03-17 10:50:13,022 [INFO] Image kept original: 117KB (compression would increase size)
2026-03-17 10:50:15,122 [INFO] Processed: 56 | image=yes
2026-03-17 10:50:18,517 [INFO] Skipped 54: not an opportunity
2026-03-17 10:50:21,694 [INFO] Skipped 53: not an opportunity
2026-03-17 10:50:25,857 [INFO] Image kept original: 128KB (compression would increase size)
2026-03-17 10:50:27,262 [INFO] Processed: 71 | image=yes
2026-03-17 10:50:31,415 [INFO] Image kept original: 146KB (compression would increase size)
2026-03-17 10:50:31,558 [INFO] Duplicate image for 63, reusing existing URL
2026-03-17 10:50:32,224 [INFO] Processed: 63 | image=yes
2026-03-17 10:50:36,024 [INFO] Image kept original: 97KB (compression would increase size)
2026-03-17 10:50:36,185 [INFO] Duplicate image for 65, reusing existing URL
2026-03-17 10:50:36,736 [INFO] Processed: 65 | image=yes
2026-03-17 10:50:40,681 [INFO] Image kept original: 177KB (compression would increase size)
2026-03-17 10:50:41,931 [INFO] Duplicate skipped: 66 matches existing 101de12e-ad40-4f92-ae4b-32e50428e097
2026-03-17 10:50:46,382 [INFO] Image kept original: 228KB (compression would increase size)
2026-03-17 10:50:47,627 [INFO] Processed: 67 | image=yes
2026-03-17 10:50:51,105 [INFO] Image compressed: 230KB -> 223KB
2026-03-17 10:50:52,227 [INFO] Processed: 68 | image=yes
2026-03-17 10:50:55,796 [INFO] Image compressed: 282KB -> 272KB
2026-03-17 10:50:57,104 [INFO] Processed: 69 | image=yes
2026-03-17 10:50:57,231 [INFO] Skipped 70: too short
2026-03-17 10:51:00,310 [INFO] Image kept original: 171KB (compression would increase size)
2026-03-17 10:51:01,956 [INFO] Processed: 72 | image=yes
2026-03-17 10:53:56,541 [WARNING] Gemini Vision RECITATION block — falling back to free-text OCR
2026-03-17 10:55:44,648 [INFO] Fallback OCR extracted 65770 chars, parsing as text...
2026-03-17 10:55:48,070 [INFO] Skipped 64: not an opportunity (OCR)
2026-03-23 10:12:29,560 [INFO] Processing 50 items...
2026-03-23 10:12:33,075 [INFO] Image compressed: 303KB -> 275KB
2026-03-23 10:12:34,973 [INFO] Processed: 78 | image=yes
2026-03-23 10:12:37,685 [INFO] Image compressed: 362KB -> 334KB
2026-03-23 10:12:38,772 [INFO] Processed: 76 | image=yes
2026-03-23 10:12:41,773 [INFO] Image compressed: 352KB -> 326KB
2026-03-23 10:12:42,686 [INFO] Duplicate skipped: 73 matches existing 5d7e0501-0960-4647-92b0-ebb3f8170c22
2026-03-23 10:12:45,880 [INFO] Image kept original: 265KB (compression would increase size)
2026-03-23 10:12:47,052 [INFO] Processed: 79 | image=yes
2026-03-23 10:12:48,941 [INFO] Skipped 75: not an opportunity
2026-03-23 10:12:51,581 [INFO] Image compressed: 137KB -> 134KB
2026-03-23 10:12:52,783 [INFO] Processed: 82 | image=yes
2026-03-23 10:12:56,122 [INFO] Image compressed: 180KB -> 172KB
2026-03-23 10:12:57,483 [INFO] Processed: 81 | image=yes
2026-03-23 10:13:00,372 [INFO] Skipped 74: not an opportunity
2026-03-23 10:13:03,136 [INFO] Image compressed: 292KB -> 265KB
2026-03-23 10:13:04,227 [INFO] Processed: 80 | image=yes
2026-03-23 10:13:07,447 [INFO] Image compressed: 305KB -> 276KB
2026-03-23 10:13:08,285 [INFO] Duplicate skipped: 77 matches existing 11aa1178-e0a7-41cc-9a69-23c0b2e05e64
2026-03-23 10:13:11,367 [INFO] Image kept original: 166KB (compression would increase size)
2026-03-23 10:13:12,517 [INFO] Processed: 85 | image=yes
2026-03-23 10:13:15,097 [INFO] Image compressed: 239KB -> 224KB
2026-03-23 10:13:16,798 [INFO] Processed: 86 | image=yes
2026-03-23 10:13:18,576 [INFO] Skipped 83: not an opportunity
2026-03-23 10:13:21,945 [INFO] Image compressed: 182KB -> 172KB
2026-03-23 10:13:23,636 [INFO] Processed: 84 | image=yes
2026-03-23 10:13:26,511 [INFO] Skipped 87: not an opportunity
2026-03-23 10:13:30,855 [INFO] Skipped 100: not an opportunity (OCR)
2026-03-23 10:13:36,571 [INFO] Image kept original: 133KB (compression would increase size)
2026-03-23 10:13:38,266 [INFO] Processed: 99 | image=yes
2026-03-23 10:13:42,392 [INFO] Skipped 95: not an opportunity (OCR)
2026-03-23 10:13:48,067 [INFO] Skipped 88: not an opportunity (OCR)
2026-03-23 10:13:52,816 [INFO] Skipped 96: not an opportunity (OCR)
2026-03-23 10:15:34,530 [WARNING] Skipped 91: Gemini Vision could not read image (safety filter or unreadable)
2026-03-23 10:15:37,515 [INFO] Skipped 97: not an opportunity
2026-03-23 10:17:11,394 [WARNING] Skipped 93: Gemini Vision could not read image (safety filter or unreadable)
2026-03-23 10:19:30,309 [WARNING] Skipped 92: Gemini Vision could not read image (safety filter or unreadable)
2026-03-23 10:19:33,253 [INFO] Skipped 90: not an opportunity (OCR)
2026-03-23 10:19:38,632 [INFO] Skipped 98: not an opportunity (OCR)
2026-03-23 10:19:41,542 [INFO] Skipped 103: not an opportunity
2026-03-23 10:22:06,702 [WARNING] Skipped 94: Gemini Vision could not read image (safety filter or unreadable)
2026-03-23 10:22:11,852 [INFO] Image kept original: 135KB (compression would increase size)
2026-03-23 10:22:13,738 [INFO] Processed: 102 | image=yes
2026-03-23 10:22:19,488 [INFO] Image kept original: 140KB (compression would increase size)
2026-03-23 10:22:20,587 [INFO] Duplicate skipped: 101 matches existing c065f8b0-e52c-4ff1-a39a-99769988afe6
2026-04-02 14:45:47,584 [INFO] Processing 50 items...
2026-04-02 14:45:48,642 [INFO] Skipped 89: no actionable signal (no URL, phone, email, or handle)
2026-04-02 14:45:51,469 [INFO] Skipped 106: not an opportunity
2026-04-02 14:45:56,037 [INFO] Processed: 105 | image=no
2026-04-02 14:45:58,727 [INFO] Skipped 112: not an opportunity
2026-04-02 14:46:01,013 [INFO] Skipped 111: not an opportunity
2026-04-02 14:46:03,353 [INFO] Skipped 108: not an opportunity
2026-04-02 14:46:05,615 [INFO] Skipped 110: not an opportunity
2026-04-02 14:46:08,483 [INFO] Duplicate skipped: 104 matches existing 1219803c-d81a-42e5-bf66-af9b24d47b9c
2026-04-02 14:46:10,490 [INFO] Skipped 107: not an opportunity
2026-04-02 14:46:12,367 [INFO] Skipped 113: not an opportunity
2026-04-02 14:46:14,123 [INFO] Skipped 109: not an opportunity
2026-04-02 14:46:17,041 [INFO] Image kept original: 99KB (compression would increase size)
2026-04-02 14:46:19,905 [INFO] Processed: 116 | image=yes
2026-04-02 14:46:24,467 [INFO] Processed: 122 | image=no
2026-04-02 14:46:28,575 [INFO] Image kept original: 101KB (compression would increase size)
2026-04-02 14:46:30,484 [INFO] Processed: 121 | image=yes
2026-04-02 14:46:34,726 [INFO] Image kept original: 132KB (compression would increase size)
2026-04-02 14:46:36,995 [INFO] Processed: 120 | image=yes
2026-04-02 14:46:40,542 [INFO] Image kept original: 131KB (compression would increase size)
2026-04-02 14:46:42,610 [INFO] Processed: 119 | image=yes
2026-04-02 14:46:46,110 [INFO] Image kept original: 102KB (compression would increase size)
2026-04-02 14:46:47,925 [INFO] Processed: 118 | image=yes
2026-04-02 14:46:51,299 [INFO] Image kept original: 138KB (compression would increase size)
2026-04-02 14:46:52,949 [INFO] Processed: 117 | image=yes
2026-04-02 14:46:57,391 [INFO] Image kept original: 103KB (compression would increase size)
2026-04-02 14:46:59,328 [INFO] Processed: 123 | image=yes
2026-04-02 14:47:02,542 [INFO] Processed: 114 | image=no
2026-04-02 14:47:02,688 [INFO] Skipped 115: no actionable signal (no URL, phone, email, or handle)
2026-04-02 14:47:06,194 [INFO] Processed: 126 | image=no
2026-04-02 14:47:09,508 [INFO] Image compressed: 183KB -> 176KB
2026-04-02 14:47:12,008 [ERROR] Failed 125: {'message': 'new row for relation "opportunities" violates check constraint "opportunities_language_check"', 'code': '23514', 'hint': None, 'details': 'Failing row contains (61b6792a-fa41-4a5f-9678-bd0bbaf548d0, 125, Federation University Logo Quiz and Registration, សំណួរកម្រងសំណួររូបសញ្..., event, 2026-03-19, Free, Onsite prize collection, https://forms.gle/aaN152jDSsCYF5fb7), info@eevs.com.kh, {event,study_abroad,education}, This is a quiz and registration opportunity related to Federatio..., នេះជាឱកាសប្រឡងប្រជែង ន..., kh, Expert Education & Visa Services Cambodia, telegram, 0.9, pending_review, 2026-04-02 07:47:12.307044+00, 2026-04-02 07:47:12.307044+00, https://tomzxkwrtmktcdjkzuqz.supabase.co/storage/v1/object/publi..., Open to participants who can identify the correct logo and regis..., {youth,cambodians_only}, Federation University, unknown, t, 2026-03-19, 2026-03-19).'}
Traceback (most recent call last):
  File "C:\KIT - Software Engineering\Year 3\IC Internship\SOF\student-opportunity-finder\tools\scraper\cleaner.py", line 641, in process_queue
    supabase.table("opportunities").insert(record).execute()
    ~~~~~~~~~~~~~~~~~~~~~~~~~~~~~~~~~~~~~~~~~~~~~~~~~~~~~~^^
  File "C:\KIT - Software Engineering\Year 3\IC Internship\SOF\student-opportunity-finder\tools\scraper\venv\Lib\site-packages\postgrest\_sync\request_builder.py", line 53, in execute
    raise APIError(dict(json_obj))
postgrest.exceptions.APIError: {'message': 'new row for relation "opportunities" violates check constraint "opportunities_language_check"', 'code': '23514', 'hint': None, 'details': 'Failing row contains (61b6792a-fa41-4a5f-9678-bd0bbaf548d0, 125, Federation University Logo Quiz and Registration, សំណួរកម្រងសំណួររូបសញ្..., event, 2026-03-19, Free, Onsite prize collection, https://forms.gle/aaN152jDSsCYF5fb7), info@eevs.com.kh, {event,study_abroad,education}, This is a quiz and registration opportunity related to Federatio..., នេះជាឱកាសប្រឡងប្រជែង ន..., kh, Expert Education & Visa Services Cambodia, telegram, 0.9, pending_review, 2026-04-02 07:47:12.307044+00, 2026-04-02 07:47:12.307044+00, https://tomzxkwrtmktcdjkzuqz.supabase.co/storage/v1/object/publi..., Open to participants who can identify the correct logo and regis..., {youth,cambodians_only}, Federation University, unknown, t, 2026-03-19, 2026-03-19).'}
2026-04-02 14:47:12,393 [INFO] Skipped 124: no actionable signal (no URL, phone, email, or handle)
2026-04-02 14:47:15,690 [INFO] Image kept original: 133KB (compression would increase size)
2026-04-02 14:47:17,249 [INFO] Processed: 133 | image=yes
2026-04-02 14:47:21,258 [INFO] Image compressed: 197KB -> 183KB
2026-04-02 14:47:23,149 [INFO] Processed: 132 | image=yes
2026-04-02 14:47:26,721 [INFO] Image compressed: 155KB -> 149KB
2026-04-02 14:47:28,532 [INFO] Processed: 131 | image=yes
2026-04-02 14:47:31,334 [INFO] Image compressed: 178KB -> 175KB
2026-04-02 14:47:33,420 [INFO] Duplicate skipped: 130 matches existing ce32e07f-8516-4e8c-89c4-471ed414b6c8
2026-04-02 14:47:36,926 [INFO] Processed: 128 | image=no
2026-04-02 14:47:37,078 [INFO] Skipped 127: no actionable signal (no URL, phone, email, or handle)
2026-04-02 14:47:41,118 [INFO] Image compressed: 180KB -> 167KB
2026-04-02 14:47:43,587 [INFO] Processed: 129 | image=yes
2026-04-02 14:47:46,956 [INFO] Processed: 141 | image=no
2026-04-02 14:47:50,010 [INFO] Image compressed: 151KB -> 150KB
2026-04-02 14:47:52,284 [INFO] Processed: 137 | image=yes
2026-04-02 14:47:52,395 [INFO] Skipped 138: no actionable signal (no URL, phone, email, or handle)
2026-04-02 14:47:52,505 [INFO] Skipped 136: no actionable signal (no URL, phone, email, or handle)
2026-04-02 14:47:57,157 [INFO] Image compressed: 56KB -> 56KB
2026-04-02 14:47:59,381 [INFO] Processed: 135 | image=yes
2026-04-02 14:48:02,629 [INFO] Image kept original: 56KB (compression would increase size)
2026-04-02 14:48:04,303 [INFO] Processed: 134 | image=yes
2026-04-02 14:48:06,585 [INFO] Skipped 140: not an opportunity
2026-04-02 14:48:06,825 [INFO] Skipped 139: no actionable signal (no URL, phone, email, or handle)
2026-04-02 14:48:11,790 [INFO] Image compressed: 78KB -> 77KB
2026-04-02 14:48:13,589 [INFO] Processed: 142 | image=yes
2026-04-02 14:48:16,728 [INFO] Processed: 143 | image=no
2026-04-02 14:48:20,655 [INFO] Image kept original: 164KB (compression would increase size)
2026-04-02 14:48:23,421 [INFO] Processed: 149 | image=yes
2026-04-02 14:48:25,835 [INFO] Image compressed: 156KB -> 153KB
2026-04-02 14:48:27,753 [INFO] Processed: 147 | image=yes
2026-04-02 14:48:31,571 [INFO] Image compressed: 88KB -> 86KB
2026-04-02 14:48:33,477 [INFO] Processed: 146 | image=yes
2026-04-02 14:48:37,276 [INFO] Image compressed: 136KB -> 136KB
2026-04-02 14:48:39,226 [INFO] Processed: 145 | image=yes
2026-04-02 14:48:43,353 [INFO] Image compressed: 130KB -> 129KB
2026-04-02 14:48:45,159 [INFO] Processed: 144 | image=yes
2026-04-02 14:48:48,384 [INFO] Image kept original: 110KB (compression would increase size)
2026-04-02 14:48:49,843 [INFO] Duplicate skipped: 153 matches existing 8ccad02c-5a5e-4cda-b4a8-d6442f87cfa8
2026-04-02 14:48:50,085 [INFO] Skipped 152: no actionable signal (no URL, phone, email, or handle)
2026-04-02 14:48:53,254 [INFO] Image kept original: 65KB (compression would increase size)
2026-04-02 14:48:54,523 [INFO] Processed: 150 | image=yes
2026-04-02 14:48:58,738 [INFO] Image compressed: 242KB -> 223KB
2026-04-02 14:49:01,104 [INFO] Processed: 151 | image=yes
2026-04-02 14:53:34,790 [INFO] Processing 50 items...
2026-04-02 14:53:38,996 [INFO] Image compressed: 186KB -> 177KB
2026-04-02 14:53:42,376 [INFO] Duplicate skipped: 148 matches existing f2aa38bc-f92a-4820-b7b0-ceb34aabd168
2026-04-02 14:53:42,845 [INFO] Skipped 158: too short
2026-04-02 14:53:45,617 [INFO] Skipped 156: not an opportunity
2026-04-02 14:53:45,818 [INFO] Skipped 159: too short
2026-04-02 14:53:45,938 [INFO] Skipped 155: too short
2026-04-02 14:53:46,065 [INFO] Skipped 157: too short
2026-04-02 14:53:46,225 [INFO] Skipped 154: no actionable signal (no URL, phone, email, or handle)
2026-04-02 14:53:49,051 [INFO] Image kept original: 87KB (compression would increase size)
2026-04-02 14:53:52,076 [INFO] Processed: 163 | image=yes
2026-04-02 14:53:55,310 [INFO] Image kept original: 95KB (compression would increase size)
2026-04-02 14:53:56,999 [INFO] Duplicate skipped: 164 matches existing d03bc7a6-b48f-4237-be9f-9f3f5515ccdc
2026-04-02 14:54:00,156 [INFO] Image kept original: 105KB (compression would increase size)
2026-04-02 14:54:01,810 [INFO] Duplicate skipped: 161 matches existing d03bc7a6-b48f-4237-be9f-9f3f5515ccdc
2026-04-02 14:54:05,363 [INFO] Image kept original: 145KB (compression would increase size)
2026-04-02 14:54:07,333 [INFO] Processed: 167 | image=yes
2026-04-02 14:54:09,855 [INFO] Image kept original: 87KB (compression would increase size)
2026-04-02 14:54:11,128 [INFO] Duplicate skipped: 166 matches existing d03bc7a6-b48f-4237-be9f-9f3f5515ccdc
2026-04-02 14:54:14,303 [INFO] Image kept original: 118KB (compression would increase size)
2026-04-02 14:54:15,838 [INFO] Updated deadline for existing opportunity 833714c5-31b6-4dcf-bebc-48b07f1f75a7 -> 2026-03-27
2026-04-02 14:54:19,191 [INFO] Image kept original: 62KB (compression would increase size)
2026-04-02 14:54:22,089 [INFO] Duplicate skipped: 162 matches existing d03bc7a6-b48f-4237-be9f-9f3f5515ccdc
2026-04-02 14:54:25,235 [INFO] Image kept original: 73KB (compression would increase size)
2026-04-02 14:54:27,149 [INFO] Duplicate skipped: 165 matches existing d03bc7a6-b48f-4237-be9f-9f3f5515ccdc
2026-04-02 14:54:27,444 [INFO] Skipped 168: no actionable signal (no URL, phone, email, or handle)
2026-04-02 14:54:27,565 [INFO] Skipped 169: no actionable signal (no URL, phone, email, or handle)
2026-04-02 14:54:30,952 [INFO] Skipped 172: not an opportunity
2026-04-02 14:54:33,542 [INFO] Skipped 173: not an opportunity
2026-04-02 14:54:37,851 [INFO] Skipped 176: not an opportunity
2026-04-02 14:54:41,883 [INFO] Skipped 177: not an opportunity
2026-04-02 14:54:43,725 [INFO] Skipped 174: not an opportunity
2026-04-02 14:54:48,061 [INFO] Skipped 178: not an opportunity
2026-04-02 14:54:51,783 [INFO] Skipped 180: not an opportunity
2026-04-02 14:54:54,974 [INFO] Skipped 179: not an opportunity
2026-04-02 14:54:57,652 [INFO] Skipped 171: not an opportunity
2026-04-02 14:55:00,649 [INFO] Skipped 170: not an opportunity
2026-04-02 14:55:03,560 [INFO] Skipped 181: not an opportunity
2026-04-02 14:55:06,279 [INFO] Skipped 175: not an opportunity
2026-04-02 14:55:12,064 [INFO] Image kept original: 151KB (compression would increase size)
2026-04-02 14:55:15,286 [INFO] Processed: 182 | image=yes
2026-04-02 14:55:19,058 [INFO] Image kept original: 129KB (compression would increase size)
2026-04-02 14:55:21,551 [INFO] Processed: 185 | image=yes
2026-04-02 14:55:25,187 [INFO] Image kept original: 141KB (compression would increase size)
2026-04-02 14:55:26,387 [INFO] Duplicate skipped: 184 matches existing a9e2013c-daaa-4e44-a38e-83d3c3f25c42
2026-04-02 14:55:30,981 [INFO] Image kept original: 195KB (compression would increase size)
2026-04-02 14:55:33,899 [INFO] Processed: 188 | image=yes
2026-04-02 14:55:38,329 [INFO] Image compressed: 230KB -> 218KB
2026-04-02 14:55:41,222 [INFO] Processed: 189 | image=yes
2026-04-02 14:55:43,914 [INFO] Duplicate skipped: 187 matches existing d6ab379d-cc6d-4ddc-848a-e66b53272d67
2026-04-02 14:55:47,575 [INFO] Image kept original: 118KB (compression would increase size)
2026-04-02 14:55:49,283 [INFO] Duplicate skipped: 183 matches existing a9e2013c-daaa-4e44-a38e-83d3c3f25c42
2026-04-02 14:55:53,012 [INFO] Image kept original: 150KB (compression would increase size)
2026-04-02 14:55:54,335 [INFO] Duplicate skipped: 186 matches existing a9e2013c-daaa-4e44-a38e-83d3c3f25c42
2026-04-02 14:55:57,040 [INFO] Skipped 190: not an opportunity
2026-04-02 14:55:57,187 [INFO] Skipped 219: too short
2026-04-02 14:55:57,304 [INFO] Skipped 218: too short
2026-04-02 14:55:57,439 [INFO] Skipped 214: too short
2026-04-02 14:55:57,562 [INFO] Skipped 217: too short
2026-04-02 14:55:57,711 [INFO] Skipped 216: too short
2026-04-02 14:55:57,842 [INFO] Skipped 213: no actionable signal (no URL, phone, email, or handle)
2026-04-02 14:55:58,054 [INFO] Skipped 212: too short
2026-04-02 14:56:00,554 [INFO] Skipped 198: not an opportunity
2026-04-02 14:56:00,679 [INFO] Skipped 197: no actionable signal (no URL, phone, email, or handle)
2026-04-02 14:56:00,783 [INFO] Skipped 196: too short
2026-04-02 14:56:00,923 [INFO] Skipped 211: too short
2026-04-02 14:56:01,081 [INFO] Skipped 225: too short
2026-04-02 14:56:33,233 [INFO] Processing 50 items...
2026-04-02 14:56:34,070 [INFO] Skipped 222: too short
2026-04-02 14:56:34,225 [INFO] Skipped 240: too short
2026-04-02 14:56:34,368 [INFO] Skipped 223: too short
2026-04-02 14:56:34,559 [INFO] Skipped 204: too short
2026-04-02 14:56:41,901 [INFO] Image kept original: 64KB (compression would increase size)
2026-04-02 14:56:44,879 [INFO] Processed: 202 | image=yes
2026-04-02 14:56:45,003 [INFO] Skipped 209: too short
2026-04-02 14:56:45,133 [INFO] Skipped 210: too short
2026-04-02 14:56:45,266 [INFO] Skipped 215: too short
2026-04-02 14:56:45,410 [INFO] Skipped 191: no actionable signal (no URL, phone, email, or handle)
2026-04-02 14:56:45,565 [INFO] Skipped 220: too short
2026-04-02 14:56:45,692 [INFO] Skipped 203: too short
2026-04-02 14:56:49,695 [INFO] Image kept original: 155KB (compression would increase size)
2026-04-02 14:56:51,964 [ERROR] Failed 192: {'message': 'new row for relation "opportunities" violates check constraint "opportunities_language_check"', 'code': '23514', 'hint': None, 'details': 'Failing row contains (6fb2aaee-d26b-4176-b71f-e38a6c32be1e, 192, Romduol Scholars Challenge - Final Round Registration, Romduol Scholars Challenge - ចុះឈ្មោះចូល..., scholarship, 2024-07-01, Free, null, https://forms.gle/NzKZTeGUpnqXQhr86, @Romduolscholars_Edu, {scholarship,event,competition,education}, This post announces the final call for registration for the Romd..., ប្រកាសនេះជូនដំណឹងអំពី..., kh, Romduol Scholars Challenge, telegram, 0.9, pending_review, 2026-04-02 07:56:52.284248+00, 2026-04-02 07:56:52.284248+00, https://tomzxkwrtmktcdjkzuqz.supabase.co/storage/v1/object/publi..., Open to participants for the final round of the Romduol Scholars..., {youth,cambodians_only}, Romduol Scholars, unknown, t, null, null).'}
Traceback (most recent call last):
  File "C:\KIT - Software Engineering\Year 3\IC Internship\SOF\student-opportunity-finder\tools\scraper\cleaner.py", line 641, in process_queue
    supabase.table("opportunities").insert(record).execute()
    ~~~~~~~~~~~~~~~~~~~~~~~~~~~~~~~~~~~~~~~~~~~~~~~~~~~~~~^^
  File "C:\KIT - Software Engineering\Year 3\IC Internship\SOF\student-opportunity-finder\tools\scraper\venv\Lib\site-packages\postgrest\_sync\request_builder.py", line 53, in execute
    raise APIError(dict(json_obj))
postgrest.exceptions.APIError: {'message': 'new row for relation "opportunities" violates check constraint "opportunities_language_check"', 'code': '23514', 'hint': None, 'details': 'Failing row contains (6fb2aaee-d26b-4176-b71f-e38a6c32be1e, 192, Romduol Scholars Challenge - Final Round Registration, Romduol Scholars Challenge - ចុះឈ្មោះចូល..., scholarship, 2024-07-01, Free, null, https://forms.gle/NzKZTeGUpnqXQhr86, @Romduolscholars_Edu, {scholarship,event,competition,education}, This post announces the final call for registration for the Romd..., ប្រកាសនេះជូនដំណឹងអំពី..., kh, Romduol Scholars Challenge, telegram, 0.9, pending_review, 2026-04-02 07:56:52.284248+00, 2026-04-02 07:56:52.284248+00, https://tomzxkwrtmktcdjkzuqz.supabase.co/storage/v1/object/publi..., Open to participants for the final round of the Romduol Scholars..., {youth,cambodians_only}, Romduol Scholars, unknown, t, null, null).'}
2026-04-02 14:56:52,249 [INFO] Skipped 221: too short
2026-04-02 14:56:57,186 [INFO] Image compressed: 716KB -> 403KB
2026-04-02 14:56:59,729 [INFO] Processed: 194 | image=yes
2026-04-02 14:56:59,844 [INFO] Skipped 195: no actionable signal (no URL, phone, email, or handle)
2026-04-02 14:57:03,419 [ERROR] Failed 199: {'message': 'new row for relation "opportunities" violates check constraint "opportunities_language_check"', 'code': '23514', 'hint': None, 'details': 'Failing row contains (657280b6-1777-496e-8d62-ef97d74695e2, 199, Final Round Competition Registration, ចុះឈ្មោះវគ្គផ្តាច់ព្រ..., other, null, $20, null, https://forms.gle/NzKZTeGUpnqXQhr86, null, {education,scholarship,competition}, This post announces the registration for a final round competiti..., ប្រកាសពីការចុះឈ្មោះសម..., kh, Romduol Scholars Challenge, telegram, 0.9, pending_review, 2026-04-02 07:57:03.758048+00, 2026-04-02 07:57:03.758048+00, null, null, {"null"}, null, unknown, f, null, null).'}
Traceback (most recent call last):
  File "C:\KIT - Software Engineering\Year 3\IC Internship\SOF\student-opportunity-finder\tools\scraper\cleaner.py", line 641, in process_queue
    supabase.table("opportunities").insert(record).execute()
    ~~~~~~~~~~~~~~~~~~~~~~~~~~~~~~~~~~~~~~~~~~~~~~~~~~~~~~^^
  File "C:\KIT - Software Engineering\Year 3\IC Internship\SOF\student-opportunity-finder\tools\scraper\venv\Lib\site-packages\postgrest\_sync\request_builder.py", line 53, in execute
    raise APIError(dict(json_obj))
postgrest.exceptions.APIError: {'message': 'new row for relation "opportunities" violates check constraint "opportunities_language_check"', 'code': '23514', 'hint': None, 'details': 'Failing row contains (657280b6-1777-496e-8d62-ef97d74695e2, 199, Final Round Competition Registration, ចុះឈ្មោះវគ្គផ្តាច់ព្រ..., other, null, $20, null, https://forms.gle/NzKZTeGUpnqXQhr86, null, {education,scholarship,competition}, This post announces the registration for a final round competiti..., ប្រកាសពីការចុះឈ្មោះសម..., kh, Romduol Scholars Challenge, telegram, 0.9, pending_review, 2026-04-02 07:57:03.758048+00, 2026-04-02 07:57:03.758048+00, null, null, {"null"}, null, unknown, f, null, null).'}
2026-04-02 14:57:03,685 [INFO] Skipped 200: too short
2026-04-02 14:57:03,832 [INFO] Skipped 201: too short
2026-04-02 14:57:06,550 [INFO] Image kept original: 85KB (compression would increase size)
2026-04-02 14:57:09,017 [INFO] Processed: 193 | image=yes
2026-04-02 14:57:09,176 [INFO] Skipped 207: too short
2026-04-02 14:57:09,397 [INFO] Skipped 206: too short
2026-04-02 14:57:09,505 [INFO] Skipped 205: too short
2026-04-02 14:57:09,658 [INFO] Skipped 224: no actionable signal (no URL, phone, email, or handle)
2026-04-02 14:57:09,780 [INFO] Skipped 226: too short
2026-04-02 14:57:09,979 [INFO] Skipped 208: too short
2026-04-02 14:57:10,230 [INFO] Skipped 227: too short
2026-04-02 14:57:10,386 [INFO] Skipped 228: too short
2026-04-02 14:57:10,499 [INFO] Skipped 229: too short
2026-04-02 14:57:10,658 [INFO] Skipped 230: too short
2026-04-02 14:57:10,773 [INFO] Skipped 231: too short
2026-04-02 14:57:10,950 [INFO] Skipped 232: too short
2026-04-02 14:57:11,182 [INFO] Skipped 233: too short
2026-04-02 14:57:11,418 [INFO] Skipped 234: too short
2026-04-02 14:57:11,536 [INFO] Skipped 235: too short
2026-04-02 14:57:11,662 [INFO] Skipped 236: too short
2026-04-02 14:57:11,776 [INFO] Skipped 237: too short
2026-04-02 14:57:11,891 [INFO] Skipped 238: too short
2026-04-02 14:57:12,026 [INFO] Skipped 239: too short
2026-04-02 14:57:12,141 [INFO] Skipped 250: too short
2026-04-02 14:57:12,264 [INFO] Skipped 249: too short
2026-04-02 14:57:12,383 [INFO] Skipped 248: too short
2026-04-02 14:57:12,510 [INFO] Skipped 246: too short
2026-04-02 14:57:12,623 [INFO] Skipped 245: too short
2026-04-02 14:57:12,745 [INFO] Skipped 244: too short
2026-04-02 14:57:12,912 [INFO] Skipped 243: too short
2026-04-02 14:57:13,036 [INFO] Skipped 247: too short
2026-04-02 14:57:13,174 [INFO] Skipped 242: too short
2026-04-02 14:57:13,296 [INFO] Skipped 241: too short
2026-04-02 14:57:13,476 [INFO] Skipped 251: too short
2026-04-02 14:57:13,594 [INFO] Skipped 252: too short
2026-04-02 14:57:25,143 [INFO] Processing 50 items...
2026-04-02 14:57:26,084 [INFO] Skipped 272: too short
2026-04-02 14:57:26,218 [INFO] Skipped 289: too short
2026-04-02 14:57:26,346 [INFO] Skipped 254: too short
2026-04-02 14:57:26,509 [INFO] Skipped 261: too short
2026-04-02 14:57:26,667 [INFO] Skipped 290: too short
2026-04-02 14:57:26,924 [INFO] Skipped 257: too short
2026-04-02 14:57:27,294 [INFO] Skipped 258: too short
2026-04-02 14:57:27,512 [INFO] Skipped 259: too short
2026-04-02 14:57:27,658 [INFO] Skipped 275: too short
2026-04-02 14:57:27,791 [INFO] Skipped 273: too short
2026-04-02 14:57:27,992 [INFO] Skipped 271: too short
2026-04-02 14:57:28,113 [INFO] Skipped 256: too short
2026-04-02 14:57:28,238 [INFO] Skipped 264: too short
2026-04-02 14:57:28,373 [INFO] Skipped 265: too short
2026-04-02 14:57:28,526 [INFO] Skipped 266: too short
2026-04-02 14:57:28,727 [INFO] Skipped 267: too short
2026-04-02 14:57:28,941 [INFO] Skipped 268: too short
2026-04-02 14:57:32,599 [INFO] Processed: 269 | image=no
2026-04-02 14:57:32,801 [INFO] Skipped 270: too short
2026-04-02 14:57:33,037 [INFO] Skipped 255: too short
2026-04-02 14:57:33,183 [INFO] Skipped 262: too short
2026-04-02 14:57:33,344 [INFO] Skipped 274: too short
2026-04-02 14:57:33,604 [INFO] Skipped 253: too short
2026-04-02 14:57:33,779 [INFO] Skipped 260: too short
2026-04-02 14:57:33,998 [INFO] Skipped 276: too short
2026-04-02 14:57:34,237 [INFO] Skipped 263: too short
2026-04-02 14:57:37,510 [INFO] Processed: 277 | image=no
2026-04-02 14:57:37,722 [INFO] Skipped 278: too short
2026-04-02 14:57:37,920 [INFO] Skipped 279: too short
2026-04-02 14:57:38,105 [INFO] Skipped 280: too short
2026-04-02 14:57:38,251 [INFO] Skipped 281: too short
2026-04-02 14:57:38,369 [INFO] Skipped 282: too short
2026-04-02 14:57:38,545 [INFO] Skipped 283: too short
2026-04-02 14:57:38,692 [INFO] Skipped 284: too short
2026-04-02 14:57:38,925 [INFO] Skipped 285: too short
2026-04-02 14:57:39,153 [INFO] Skipped 286: too short
2026-04-02 14:57:39,445 [INFO] Skipped 287: too short
2026-04-02 14:57:39,603 [INFO] Skipped 288: too short
2026-04-02 14:57:39,772 [INFO] Skipped 299: too short
2026-04-02 14:57:40,006 [INFO] Skipped 298: too short
2026-04-02 14:57:40,336 [INFO] Skipped 297: too short
2026-04-02 14:57:40,587 [INFO] Skipped 300: too short
2026-04-02 14:57:40,754 [INFO] Skipped 296: too short
2026-04-02 14:57:40,861 [INFO] Skipped 295: too short
2026-04-02 14:57:40,978 [INFO] Skipped 294: too short
2026-04-02 14:57:41,119 [INFO] Skipped 293: too short
2026-04-02 14:57:41,338 [INFO] Skipped 292: too short
2026-04-02 14:57:43,386 [INFO] Skipped 291: not an opportunity
2026-04-02 14:57:43,603 [INFO] Skipped 324: too short
2026-04-02 14:57:43,848 [INFO] Skipped 301: too short
2026-04-02 14:58:03,460 [INFO] Processing 50 items...
2026-04-02 14:58:04,284 [INFO] Skipped 303: no actionable signal (no URL, phone, email, or handle)
2026-04-02 14:58:04,430 [INFO] Skipped 340: too short
2026-04-02 14:58:04,552 [INFO] Skipped 302: no actionable signal (no URL, phone, email, or handle)
2026-04-02 14:58:04,724 [INFO] Skipped 320: too short
2026-04-02 14:58:04,929 [INFO] Skipped 318: too short
2026-04-02 14:58:05,055 [INFO] Skipped 305: too short
2026-04-02 14:58:05,348 [INFO] Skipped 306: too short
2026-04-02 14:58:05,566 [INFO] Skipped 307: too short
2026-04-02 14:58:05,704 [INFO] Skipped 310: too short
2026-04-02 14:58:05,841 [INFO] Skipped 309: too short
2026-04-02 14:58:05,986 [INFO] Skipped 319: too short
2026-04-02 14:58:06,113 [INFO] Skipped 311: too short
2026-04-02 14:59:32,733 [ERROR] Failed 312: AI returned no result
Traceback (most recent call last):
  File "C:\KIT - Software Engineering\Year 3\IC Internship\SOF\student-opportunity-finder\tools\scraper\cleaner.py", line 588, in process_queue
    raise ValueError("AI returned no result")
ValueError: AI returned no result
2026-04-02 14:59:34,244 [INFO] Skipped 313: too short
2026-04-02 14:59:34,412 [INFO] Skipped 314: too short
2026-04-02 14:59:34,670 [INFO] Skipped 315: too short
2026-04-02 14:59:34,829 [INFO] Skipped 316: too short
2026-04-02 14:59:34,968 [INFO] Skipped 317: too short
2026-04-02 14:59:35,109 [INFO] Skipped 308: too short
2026-04-02 14:59:35,320 [INFO] Skipped 323: too short
2026-04-02 14:59:35,519 [INFO] Skipped 322: too short
2026-04-02 15:00:07,792 [INFO] Processing 50 items...
2026-04-02 15:00:09,762 [INFO] Skipped 333: too short
2026-04-02 15:00:10,175 [INFO] Skipped 329: too short
2026-04-02 15:00:11,375 [INFO] Skipped 326: too short
2026-04-02 15:00:12,089 [INFO] Skipped 334: too short
2026-04-02 15:00:12,574 [INFO] Skipped 335: too short
2026-04-02 15:00:13,403 [INFO] Skipped 337: too short
2026-04-02 15:00:13,988 [INFO] Skipped 330: too short
2026-04-02 15:00:14,565 [INFO] Skipped 338: too short
2026-04-02 15:00:15,236 [INFO] Skipped 336: too short
2026-04-02 15:00:15,519 [INFO] Skipped 327: too short
2026-04-02 15:02:10,916 [WARNING] Skipped 321: Gemini Vision could not read image
2026-04-02 15:02:11,145 [INFO] Skipped 331: too short
2026-04-02 15:02:11,393 [INFO] Skipped 325: too short
2026-04-02 15:02:11,653 [INFO] Skipped 328: too short
2026-04-02 15:02:11,907 [INFO] Skipped 304: too short
2026-04-02 15:02:12,197 [INFO] Skipped 332: too short
2026-04-02 15:02:12,446 [INFO] Skipped 339: too short
2026-04-02 15:02:12,691 [INFO] Skipped 351: too short
2026-04-02 15:02:15,493 [INFO] Processed: 350 | image=no
2026-04-02 15:02:15,627 [INFO] Skipped 349: too short
2026-04-02 15:02:15,745 [INFO] Skipped 347: too short
2026-04-02 15:02:15,927 [INFO] Skipped 345: too short
2026-04-02 15:02:16,048 [INFO] Skipped 346: too short
2026-04-02 15:02:16,166 [INFO] Skipped 363: too short
2026-04-02 15:02:16,295 [INFO] Skipped 344: too short
2026-04-02 15:02:16,409 [INFO] Skipped 348: too short
2026-04-02 15:02:16,527 [INFO] Skipped 343: too short
2026-04-02 15:02:16,644 [INFO] Skipped 342: no actionable signal (no URL, phone, email, or handle)
2026-04-02 15:02:16,758 [INFO] Skipped 362: too short
2026-04-02 15:02:16,871 [INFO] Skipped 352: too short
2026-04-02 15:02:16,994 [INFO] Skipped 361: too short
2026-04-02 15:02:17,244 [INFO] Skipped 341: too short
2026-04-02 15:02:17,366 [INFO] Skipped 359: too short
2026-04-02 15:02:17,485 [INFO] Skipped 358: too short
2026-04-02 15:02:17,648 [INFO] Skipped 357: too short
2026-04-02 15:02:17,748 [INFO] Skipped 356: too short
2026-04-02 15:02:17,847 [INFO] Skipped 355: too short
2026-04-02 15:02:17,975 [INFO] Skipped 360: no actionable signal (no URL, phone, email, or handle)
2026-04-02 15:02:21,358 [ERROR] Failed 354: {'message': 'new row for relation "opportunities" violates check constraint "opportunities_language_check"', 'code': '23514', 'hint': None, 'details': 'Failing row contains (3278bc39-ae30-46bd-8eff-d89aa9808afd, 354, Final Round Examination Program, កម្មវិធីប្រឡងវគ្គផ្តា..., other, 2026-04-01, $20, Cam-ASEAN Foreign Language School (Boeung Kak Branch), https://forms.gle/NzKZTeGUpnqXQhr86, N/A, {education,competition}, This program is a final round examination for an unspecified com..., កម្មវិធីនេះគឺជាការប្រ..., kh, Romduol Scholars Challenge, telegram, 0.9, pending_review, 2026-04-02 08:02:21.678131+00, 2026-04-02 08:02:21.678131+00, null, N/A, {open_to_all}, Cam-ASEAN Foreign Language School, onsite, f, 2026-05-02, 2026-05-03).'}
Traceback (most recent call last):
  File "C:\KIT - Software Engineering\Year 3\IC Internship\SOF\student-opportunity-finder\tools\scraper\cleaner.py", line 641, in process_queue
    supabase.table("opportunities").insert(record).execute()
    ~~~~~~~~~~~~~~~~~~~~~~~~~~~~~~~~~~~~~~~~~~~~~~~~~~~~~~^^
  File "C:\KIT - Software Engineering\Year 3\IC Internship\SOF\student-opportunity-finder\tools\scraper\venv\Lib\site-packages\postgrest\_sync\request_builder.py", line 53, in execute
    raise APIError(dict(json_obj))
postgrest.exceptions.APIError: {'message': 'new row for relation "opportunities" violates check constraint "opportunities_language_check"', 'code': '23514', 'hint': None, 'details': 'Failing row contains (3278bc39-ae30-46bd-8eff-d89aa9808afd, 354, Final Round Examination Program, កម្មវិធីប្រឡងវគ្គផ្តា..., other, 2026-04-01, $20, Cam-ASEAN Foreign Language School (Boeung Kak Branch), https://forms.gle/NzKZTeGUpnqXQhr86, N/A, {education,competition}, This program is a final round examination for an unspecified com..., កម្មវិធីនេះគឺជាការប្រ..., kh, Romduol Scholars Challenge, telegram, 0.9, pending_review, 2026-04-02 08:02:21.678131+00, 2026-04-02 08:02:21.678131+00, null, N/A, {open_to_all}, Cam-ASEAN Foreign Language School, onsite, f, 2026-05-02, 2026-05-03).'}
2026-04-02 15:02:21,620 [INFO] Skipped 353: no actionable signal (no URL, phone, email, or handle)
2026-04-02 15:02:24,955 [INFO] Skipped 372: not an opportunity
2026-04-02 15:02:27,769 [INFO] Skipped 368: not an opportunity
2026-04-02 15:02:30,597 [INFO] Skipped 364: not an opportunity
2026-04-02 15:02:33,349 [INFO] Skipped 373: not an opportunity
2026-04-02 15:02:36,176 [INFO] Skipped 366: not an opportunity
2026-04-02 15:02:38,870 [INFO] Skipped 367: not an opportunity
2026-04-02 15:02:41,641 [INFO] Skipped 365: not an opportunity
2026-04-02 15:02:44,471 [INFO] Skipped 370: not an opportunity
2026-04-02 15:02:47,428 [INFO] Skipped 371: not an opportunity
2026-04-02 15:02:50,275 [INFO] Skipped 369: not an opportunity
2026-04-02 15:09:41,510 [INFO] Processing 200 items...
2026-04-02 15:09:45,750 [INFO] Skipped 381: no actionable signal (no URL, phone, email, or handle)
2026-04-02 15:09:46,008 [INFO] Skipped 382: no actionable signal (no URL, phone, email, or handle)
2026-04-02 15:09:46,248 [INFO] Skipped 383: no actionable signal (no URL, phone, email, or handle)
2026-04-02 15:09:46,498 [INFO] Skipped 380: no actionable signal (no URL, phone, email, or handle)
2026-04-02 15:09:46,592 [INFO] Skipped 378: no actionable signal (no URL, phone, email, or handle)
2026-04-02 15:09:46,702 [INFO] Skipped 374: no actionable signal (no URL, phone, email, or handle)
2026-04-02 15:09:46,800 [INFO] Skipped 375: no actionable signal (no URL, phone, email, or handle)
2026-04-02 15:09:46,961 [INFO] Skipped 376: no actionable signal (no URL, phone, email, or handle)
2026-04-02 15:09:47,110 [INFO] Skipped 379: no actionable signal (no URL, phone, email, or handle)
2026-04-02 15:09:47,209 [INFO] Skipped 377: no actionable signal (no URL, phone, email, or handle)
2026-04-02 15:10:33,040 [INFO] Image kept original: 150KB (compression would increase size)
2026-04-02 15:10:38,045 [INFO] Processed: 385 | image=yes
2026-04-02 15:10:44,136 [INFO] Image kept original: 116KB (compression would increase size)
2026-04-02 15:10:45,685 [INFO] Duplicate skipped: 384 matches existing 833714c5-31b6-4dcf-bebc-48b07f1f75a7
2026-04-02 15:10:49,582 [ERROR] Failed 393: 400 INVALID_ARGUMENT. {'error': {'code': 400, 'message': 'API key expired. Please renew the API key.', 'status': 'INVALID_ARGUMENT', 'details': [{'@type': 'type.googleapis.com/google.rpc.ErrorInfo', 'reason': 'API_KEY_INVALID', 'domain': 'googleapis.com', 'metadata': {'service': 'generativelanguage.googleapis.com'}}, {'@type': 'type.googleapis.com/google.rpc.LocalizedMessage', 'locale': 'en-US', 'message': 'API key expired. Please renew the API key.'}]}}
Traceback (most recent call last):
  File "C:\KIT - Software Engineering\Year 3\IC Internship\SOF\student-opportunity-finder\tools\scraper\cleaner.py", line 537, in process_queue
    ai_result = await asyncio.to_thread(call_gemini_vision, image_bytes)
                ^^^^^^^^^^^^^^^^^^^^^^^^^^^^^^^^^^^^^^^^^^^^^^^^^^^^^^^^
  File "C:\Users\rasyy\AppData\Local\Python\pythoncore-3.14-64\Lib\asyncio\threads.py", line 25, in to_thread
    return await loop.run_in_executor(None, func_call)
           ^^^^^^^^^^^^^^^^^^^^^^^^^^^^^^^^^^^^^^^^^^^
  File "C:\Users\rasyy\AppData\Local\Python\pythoncore-3.14-64\Lib\concurrent\futures\thread.py", line 86, in run
    result = ctx.run(self.task)
  File "C:\Users\rasyy\AppData\Local\Python\pythoncore-3.14-64\Lib\concurrent\futures\thread.py", line 73, in run
    return fn(*args, **kwargs)
  File "C:\KIT - Software Engineering\Year 3\IC Internship\SOF\student-opportunity-finder\tools\scraper\venv\Lib\site-packages\tenacity\__init__.py", line 331, in wrapped_f
    return copy(f, *args, **kw)
  File "C:\KIT - Software Engineering\Year 3\IC Internship\SOF\student-opportunity-finder\tools\scraper\venv\Lib\site-packages\tenacity\__init__.py", line 470, in __call__
    do = self.iter(retry_state=retry_state)
  File "C:\KIT - Software Engineering\Year 3\IC Internship\SOF\student-opportunity-finder\tools\scraper\venv\Lib\site-packages\tenacity\__init__.py", line 371, in iter
    result = action(retry_state)
  File "C:\KIT - Software Engineering\Year 3\IC Internship\SOF\student-opportunity-finder\tools\scraper\venv\Lib\site-packages\tenacity\__init__.py", line 393, in <lambda>
    self._add_action_func(lambda rs: rs.outcome.result())
                                     ~~~~~~~~~~~~~~~~~^^
  File "C:\Users\rasyy\AppData\Local\Python\pythoncore-3.14-64\Lib\concurrent\futures\_base.py", line 443, in result
    return self.__get_result()
           ~~~~~~~~~~~~~~~~~^^
  File "C:\Users\rasyy\AppData\Local\Python\pythoncore-3.14-64\Lib\concurrent\futures\_base.py", line 395, in __get_result
    raise self._exception
  File "C:\KIT - Software Engineering\Year 3\IC Internship\SOF\student-opportunity-finder\tools\scraper\venv\Lib\site-packages\tenacity\__init__.py", line 473, in __call__
    result = fn(*args, **kwargs)
  File "C:\KIT - Software Engineering\Year 3\IC Internship\SOF\student-opportunity-finder\tools\scraper\cleaner.py", line 289, in call_gemini_vision
    response = gemini.models.generate_content(
        model="gemini-2.5-flash-lite",
    ...<9 lines>...
        )
    )
  File "C:\KIT - Software Engineering\Year 3\IC Internship\SOF\student-opportunity-finder\tools\scraper\venv\Lib\site-packages\google\genai\models.py", line 5709, in generate_content
    response = self._generate_content(
        model=model, contents=contents, config=parsed_config
    )
  File "C:\KIT - Software Engineering\Year 3\IC Internship\SOF\student-opportunity-finder\tools\scraper\venv\Lib\site-packages\google\genai\models.py", line 4371, in _generate_content
    response = self._api_client.request(
        'post', path, request_dict, http_options
    )
  File "C:\KIT - Software Engineering\Year 3\IC Internship\SOF\student-opportunity-finder\tools\scraper\venv\Lib\site-packages\google\genai\_api_client.py", line 1401, in request
    response = self._request(http_request, http_options, stream=False)
  File "C:\KIT - Software Engineering\Year 3\IC Internship\SOF\student-opportunity-finder\tools\scraper\venv\Lib\site-packages\google\genai\_api_client.py", line 1237, in _request
    return self._retry(self._request_once, http_request, stream)  # type: ignore[no-any-return]
           ~~~~~~~~~~~^^^^^^^^^^^^^^^^^^^^^^^^^^^^^^^^^^^^^^^^^^
  File "C:\KIT - Software Engineering\Year 3\IC Internship\SOF\student-opportunity-finder\tools\scraper\venv\Lib\site-packages\tenacity\__init__.py", line 470, in __call__
    do = self.iter(retry_state=retry_state)
  File "C:\KIT - Software Engineering\Year 3\IC Internship\SOF\student-opportunity-finder\tools\scraper\venv\Lib\site-packages\tenacity\__init__.py", line 371, in iter
    result = action(retry_state)
  File "C:\KIT - Software Engineering\Year 3\IC Internship\SOF\student-opportunity-finder\tools\scraper\venv\Lib\site-packages\tenacity\__init__.py", line 413, in exc_check
    raise retry_exc.reraise()
          ~~~~~~~~~~~~~~~~~^^
  File "C:\KIT - Software Engineering\Year 3\IC Internship\SOF\student-opportunity-finder\tools\scraper\venv\Lib\site-packages\tenacity\__init__.py", line 184, in reraise
    raise self.last_attempt.result()
          ~~~~~~~~~~~~~~~~~~~~~~~~^^
  File "C:\Users\rasyy\AppData\Local\Python\pythoncore-3.14-64\Lib\concurrent\futures\_base.py", line 443, in result
    return self.__get_result()
           ~~~~~~~~~~~~~~~~~^^
  File "C:\Users\rasyy\AppData\Local\Python\pythoncore-3.14-64\Lib\concurrent\futures\_base.py", line 395, in __get_result
    raise self._exception
  File "C:\KIT - Software Engineering\Year 3\IC Internship\SOF\student-opportunity-finder\tools\scraper\venv\Lib\site-packages\tenacity\__init__.py", line 473, in __call__
    result = fn(*args, **kwargs)
  File "C:\KIT - Software Engineering\Year 3\IC Internship\SOF\student-opportunity-finder\tools\scraper\venv\Lib\site-packages\google\genai\_api_client.py", line 1214, in _request_once
    errors.APIError.raise_for_response(response)
    ~~~~~~~~~~~~~~~~~~~~~~~~~~~~~~~~~~^^^^^^^^^^
  File "C:\KIT - Software Engineering\Year 3\IC Internship\SOF\student-opportunity-finder\tools\scraper\venv\Lib\site-packages\google\genai\errors.py", line 134, in raise_for_response
    cls.raise_error(response.status_code, response_json, response)
    ~~~~~~~~~~~~~~~^^^^^^^^^^^^^^^^^^^^^^^^^^^^^^^^^^^^^^^^^^^^^^^
  File "C:\KIT - Software Engineering\Year 3\IC Internship\SOF\student-opportunity-finder\tools\scraper\venv\Lib\site-packages\google\genai\errors.py", line 159, in raise_error
    raise ClientError(status_code, response_json, response)
google.genai.errors.ClientError: 400 INVALID_ARGUMENT. {'error': {'code': 400, 'message': 'API key expired. Please renew the API key.', 'status': 'INVALID_ARGUMENT', 'details': [{'@type': 'type.googleapis.com/google.rpc.ErrorInfo', 'reason': 'API_KEY_INVALID', 'domain': 'googleapis.com', 'metadata': {'service': 'generativelanguage.googleapis.com'}}, {'@type': 'type.googleapis.com/google.rpc.LocalizedMessage', 'locale': 'en-US', 'message': 'API key expired. Please renew the API key.'}]}}
2026-04-02 15:11:17,012 [INFO] Skipped 397: not an opportunity (OCR)
2026-04-02 15:11:33,975 [INFO] Skipped 388: not an opportunity (OCR)
2026-04-02 15:11:54,246 [INFO] Skipped 396: not an opportunity (OCR)
2026-04-02 15:12:09,553 [ERROR] Failed 398: 503 UNAVAILABLE. {'error': {'code': 503, 'message': 'This model is currently experiencing high demand. Spikes in demand are usually temporary. Please try again later.', 'status': 'UNAVAILABLE'}}
Traceback (most recent call last):
  File "C:\KIT - Software Engineering\Year 3\IC Internship\SOF\student-opportunity-finder\tools\scraper\cleaner.py", line 537, in process_queue
    ai_result = await asyncio.to_thread(call_gemini_vision, image_bytes)
                ^^^^^^^^^^^^^^^^^^^^^^^^^^^^^^^^^^^^^^^^^^^^^^^^^^^^^^^^
  File "C:\Users\rasyy\AppData\Local\Python\pythoncore-3.14-64\Lib\asyncio\threads.py", line 25, in to_thread
    return await loop.run_in_executor(None, func_call)
           ^^^^^^^^^^^^^^^^^^^^^^^^^^^^^^^^^^^^^^^^^^^
  File "C:\Users\rasyy\AppData\Local\Python\pythoncore-3.14-64\Lib\concurrent\futures\thread.py", line 86, in run
    result = ctx.run(self.task)
  File "C:\Users\rasyy\AppData\Local\Python\pythoncore-3.14-64\Lib\concurrent\futures\thread.py", line 73, in run
    return fn(*args, **kwargs)
  File "C:\KIT - Software Engineering\Year 3\IC Internship\SOF\student-opportunity-finder\tools\scraper\venv\Lib\site-packages\tenacity\__init__.py", line 331, in wrapped_f
    return copy(f, *args, **kw)
  File "C:\KIT - Software Engineering\Year 3\IC Internship\SOF\student-opportunity-finder\tools\scraper\venv\Lib\site-packages\tenacity\__init__.py", line 470, in __call__
    do = self.iter(retry_state=retry_state)
  File "C:\KIT - Software Engineering\Year 3\IC Internship\SOF\student-opportunity-finder\tools\scraper\venv\Lib\site-packages\tenacity\__init__.py", line 371, in iter
    result = action(retry_state)
  File "C:\KIT - Software Engineering\Year 3\IC Internship\SOF\student-opportunity-finder\tools\scraper\venv\Lib\site-packages\tenacity\__init__.py", line 393, in <lambda>
    self._add_action_func(lambda rs: rs.outcome.result())
                                     ~~~~~~~~~~~~~~~~~^^
  File "C:\Users\rasyy\AppData\Local\Python\pythoncore-3.14-64\Lib\concurrent\futures\_base.py", line 443, in result
    return self.__get_result()
           ~~~~~~~~~~~~~~~~~^^
  File "C:\Users\rasyy\AppData\Local\Python\pythoncore-3.14-64\Lib\concurrent\futures\_base.py", line 395, in __get_result
    raise self._exception
  File "C:\KIT - Software Engineering\Year 3\IC Internship\SOF\student-opportunity-finder\tools\scraper\venv\Lib\site-packages\tenacity\__init__.py", line 473, in __call__
    result = fn(*args, **kwargs)
  File "C:\KIT - Software Engineering\Year 3\IC Internship\SOF\student-opportunity-finder\tools\scraper\cleaner.py", line 289, in call_gemini_vision
    response = gemini.models.generate_content(
        model="gemini-2.5-flash-lite",
    ...<9 lines>...
        )
    )
  File "C:\KIT - Software Engineering\Year 3\IC Internship\SOF\student-opportunity-finder\tools\scraper\venv\Lib\site-packages\google\genai\models.py", line 5709, in generate_content
    response = self._generate_content(
        model=model, contents=contents, config=parsed_config
    )
  File "C:\KIT - Software Engineering\Year 3\IC Internship\SOF\student-opportunity-finder\tools\scraper\venv\Lib\site-packages\google\genai\models.py", line 4371, in _generate_content
    response = self._api_client.request(
        'post', path, request_dict, http_options
    )
  File "C:\KIT - Software Engineering\Year 3\IC Internship\SOF\student-opportunity-finder\tools\scraper\venv\Lib\site-packages\google\genai\_api_client.py", line 1401, in request
    response = self._request(http_request, http_options, stream=False)
  File "C:\KIT - Software Engineering\Year 3\IC Internship\SOF\student-opportunity-finder\tools\scraper\venv\Lib\site-packages\google\genai\_api_client.py", line 1237, in _request
    return self._retry(self._request_once, http_request, stream)  # type: ignore[no-any-return]
           ~~~~~~~~~~~^^^^^^^^^^^^^^^^^^^^^^^^^^^^^^^^^^^^^^^^^^
  File "C:\KIT - Software Engineering\Year 3\IC Internship\SOF\student-opportunity-finder\tools\scraper\venv\Lib\site-packages\tenacity\__init__.py", line 470, in __call__
    do = self.iter(retry_state=retry_state)
  File "C:\KIT - Software Engineering\Year 3\IC Internship\SOF\student-opportunity-finder\tools\scraper\venv\Lib\site-packages\tenacity\__init__.py", line 371, in iter
    result = action(retry_state)
  File "C:\KIT - Software Engineering\Year 3\IC Internship\SOF\student-opportunity-finder\tools\scraper\venv\Lib\site-packages\tenacity\__init__.py", line 413, in exc_check
    raise retry_exc.reraise()
          ~~~~~~~~~~~~~~~~~^^
  File "C:\KIT - Software Engineering\Year 3\IC Internship\SOF\student-opportunity-finder\tools\scraper\venv\Lib\site-packages\tenacity\__init__.py", line 184, in reraise
    raise self.last_attempt.result()
          ~~~~~~~~~~~~~~~~~~~~~~~~^^
  File "C:\Users\rasyy\AppData\Local\Python\pythoncore-3.14-64\Lib\concurrent\futures\_base.py", line 443, in result
    return self.__get_result()
           ~~~~~~~~~~~~~~~~~^^
  File "C:\Users\rasyy\AppData\Local\Python\pythoncore-3.14-64\Lib\concurrent\futures\_base.py", line 395, in __get_result
    raise self._exception
  File "C:\KIT - Software Engineering\Year 3\IC Internship\SOF\student-opportunity-finder\tools\scraper\venv\Lib\site-packages\tenacity\__init__.py", line 473, in __call__
    result = fn(*args, **kwargs)
  File "C:\KIT - Software Engineering\Year 3\IC Internship\SOF\student-opportunity-finder\tools\scraper\venv\Lib\site-packages\google\genai\_api_client.py", line 1214, in _request_once
    errors.APIError.raise_for_response(response)
    ~~~~~~~~~~~~~~~~~~~~~~~~~~~~~~~~~~^^^^^^^^^^
  File "C:\KIT - Software Engineering\Year 3\IC Internship\SOF\student-opportunity-finder\tools\scraper\venv\Lib\site-packages\google\genai\errors.py", line 134, in raise_for_response
    cls.raise_error(response.status_code, response_json, response)
    ~~~~~~~~~~~~~~~^^^^^^^^^^^^^^^^^^^^^^^^^^^^^^^^^^^^^^^^^^^^^^^
  File "C:\KIT - Software Engineering\Year 3\IC Internship\SOF\student-opportunity-finder\tools\scraper\venv\Lib\site-packages\google\genai\errors.py", line 161, in raise_error
    raise ServerError(status_code, response_json, response)
google.genai.errors.ServerError: 503 UNAVAILABLE. {'error': {'code': 503, 'message': 'This model is currently experiencing high demand. Spikes in demand are usually temporary. Please try again later.', 'status': 'UNAVAILABLE'}}
2026-04-02 15:19:22,489 [INFO] Processing 50 items...
2026-04-02 15:19:23,113 [INFO] Skipped 386: no actionable signal (no URL, phone, email, or handle)
2026-04-02 15:19:27,707 [INFO] Processed: 399 | image=no
2026-04-02 15:19:32,218 [INFO] Skipped 395: not an opportunity (OCR)
2026-04-02 15:19:37,932 [INFO] Skipped 400: not an opportunity (OCR)
2026-04-02 15:19:44,016 [INFO] Skipped 392: not an opportunity (OCR)
2026-04-02 15:19:49,189 [INFO] Image kept original: 106KB (compression would increase size)
2026-04-02 15:19:53,167 [INFO] Processed: 404 | image=yes
2026-04-02 15:19:57,756 [INFO] Image kept original: 169KB (compression would increase size)
2026-04-02 15:19:59,173 [INFO] Processed: 401 | image=yes
2026-04-02 15:20:05,442 [INFO] Image kept original: 162KB (compression would increase size)
2026-04-02 15:20:06,775 [INFO] Processed: 402 | image=yes
2026-04-02 15:20:11,067 [INFO] Skipped 394: not an opportunity (OCR)
2026-04-02 15:20:16,494 [INFO] Skipped 390: not an opportunity (OCR)
2026-04-02 15:20:24,036 [INFO] Image kept original: 113KB (compression would increase size)
2026-04-02 15:20:25,292 [INFO] Processed: 403 | image=yes
2026-04-02 15:20:30,434 [INFO] Skipped 389: not an opportunity (OCR)
2026-04-02 15:20:34,707 [INFO] Skipped 391: not an opportunity (OCR)
2026-04-02 15:20:38,625 [INFO] Image kept original: 207KB (compression would increase size)
2026-04-02 15:20:40,936 [INFO] Updated deadline for existing opportunity 9ef8d337-1b64-4254-85a7-f37ba69a2bd5 -> 2026-02-28
2026-04-02 15:20:44,419 [INFO] Skipped 387: not an opportunity (OCR)
2026-04-02 15:20:44,613 [INFO] Skipped 406: too short
2026-04-02 15:20:48,897 [INFO] Image kept original: 113KB (compression would increase size)
2026-04-02 15:20:50,383 [INFO] Processed: 407 | image=yes
2026-04-02 15:20:55,972 [INFO] Image kept original: 79KB (compression would increase size)
2026-04-02 15:20:57,204 [INFO] Processed: 426 | image=yes
2026-04-02 15:21:03,633 [INFO] Skipped 427: not an opportunity (OCR)
2026-04-02 15:21:07,474 [INFO] Skipped 421: not an opportunity (OCR)
2026-04-02 15:21:08,017 [INFO] Skipped 413: no actionable signal (no URL, phone, email, or handle)
2026-04-02 15:21:14,132 [INFO] Skipped 424: not an opportunity (OCR)
2026-04-02 15:21:17,143 [INFO] Updated deadline for existing opportunity d6ab379d-cc6d-4ddc-848a-e66b53272d67 -> 2026-03-27
2026-04-02 15:21:17,376 [INFO] Skipped 416: no actionable signal (no URL, phone, email, or handle)
2026-04-02 15:21:19,824 [INFO] Image compressed: 219KB -> 206KB
2026-04-02 15:21:21,479 [ERROR] Failed 410: {'message': 'new row for relation "opportunities" violates check constraint "opportunities_language_check"', 'code': '23514', 'hint': None, 'details': 'Failing row contains (ca8fa0cd-67c9-4251-a886-2ad192ae2e45, 410, Macquarie University Consultation Program and Giveaway, កម្មវិធីប្រឹក្សាយោបល់..., event, 2026-03-26, Free, In-person prize collection, https://forms.gle/1sjwGuzQGrt7Zgq27), info@eevs.com.kh, {event,consultation,"study abroad"}, This post announces a consultation program with Macquarie Univer..., ប្រកាសនេះប្រកាសពីកម្ម..., kh, Expert Education & Visa Services Cambodia, telegram, 0.9, pending_review, 2026-04-02 08:21:21.79707+00, 2026-04-02 08:21:21.79707+00, https://tomzxkwrtmktcdjkzuqz.supabase.co/storage/v1/object/publi..., Open to those who can answer the question about the Macquarie Un..., {youth,cambodians_only}, Macquarie University, unknown, t, 2026-03-26, 2026-03-26).'}
Traceback (most recent call last):
  File "C:\KIT - Software Engineering\Year 3\IC Internship\SOF\student-opportunity-finder\tools\scraper\cleaner.py", line 641, in process_queue
    supabase.table("opportunities").insert(record).execute()
    ~~~~~~~~~~~~~~~~~~~~~~~~~~~~~~~~~~~~~~~~~~~~~~~~~~~~~~^^
  File "C:\KIT - Software Engineering\Year 3\IC Internship\SOF\student-opportunity-finder\tools\scraper\venv\Lib\site-packages\postgrest\_sync\request_builder.py", line 53, in execute
    raise APIError(dict(json_obj))
postgrest.exceptions.APIError: {'message': 'new row for relation "opportunities" violates check constraint "opportunities_language_check"', 'code': '23514', 'hint': None, 'details': 'Failing row contains (ca8fa0cd-67c9-4251-a886-2ad192ae2e45, 410, Macquarie University Consultation Program and Giveaway, កម្មវិធីប្រឹក្សាយោបល់..., event, 2026-03-26, Free, In-person prize collection, https://forms.gle/1sjwGuzQGrt7Zgq27), info@eevs.com.kh, {event,consultation,"study abroad"}, This post announces a consultation program with Macquarie Univer..., ប្រកាសនេះប្រកាសពីកម្ម..., kh, Expert Education & Visa Services Cambodia, telegram, 0.9, pending_review, 2026-04-02 08:21:21.79707+00, 2026-04-02 08:21:21.79707+00, https://tomzxkwrtmktcdjkzuqz.supabase.co/storage/v1/object/publi..., Open to those who can answer the question about the Macquarie Un..., {youth,cambodians_only}, Macquarie University, unknown, t, 2026-03-26, 2026-03-26).'}
2026-04-02 15:21:21,951 [INFO] Skipped 418: no actionable signal (no URL, phone, email, or handle)
2026-04-02 15:21:22,152 [INFO] Skipped 429: no actionable signal (no URL, phone, email, or handle)
2026-04-02 15:21:22,295 [INFO] Skipped 417: no actionable signal (no URL, phone, email, or handle)
2026-04-02 15:21:26,049 [INFO] Image compressed: 234KB -> 221KB
2026-04-02 15:21:27,358 [INFO] Duplicate skipped: 408 matches existing b0d0bfeb-9020-4e54-8ede-6e6822ddf39b
2026-04-02 15:21:27,621 [INFO] Skipped 430: no actionable signal (no URL, phone, email, or handle)
2026-04-02 15:21:27,720 [INFO] Skipped 428: no actionable signal (no URL, phone, email, or handle)
2026-04-02 15:21:27,823 [INFO] Skipped 412: no actionable signal (no URL, phone, email, or handle)
2026-04-02 15:21:35,206 [INFO] Skipped 423: not an opportunity (OCR)
2026-04-02 15:21:35,301 [INFO] Skipped 420: no actionable signal (no URL, phone, email, or handle)
2026-04-02 15:21:35,411 [INFO] Skipped 414: no actionable signal (no URL, phone, email, or handle)
2026-04-02 15:21:39,366 [ERROR] Failed 425: 503 UNAVAILABLE. {'error': {'code': 503, 'message': 'This model is currently experiencing high demand. Spikes in demand are usually temporary. Please try again later.', 'status': 'UNAVAILABLE'}}
Traceback (most recent call last):
  File "C:\KIT - Software Engineering\Year 3\IC Internship\SOF\student-opportunity-finder\tools\scraper\cleaner.py", line 537, in process_queue
    ai_result = await asyncio.to_thread(call_gemini_vision, image_bytes)
                ^^^^^^^^^^^^^^^^^^^^^^^^^^^^^^^^^^^^^^^^^^^^^^^^^^^^^^^^
  File "C:\Users\rasyy\AppData\Local\Python\pythoncore-3.14-64\Lib\asyncio\threads.py", line 25, in to_thread
    return await loop.run_in_executor(None, func_call)
           ^^^^^^^^^^^^^^^^^^^^^^^^^^^^^^^^^^^^^^^^^^^
  File "C:\Users\rasyy\AppData\Local\Python\pythoncore-3.14-64\Lib\concurrent\futures\thread.py", line 86, in run
    result = ctx.run(self.task)
  File "C:\Users\rasyy\AppData\Local\Python\pythoncore-3.14-64\Lib\concurrent\futures\thread.py", line 73, in run
    return fn(*args, **kwargs)
  File "C:\KIT - Software Engineering\Year 3\IC Internship\SOF\student-opportunity-finder\tools\scraper\venv\Lib\site-packages\tenacity\__init__.py", line 331, in wrapped_f
    return copy(f, *args, **kw)
  File "C:\KIT - Software Engineering\Year 3\IC Internship\SOF\student-opportunity-finder\tools\scraper\venv\Lib\site-packages\tenacity\__init__.py", line 470, in __call__
    do = self.iter(retry_state=retry_state)
  File "C:\KIT - Software Engineering\Year 3\IC Internship\SOF\student-opportunity-finder\tools\scraper\venv\Lib\site-packages\tenacity\__init__.py", line 371, in iter
    result = action(retry_state)
  File "C:\KIT - Software Engineering\Year 3\IC Internship\SOF\student-opportunity-finder\tools\scraper\venv\Lib\site-packages\tenacity\__init__.py", line 393, in <lambda>
    self._add_action_func(lambda rs: rs.outcome.result())
                                     ~~~~~~~~~~~~~~~~~^^
  File "C:\Users\rasyy\AppData\Local\Python\pythoncore-3.14-64\Lib\concurrent\futures\_base.py", line 443, in result
    return self.__get_result()
           ~~~~~~~~~~~~~~~~~^^
  File "C:\Users\rasyy\AppData\Local\Python\pythoncore-3.14-64\Lib\concurrent\futures\_base.py", line 395, in __get_result
    raise self._exception
  File "C:\KIT - Software Engineering\Year 3\IC Internship\SOF\student-opportunity-finder\tools\scraper\venv\Lib\site-packages\tenacity\__init__.py", line 473, in __call__
    result = fn(*args, **kwargs)
  File "C:\KIT - Software Engineering\Year 3\IC Internship\SOF\student-opportunity-finder\tools\scraper\cleaner.py", line 289, in call_gemini_vision
    response = gemini.models.generate_content(
        model="gemini-2.5-flash-lite",
    ...<9 lines>...
        )
    )
  File "C:\KIT - Software Engineering\Year 3\IC Internship\SOF\student-opportunity-finder\tools\scraper\venv\Lib\site-packages\google\genai\models.py", line 5709, in generate_content
    response = self._generate_content(
        model=model, contents=contents, config=parsed_config
    )
  File "C:\KIT - Software Engineering\Year 3\IC Internship\SOF\student-opportunity-finder\tools\scraper\venv\Lib\site-packages\google\genai\models.py", line 4371, in _generate_content
    response = self._api_client.request(
        'post', path, request_dict, http_options
    )
  File "C:\KIT - Software Engineering\Year 3\IC Internship\SOF\student-opportunity-finder\tools\scraper\venv\Lib\site-packages\google\genai\_api_client.py", line 1401, in request
    response = self._request(http_request, http_options, stream=False)
  File "C:\KIT - Software Engineering\Year 3\IC Internship\SOF\student-opportunity-finder\tools\scraper\venv\Lib\site-packages\google\genai\_api_client.py", line 1237, in _request
    return self._retry(self._request_once, http_request, stream)  # type: ignore[no-any-return]
           ~~~~~~~~~~~^^^^^^^^^^^^^^^^^^^^^^^^^^^^^^^^^^^^^^^^^^
  File "C:\KIT - Software Engineering\Year 3\IC Internship\SOF\student-opportunity-finder\tools\scraper\venv\Lib\site-packages\tenacity\__init__.py", line 470, in __call__
    do = self.iter(retry_state=retry_state)
  File "C:\KIT - Software Engineering\Year 3\IC Internship\SOF\student-opportunity-finder\tools\scraper\venv\Lib\site-packages\tenacity\__init__.py", line 371, in iter
    result = action(retry_state)
  File "C:\KIT - Software Engineering\Year 3\IC Internship\SOF\student-opportunity-finder\tools\scraper\venv\Lib\site-packages\tenacity\__init__.py", line 413, in exc_check
    raise retry_exc.reraise()
          ~~~~~~~~~~~~~~~~~^^
  File "C:\KIT - Software Engineering\Year 3\IC Internship\SOF\student-opportunity-finder\tools\scraper\venv\Lib\site-packages\tenacity\__init__.py", line 184, in reraise
    raise self.last_attempt.result()
          ~~~~~~~~~~~~~~~~~~~~~~~~^^
  File "C:\Users\rasyy\AppData\Local\Python\pythoncore-3.14-64\Lib\concurrent\futures\_base.py", line 443, in result
    return self.__get_result()
           ~~~~~~~~~~~~~~~~~^^
  File "C:\Users\rasyy\AppData\Local\Python\pythoncore-3.14-64\Lib\concurrent\futures\_base.py", line 395, in __get_result
    raise self._exception
  File "C:\KIT - Software Engineering\Year 3\IC Internship\SOF\student-opportunity-finder\tools\scraper\venv\Lib\site-packages\tenacity\__init__.py", line 473, in __call__
    result = fn(*args, **kwargs)
  File "C:\KIT - Software Engineering\Year 3\IC Internship\SOF\student-opportunity-finder\tools\scraper\venv\Lib\site-packages\google\genai\_api_client.py", line 1214, in _request_once
    errors.APIError.raise_for_response(response)
    ~~~~~~~~~~~~~~~~~~~~~~~~~~~~~~~~~~^^^^^^^^^^
  File "C:\KIT - Software Engineering\Year 3\IC Internship\SOF\student-opportunity-finder\tools\scraper\venv\Lib\site-packages\google\genai\errors.py", line 134, in raise_for_response
    cls.raise_error(response.status_code, response_json, response)
    ~~~~~~~~~~~~~~~^^^^^^^^^^^^^^^^^^^^^^^^^^^^^^^^^^^^^^^^^^^^^^^
  File "C:\KIT - Software Engineering\Year 3\IC Internship\SOF\student-opportunity-finder\tools\scraper\venv\Lib\site-packages\google\genai\errors.py", line 161, in raise_error
    raise ServerError(status_code, response_json, response)
google.genai.errors.ServerError: 503 UNAVAILABLE. {'error': {'code': 503, 'message': 'This model is currently experiencing high demand. Spikes in demand are usually temporary. Please try again later.', 'status': 'UNAVAILABLE'}}
2026-04-02 15:21:39,611 [INFO] Skipped 419: no actionable signal (no URL, phone, email, or handle)
2026-04-02 15:21:39,722 [INFO] Skipped 411: no actionable signal (no URL, phone, email, or handle)
2026-04-02 15:21:45,868 [INFO] Skipped 422: not an opportunity (OCR)
2026-04-02 15:21:45,969 [INFO] Skipped 415: no actionable signal (no URL, phone, email, or handle)
2026-04-02 15:21:50,311 [INFO] Image compressed: 95KB -> 94KB
2026-04-02 15:21:51,301 [INFO] Duplicate skipped: 431 matches existing 3886f10f-cba9-4d28-9e8e-642a476442ec
2026-04-02 15:21:51,483 [INFO] Skipped 450: too short
2026-04-02 15:21:54,247 [INFO] Processed: 449 | image=no
2026-04-02 15:21:54,364 [INFO] Skipped 448: too short
2026-04-02 15:21:54,455 [INFO] Skipped 447: too short
2026-04-02 15:21:54,566 [INFO] Skipped 446: too short
2026-04-02 15:22:01,866 [INFO] Image kept original: 76KB (compression would increase size)
2026-04-02 15:22:03,412 [INFO] Processed: 445 | image=yes
2026-04-02 15:22:12,273 [WARNING] Gemini Vision RECITATION block — falling back to free-text OCR
2026-04-02 15:22:13,882 [INFO] Fallback OCR extracted 334 chars, parsing as text...
2026-04-02 15:22:16,606 [INFO] Skipped 444: not an opportunity (OCR)
2026-04-02 15:22:16,717 [INFO] Skipped 443: too short
2026-04-02 15:22:16,838 [INFO] Skipped 442: too short
2026-05-24 09:33:55,506 [INFO] Processing 50 items...
2026-05-24 09:33:56,202 [INFO] Skipped 993: no actionable signal (no URL, phone, email, or handle)
2026-05-24 09:34:00,411 [INFO] Image compressed: 178KB -> 173KB
2026-05-24 09:34:03,081 [INFO] Processed: 994 | image=yes
2026-05-24 09:34:11,645 [INFO] Image kept original: 158KB (compression would increase size)
2026-05-24 09:34:13,339 [INFO] Processed: 996 | image=yes
2026-05-24 09:34:20,007 [INFO] Image kept original: 181KB (compression would increase size)
2026-05-24 09:34:21,688 [INFO] Processed: 995 | image=yes
2026-05-24 09:34:25,225 [INFO] Image kept original: 114KB (compression would increase size)
2026-05-24 09:34:26,773 [INFO] Processed: 999 | image=yes
2026-05-24 09:34:36,106 [INFO] Image kept original: 177KB (compression would increase size)
2026-05-24 09:34:37,856 [INFO] Processed: 998 | image=yes
2026-05-24 09:34:50,421 [INFO] Image kept original: 186KB (compression would increase size)
2026-05-24 09:34:52,143 [INFO] Processed: 997 | image=yes
2026-05-24 09:35:03,972 [INFO] Skipped 1000: not an opportunity (OCR)
2026-05-24 09:35:09,354 [INFO] Skipped 1001: not an opportunity (OCR)
2026-05-24 09:35:17,054 [INFO] Skipped 1003: not an opportunity
2026-05-24 09:35:24,178 [INFO] Skipped 1002: not an opportunity (OCR)
2026-05-24 09:35:27,115 [INFO] Image compressed: 246KB -> 227KB
2026-05-24 09:35:28,891 [INFO] Processed: 1004 | image=yes
2026-05-24 09:35:33,991 [INFO] Image compressed: 139KB -> 126KB
2026-05-24 09:35:35,659 [INFO] Processed: 1010 | image=yes
2026-05-24 09:35:42,766 [INFO] Image compressed: 138KB -> 126KB
2026-05-24 09:35:43,873 [INFO] Duplicate skipped: 1012 matches existing d5f1baa5-061d-4d22-acf3-9d635ab09125
2026-05-24 09:35:59,322 [INFO] Image compressed: 196KB -> 179KB
2026-05-24 09:36:00,691 [INFO] Duplicate skipped: 1009 matches existing d5f1baa5-061d-4d22-acf3-9d635ab09125
2026-05-24 09:36:10,759 [INFO] Image compressed: 140KB -> 137KB
2026-05-24 09:36:12,508 [INFO] Processed: 1006 | image=yes
2026-05-24 09:36:24,539 [INFO] Image compressed: 182KB -> 171KB
2026-05-24 09:36:26,121 [INFO] Duplicate skipped: 1007 matches existing 56fdf992-c8af-438e-91a8-d9592d4c671b
2026-05-24 09:36:29,651 [INFO] Image compressed: 101KB -> 93KB
2026-05-24 09:36:30,888 [INFO] Duplicate skipped: 1013 matches existing d5f1baa5-061d-4d22-acf3-9d635ab09125
2026-05-24 09:36:34,525 [INFO] Image compressed: 129KB -> 118KB
2026-05-24 09:36:35,436 [INFO] Duplicate skipped: 1018 matches existing d5f1baa5-061d-4d22-acf3-9d635ab09125
2026-05-24 09:36:38,964 [INFO] Image compressed: 114KB -> 104KB
2026-05-24 09:36:40,088 [INFO] Duplicate skipped: 1014 matches existing d5f1baa5-061d-4d22-acf3-9d635ab09125
2026-05-24 09:36:44,126 [INFO] Image compressed: 143KB -> 130KB
2026-05-24 09:36:45,285 [INFO] Duplicate skipped: 1017 matches existing d5f1baa5-061d-4d22-acf3-9d635ab09125
2026-05-24 09:36:54,298 [INFO] Image compressed: 128KB -> 123KB
2026-05-24 09:36:56,761 [INFO] Duplicate skipped: 1008 matches existing 56fdf992-c8af-438e-91a8-d9592d4c671b
2026-05-24 09:37:00,499 [INFO] Image compressed: 116KB -> 105KB
2026-05-24 09:37:01,384 [INFO] Duplicate skipped: 1015 matches existing d5f1baa5-061d-4d22-acf3-9d635ab09125
2026-05-24 09:37:05,509 [INFO] Image compressed: 114KB -> 106KB
2026-05-24 09:37:06,534 [INFO] Duplicate skipped: 1011 matches existing d5f1baa5-061d-4d22-acf3-9d635ab09125
2026-05-24 09:37:17,214 [INFO] Image compressed: 106KB -> 98KB
2026-05-24 09:37:18,896 [INFO] Duplicate skipped: 1016 matches existing d5f1baa5-061d-4d22-acf3-9d635ab09125
2026-05-24 09:37:27,897 [INFO] Image compressed: 139KB -> 132KB
2026-05-24 09:37:29,120 [INFO] Duplicate skipped: 1005 matches existing 56fdf992-c8af-438e-91a8-d9592d4c671b
2026-05-24 09:37:31,256 [INFO] Skipped 1019: not an opportunity
2026-05-24 09:37:35,607 [INFO] Image kept original: 88KB (compression would increase size)
2026-05-24 09:37:37,134 [INFO] Processed: 1021 | image=yes
2026-05-24 09:37:42,513 [INFO] Image kept original: 104KB (compression would increase size)
2026-05-24 09:37:43,865 [INFO] Processed: 1020 | image=yes
2026-05-24 09:37:44,645 [ERROR] Failed 1022: 503 UNAVAILABLE. {'error': {'code': 503, 'message': 'This model is currently experiencing high demand. Spikes in demand are usually temporary. Please try again later.', 'status': 'UNAVAILABLE'}}
Traceback (most recent call last):
  File "C:\KIT - Software Engineering\Year 3\IC Internship\SOF\student-opportunity-finder\tools\scraper\cleaner.py", line 628, in process_queue
    ai_result = await asyncio.to_thread(call_gemini, cleaned)
                ^^^^^^^^^^^^^^^^^^^^^^^^^^^^^^^^^^^^^^^^^^^^^
  File "C:\Users\rasyy\AppData\Local\Python\pythoncore-3.14-64\Lib\asyncio\threads.py", line 25, in to_thread
    return await loop.run_in_executor(None, func_call)
           ^^^^^^^^^^^^^^^^^^^^^^^^^^^^^^^^^^^^^^^^^^^
  File "C:\Users\rasyy\AppData\Local\Python\pythoncore-3.14-64\Lib\concurrent\futures\thread.py", line 86, in run
    result = ctx.run(self.task)
  File "C:\Users\rasyy\AppData\Local\Python\pythoncore-3.14-64\Lib\concurrent\futures\thread.py", line 73, in run
    return fn(*args, **kwargs)
  File "C:\KIT - Software Engineering\Year 3\IC Internship\SOF\student-opportunity-finder\tools\scraper\venv\Lib\site-packages\tenacity\__init__.py", line 331, in wrapped_f
    return copy(f, *args, **kw)
  File "C:\KIT - Software Engineering\Year 3\IC Internship\SOF\student-opportunity-finder\tools\scraper\venv\Lib\site-packages\tenacity\__init__.py", line 470, in __call__
    do = self.iter(retry_state=retry_state)
  File "C:\KIT - Software Engineering\Year 3\IC Internship\SOF\student-opportunity-finder\tools\scraper\venv\Lib\site-packages\tenacity\__init__.py", line 371, in iter
    result = action(retry_state)
  File "C:\KIT - Software Engineering\Year 3\IC Internship\SOF\student-opportunity-finder\tools\scraper\venv\Lib\site-packages\tenacity\__init__.py", line 393, in <lambda>
    self._add_action_func(lambda rs: rs.outcome.result())
                                     ~~~~~~~~~~~~~~~~~^^
  File "C:\Users\rasyy\AppData\Local\Python\pythoncore-3.14-64\Lib\concurrent\futures\_base.py", line 443, in result
    return self.__get_result()
           ~~~~~~~~~~~~~~~~~^^
  File "C:\Users\rasyy\AppData\Local\Python\pythoncore-3.14-64\Lib\concurrent\futures\_base.py", line 395, in __get_result
    raise self._exception
  File "C:\KIT - Software Engineering\Year 3\IC Internship\SOF\student-opportunity-finder\tools\scraper\venv\Lib\site-packages\tenacity\__init__.py", line 473, in __call__
    result = fn(*args, **kwargs)
  File "C:\KIT - Software Engineering\Year 3\IC Internship\SOF\student-opportunity-finder\tools\scraper\cleaner.py", line 336, in call_gemini
    response = gemini.models.generate_content(
        model="gemini-2.5-flash-lite",
    ...<6 lines>...
        )
    )
  File "C:\KIT - Software Engineering\Year 3\IC Internship\SOF\student-opportunity-finder\tools\scraper\venv\Lib\site-packages\google\genai\models.py", line 5709, in generate_content
    response = self._generate_content(
        model=model, contents=contents, config=parsed_config
    )
  File "C:\KIT - Software Engineering\Year 3\IC Internship\SOF\student-opportunity-finder\tools\scraper\venv\Lib\site-packages\google\genai\models.py", line 4371, in _generate_content
    response = self._api_client.request(
        'post', path, request_dict, http_options
    )
  File "C:\KIT - Software Engineering\Year 3\IC Internship\SOF\student-opportunity-finder\tools\scraper\venv\Lib\site-packages\google\genai\_api_client.py", line 1401, in request
    response = self._request(http_request, http_options, stream=False)
  File "C:\KIT - Software Engineering\Year 3\IC Internship\SOF\student-opportunity-finder\tools\scraper\venv\Lib\site-packages\google\genai\_api_client.py", line 1237, in _request
    return self._retry(self._request_once, http_request, stream)  # type: ignore[no-any-return]
           ~~~~~~~~~~~^^^^^^^^^^^^^^^^^^^^^^^^^^^^^^^^^^^^^^^^^^
  File "C:\KIT - Software Engineering\Year 3\IC Internship\SOF\student-opportunity-finder\tools\scraper\venv\Lib\site-packages\tenacity\__init__.py", line 470, in __call__
    do = self.iter(retry_state=retry_state)
  File "C:\KIT - Software Engineering\Year 3\IC Internship\SOF\student-opportunity-finder\tools\scraper\venv\Lib\site-packages\tenacity\__init__.py", line 371, in iter
    result = action(retry_state)
  File "C:\KIT - Software Engineering\Year 3\IC Internship\SOF\student-opportunity-finder\tools\scraper\venv\Lib\site-packages\tenacity\__init__.py", line 413, in exc_check
    raise retry_exc.reraise()
          ~~~~~~~~~~~~~~~~~^^
  File "C:\KIT - Software Engineering\Year 3\IC Internship\SOF\student-opportunity-finder\tools\scraper\venv\Lib\site-packages\tenacity\__init__.py", line 184, in reraise
    raise self.last_attempt.result()
          ~~~~~~~~~~~~~~~~~~~~~~~~^^
  File "C:\Users\rasyy\AppData\Local\Python\pythoncore-3.14-64\Lib\concurrent\futures\_base.py", line 443, in result
    return self.__get_result()
           ~~~~~~~~~~~~~~~~~^^
  File "C:\Users\rasyy\AppData\Local\Python\pythoncore-3.14-64\Lib\concurrent\futures\_base.py", line 395, in __get_result
    raise self._exception
  File "C:\KIT - Software Engineering\Year 3\IC Internship\SOF\student-opportunity-finder\tools\scraper\venv\Lib\site-packages\tenacity\__init__.py", line 473, in __call__
    result = fn(*args, **kwargs)
  File "C:\KIT - Software Engineering\Year 3\IC Internship\SOF\student-opportunity-finder\tools\scraper\venv\Lib\site-packages\google\genai\_api_client.py", line 1214, in _request_once
    errors.APIError.raise_for_response(response)
    ~~~~~~~~~~~~~~~~~~~~~~~~~~~~~~~~~~^^^^^^^^^^
  File "C:\KIT - Software Engineering\Year 3\IC Internship\SOF\student-opportunity-finder\tools\scraper\venv\Lib\site-packages\google\genai\errors.py", line 134, in raise_for_response
    cls.raise_error(response.status_code, response_json, response)
    ~~~~~~~~~~~~~~~^^^^^^^^^^^^^^^^^^^^^^^^^^^^^^^^^^^^^^^^^^^^^^^
  File "C:\KIT - Software Engineering\Year 3\IC Internship\SOF\student-opportunity-finder\tools\scraper\venv\Lib\site-packages\google\genai\errors.py", line 161, in raise_error
    raise ServerError(status_code, response_json, response)
google.genai.errors.ServerError: 503 UNAVAILABLE. {'error': {'code': 503, 'message': 'This model is currently experiencing high demand. Spikes in demand are usually temporary. Please try again later.', 'status': 'UNAVAILABLE'}}
2026-05-24 09:37:45,867 [ERROR] Failed 1026: 503 UNAVAILABLE. {'error': {'code': 503, 'message': 'This model is currently experiencing high demand. Spikes in demand are usually temporary. Please try again later.', 'status': 'UNAVAILABLE'}}
Traceback (most recent call last):
  File "C:\KIT - Software Engineering\Year 3\IC Internship\SOF\student-opportunity-finder\tools\scraper\cleaner.py", line 628, in process_queue
    ai_result = await asyncio.to_thread(call_gemini, cleaned)
                ^^^^^^^^^^^^^^^^^^^^^^^^^^^^^^^^^^^^^^^^^^^^^
  File "C:\Users\rasyy\AppData\Local\Python\pythoncore-3.14-64\Lib\asyncio\threads.py", line 25, in to_thread
    return await loop.run_in_executor(None, func_call)
           ^^^^^^^^^^^^^^^^^^^^^^^^^^^^^^^^^^^^^^^^^^^
  File "C:\Users\rasyy\AppData\Local\Python\pythoncore-3.14-64\Lib\concurrent\futures\thread.py", line 86, in run
    result = ctx.run(self.task)
  File "C:\Users\rasyy\AppData\Local\Python\pythoncore-3.14-64\Lib\concurrent\futures\thread.py", line 73, in run
    return fn(*args, **kwargs)
  File "C:\KIT - Software Engineering\Year 3\IC Internship\SOF\student-opportunity-finder\tools\scraper\venv\Lib\site-packages\tenacity\__init__.py", line 331, in wrapped_f
    return copy(f, *args, **kw)
  File "C:\KIT - Software Engineering\Year 3\IC Internship\SOF\student-opportunity-finder\tools\scraper\venv\Lib\site-packages\tenacity\__init__.py", line 470, in __call__
    do = self.iter(retry_state=retry_state)
  File "C:\KIT - Software Engineering\Year 3\IC Internship\SOF\student-opportunity-finder\tools\scraper\venv\Lib\site-packages\tenacity\__init__.py", line 371, in iter
    result = action(retry_state)
  File "C:\KIT - Software Engineering\Year 3\IC Internship\SOF\student-opportunity-finder\tools\scraper\venv\Lib\site-packages\tenacity\__init__.py", line 393, in <lambda>
    self._add_action_func(lambda rs: rs.outcome.result())
                                     ~~~~~~~~~~~~~~~~~^^
  File "C:\Users\rasyy\AppData\Local\Python\pythoncore-3.14-64\Lib\concurrent\futures\_base.py", line 443, in result
    return self.__get_result()
           ~~~~~~~~~~~~~~~~~^^
  File "C:\Users\rasyy\AppData\Local\Python\pythoncore-3.14-64\Lib\concurrent\futures\_base.py", line 395, in __get_result
    raise self._exception
  File "C:\KIT - Software Engineering\Year 3\IC Internship\SOF\student-opportunity-finder\tools\scraper\venv\Lib\site-packages\tenacity\__init__.py", line 473, in __call__
    result = fn(*args, **kwargs)
  File "C:\KIT - Software Engineering\Year 3\IC Internship\SOF\student-opportunity-finder\tools\scraper\cleaner.py", line 336, in call_gemini
    response = gemini.models.generate_content(
        model="gemini-2.5-flash-lite",
    ...<6 lines>...
        )
    )
  File "C:\KIT - Software Engineering\Year 3\IC Internship\SOF\student-opportunity-finder\tools\scraper\venv\Lib\site-packages\google\genai\models.py", line 5709, in generate_content
    response = self._generate_content(
        model=model, contents=contents, config=parsed_config
    )
  File "C:\KIT - Software Engineering\Year 3\IC Internship\SOF\student-opportunity-finder\tools\scraper\venv\Lib\site-packages\google\genai\models.py", line 4371, in _generate_content
    response = self._api_client.request(
        'post', path, request_dict, http_options
    )
  File "C:\KIT - Software Engineering\Year 3\IC Internship\SOF\student-opportunity-finder\tools\scraper\venv\Lib\site-packages\google\genai\_api_client.py", line 1401, in request
    response = self._request(http_request, http_options, stream=False)
  File "C:\KIT - Software Engineering\Year 3\IC Internship\SOF\student-opportunity-finder\tools\scraper\venv\Lib\site-packages\google\genai\_api_client.py", line 1237, in _request
    return self._retry(self._request_once, http_request, stream)  # type: ignore[no-any-return]
           ~~~~~~~~~~~^^^^^^^^^^^^^^^^^^^^^^^^^^^^^^^^^^^^^^^^^^
  File "C:\KIT - Software Engineering\Year 3\IC Internship\SOF\student-opportunity-finder\tools\scraper\venv\Lib\site-packages\tenacity\__init__.py", line 470, in __call__
    do = self.iter(retry_state=retry_state)
  File "C:\KIT - Software Engineering\Year 3\IC Internship\SOF\student-opportunity-finder\tools\scraper\venv\Lib\site-packages\tenacity\__init__.py", line 371, in iter
    result = action(retry_state)
  File "C:\KIT - Software Engineering\Year 3\IC Internship\SOF\student-opportunity-finder\tools\scraper\venv\Lib\site-packages\tenacity\__init__.py", line 413, in exc_check
    raise retry_exc.reraise()
          ~~~~~~~~~~~~~~~~~^^
  File "C:\KIT - Software Engineering\Year 3\IC Internship\SOF\student-opportunity-finder\tools\scraper\venv\Lib\site-packages\tenacity\__init__.py", line 184, in reraise
    raise self.last_attempt.result()
          ~~~~~~~~~~~~~~~~~~~~~~~~^^
  File "C:\Users\rasyy\AppData\Local\Python\pythoncore-3.14-64\Lib\concurrent\futures\_base.py", line 443, in result
    return self.__get_result()
           ~~~~~~~~~~~~~~~~~^^
  File "C:\Users\rasyy\AppData\Local\Python\pythoncore-3.14-64\Lib\concurrent\futures\_base.py", line 395, in __get_result
    raise self._exception
  File "C:\KIT - Software Engineering\Year 3\IC Internship\SOF\student-opportunity-finder\tools\scraper\venv\Lib\site-packages\tenacity\__init__.py", line 473, in __call__
    result = fn(*args, **kwargs)
  File "C:\KIT - Software Engineering\Year 3\IC Internship\SOF\student-opportunity-finder\tools\scraper\venv\Lib\site-packages\google\genai\_api_client.py", line 1214, in _request_once
    errors.APIError.raise_for_response(response)
    ~~~~~~~~~~~~~~~~~~~~~~~~~~~~~~~~~~^^^^^^^^^^
  File "C:\KIT - Software Engineering\Year 3\IC Internship\SOF\student-opportunity-finder\tools\scraper\venv\Lib\site-packages\google\genai\errors.py", line 134, in raise_for_response
    cls.raise_error(response.status_code, response_json, response)
    ~~~~~~~~~~~~~~~^^^^^^^^^^^^^^^^^^^^^^^^^^^^^^^^^^^^^^^^^^^^^^^
  File "C:\KIT - Software Engineering\Year 3\IC Internship\SOF\student-opportunity-finder\tools\scraper\venv\Lib\site-packages\google\genai\errors.py", line 161, in raise_error
    raise ServerError(status_code, response_json, response)
google.genai.errors.ServerError: 503 UNAVAILABLE. {'error': {'code': 503, 'message': 'This model is currently experiencing high demand. Spikes in demand are usually temporary. Please try again later.', 'status': 'UNAVAILABLE'}}
2026-05-24 09:37:46,762 [ERROR] Failed 1024: 503 UNAVAILABLE. {'error': {'code': 503, 'message': 'This model is currently experiencing high demand. Spikes in demand are usually temporary. Please try again later.', 'status': 'UNAVAILABLE'}}
Traceback (most recent call last):
  File "C:\KIT - Software Engineering\Year 3\IC Internship\SOF\student-opportunity-finder\tools\scraper\cleaner.py", line 628, in process_queue
    ai_result = await asyncio.to_thread(call_gemini, cleaned)
                ^^^^^^^^^^^^^^^^^^^^^^^^^^^^^^^^^^^^^^^^^^^^^
  File "C:\Users\rasyy\AppData\Local\Python\pythoncore-3.14-64\Lib\asyncio\threads.py", line 25, in to_thread
    return await loop.run_in_executor(None, func_call)
           ^^^^^^^^^^^^^^^^^^^^^^^^^^^^^^^^^^^^^^^^^^^
  File "C:\Users\rasyy\AppData\Local\Python\pythoncore-3.14-64\Lib\concurrent\futures\thread.py", line 86, in run
    result = ctx.run(self.task)
  File "C:\Users\rasyy\AppData\Local\Python\pythoncore-3.14-64\Lib\concurrent\futures\thread.py", line 73, in run
    return fn(*args, **kwargs)
  File "C:\KIT - Software Engineering\Year 3\IC Internship\SOF\student-opportunity-finder\tools\scraper\venv\Lib\site-packages\tenacity\__init__.py", line 331, in wrapped_f
    return copy(f, *args, **kw)
  File "C:\KIT - Software Engineering\Year 3\IC Internship\SOF\student-opportunity-finder\tools\scraper\venv\Lib\site-packages\tenacity\__init__.py", line 470, in __call__
    do = self.iter(retry_state=retry_state)
  File "C:\KIT - Software Engineering\Year 3\IC Internship\SOF\student-opportunity-finder\tools\scraper\venv\Lib\site-packages\tenacity\__init__.py", line 371, in iter
    result = action(retry_state)
  File "C:\KIT - Software Engineering\Year 3\IC Internship\SOF\student-opportunity-finder\tools\scraper\venv\Lib\site-packages\tenacity\__init__.py", line 393, in <lambda>
    self._add_action_func(lambda rs: rs.outcome.result())
                                     ~~~~~~~~~~~~~~~~~^^
  File "C:\Users\rasyy\AppData\Local\Python\pythoncore-3.14-64\Lib\concurrent\futures\_base.py", line 443, in result
    return self.__get_result()
           ~~~~~~~~~~~~~~~~~^^
  File "C:\Users\rasyy\AppData\Local\Python\pythoncore-3.14-64\Lib\concurrent\futures\_base.py", line 395, in __get_result
    raise self._exception
  File "C:\KIT - Software Engineering\Year 3\IC Internship\SOF\student-opportunity-finder\tools\scraper\venv\Lib\site-packages\tenacity\__init__.py", line 473, in __call__
    result = fn(*args, **kwargs)
  File "C:\KIT - Software Engineering\Year 3\IC Internship\SOF\student-opportunity-finder\tools\scraper\cleaner.py", line 336, in call_gemini
    response = gemini.models.generate_content(
        model="gemini-2.5-flash-lite",
    ...<6 lines>...
        )
    )
  File "C:\KIT - Software Engineering\Year 3\IC Internship\SOF\student-opportunity-finder\tools\scraper\venv\Lib\site-packages\google\genai\models.py", line 5709, in generate_content
    response = self._generate_content(
        model=model, contents=contents, config=parsed_config
    )
  File "C:\KIT - Software Engineering\Year 3\IC Internship\SOF\student-opportunity-finder\tools\scraper\venv\Lib\site-packages\google\genai\models.py", line 4371, in _generate_content
    response = self._api_client.request(
        'post', path, request_dict, http_options
    )
  File "C:\KIT - Software Engineering\Year 3\IC Internship\SOF\student-opportunity-finder\tools\scraper\venv\Lib\site-packages\google\genai\_api_client.py", line 1401, in request
    response = self._request(http_request, http_options, stream=False)
  File "C:\KIT - Software Engineering\Year 3\IC Internship\SOF\student-opportunity-finder\tools\scraper\venv\Lib\site-packages\google\genai\_api_client.py", line 1237, in _request
    return self._retry(self._request_once, http_request, stream)  # type: ignore[no-any-return]
           ~~~~~~~~~~~^^^^^^^^^^^^^^^^^^^^^^^^^^^^^^^^^^^^^^^^^^
  File "C:\KIT - Software Engineering\Year 3\IC Internship\SOF\student-opportunity-finder\tools\scraper\venv\Lib\site-packages\tenacity\__init__.py", line 470, in __call__
    do = self.iter(retry_state=retry_state)
  File "C:\KIT - Software Engineering\Year 3\IC Internship\SOF\student-opportunity-finder\tools\scraper\venv\Lib\site-packages\tenacity\__init__.py", line 371, in iter
    result = action(retry_state)
  File "C:\KIT - Software Engineering\Year 3\IC Internship\SOF\student-opportunity-finder\tools\scraper\venv\Lib\site-packages\tenacity\__init__.py", line 413, in exc_check
    raise retry_exc.reraise()
          ~~~~~~~~~~~~~~~~~^^
  File "C:\KIT - Software Engineering\Year 3\IC Internship\SOF\student-opportunity-finder\tools\scraper\venv\Lib\site-packages\tenacity\__init__.py", line 184, in reraise
    raise self.last_attempt.result()
          ~~~~~~~~~~~~~~~~~~~~~~~~^^
  File "C:\Users\rasyy\AppData\Local\Python\pythoncore-3.14-64\Lib\concurrent\futures\_base.py", line 443, in result
    return self.__get_result()
           ~~~~~~~~~~~~~~~~~^^
  File "C:\Users\rasyy\AppData\Local\Python\pythoncore-3.14-64\Lib\concurrent\futures\_base.py", line 395, in __get_result
    raise self._exception
  File "C:\KIT - Software Engineering\Year 3\IC Internship\SOF\student-opportunity-finder\tools\scraper\venv\Lib\site-packages\tenacity\__init__.py", line 473, in __call__
    result = fn(*args, **kwargs)
  File "C:\KIT - Software Engineering\Year 3\IC Internship\SOF\student-opportunity-finder\tools\scraper\venv\Lib\site-packages\google\genai\_api_client.py", line 1214, in _request_once
    errors.APIError.raise_for_response(response)
    ~~~~~~~~~~~~~~~~~~~~~~~~~~~~~~~~~~^^^^^^^^^^
  File "C:\KIT - Software Engineering\Year 3\IC Internship\SOF\student-opportunity-finder\tools\scraper\venv\Lib\site-packages\google\genai\errors.py", line 134, in raise_for_response
    cls.raise_error(response.status_code, response_json, response)
    ~~~~~~~~~~~~~~~^^^^^^^^^^^^^^^^^^^^^^^^^^^^^^^^^^^^^^^^^^^^^^^
  File "C:\KIT - Software Engineering\Year 3\IC Internship\SOF\student-opportunity-finder\tools\scraper\venv\Lib\site-packages\google\genai\errors.py", line 161, in raise_error
    raise ServerError(status_code, response_json, response)
google.genai.errors.ServerError: 503 UNAVAILABLE. {'error': {'code': 503, 'message': 'This model is currently experiencing high demand. Spikes in demand are usually temporary. Please try again later.', 'status': 'UNAVAILABLE'}}
2026-05-24 09:37:47,607 [ERROR] Failed 1025: 503 UNAVAILABLE. {'error': {'code': 503, 'message': 'This model is currently experiencing high demand. Spikes in demand are usually temporary. Please try again later.', 'status': 'UNAVAILABLE'}}
Traceback (most recent call last):
  File "C:\KIT - Software Engineering\Year 3\IC Internship\SOF\student-opportunity-finder\tools\scraper\cleaner.py", line 628, in process_queue
    ai_result = await asyncio.to_thread(call_gemini, cleaned)
                ^^^^^^^^^^^^^^^^^^^^^^^^^^^^^^^^^^^^^^^^^^^^^
  File "C:\Users\rasyy\AppData\Local\Python\pythoncore-3.14-64\Lib\asyncio\threads.py", line 25, in to_thread
    return await loop.run_in_executor(None, func_call)
           ^^^^^^^^^^^^^^^^^^^^^^^^^^^^^^^^^^^^^^^^^^^
  File "C:\Users\rasyy\AppData\Local\Python\pythoncore-3.14-64\Lib\concurrent\futures\thread.py", line 86, in run
    result = ctx.run(self.task)
  File "C:\Users\rasyy\AppData\Local\Python\pythoncore-3.14-64\Lib\concurrent\futures\thread.py", line 73, in run
    return fn(*args, **kwargs)
  File "C:\KIT - Software Engineering\Year 3\IC Internship\SOF\student-opportunity-finder\tools\scraper\venv\Lib\site-packages\tenacity\__init__.py", line 331, in wrapped_f
    return copy(f, *args, **kw)
  File "C:\KIT - Software Engineering\Year 3\IC Internship\SOF\student-opportunity-finder\tools\scraper\venv\Lib\site-packages\tenacity\__init__.py", line 470, in __call__
    do = self.iter(retry_state=retry_state)
  File "C:\KIT - Software Engineering\Year 3\IC Internship\SOF\student-opportunity-finder\tools\scraper\venv\Lib\site-packages\tenacity\__init__.py", line 371, in iter
    result = action(retry_state)
  File "C:\KIT - Software Engineering\Year 3\IC Internship\SOF\student-opportunity-finder\tools\scraper\venv\Lib\site-packages\tenacity\__init__.py", line 393, in <lambda>
    self._add_action_func(lambda rs: rs.outcome.result())
                                     ~~~~~~~~~~~~~~~~~^^
  File "C:\Users\rasyy\AppData\Local\Python\pythoncore-3.14-64\Lib\concurrent\futures\_base.py", line 443, in result
    return self.__get_result()
           ~~~~~~~~~~~~~~~~~^^
  File "C:\Users\rasyy\AppData\Local\Python\pythoncore-3.14-64\Lib\concurrent\futures\_base.py", line 395, in __get_result
    raise self._exception
  File "C:\KIT - Software Engineering\Year 3\IC Internship\SOF\student-opportunity-finder\tools\scraper\venv\Lib\site-packages\tenacity\__init__.py", line 473, in __call__
    result = fn(*args, **kwargs)
  File "C:\KIT - Software Engineering\Year 3\IC Internship\SOF\student-opportunity-finder\tools\scraper\cleaner.py", line 336, in call_gemini
    response = gemini.models.generate_content(
        model="gemini-2.5-flash-lite",
    ...<6 lines>...
        )
    )
  File "C:\KIT - Software Engineering\Year 3\IC Internship\SOF\student-opportunity-finder\tools\scraper\venv\Lib\site-packages\google\genai\models.py", line 5709, in generate_content
    response = self._generate_content(
        model=model, contents=contents, config=parsed_config
    )
  File "C:\KIT - Software Engineering\Year 3\IC Internship\SOF\student-opportunity-finder\tools\scraper\venv\Lib\site-packages\google\genai\models.py", line 4371, in _generate_content
    response = self._api_client.request(
        'post', path, request_dict, http_options
    )
  File "C:\KIT - Software Engineering\Year 3\IC Internship\SOF\student-opportunity-finder\tools\scraper\venv\Lib\site-packages\google\genai\_api_client.py", line 1401, in request
    response = self._request(http_request, http_options, stream=False)
  File "C:\KIT - Software Engineering\Year 3\IC Internship\SOF\student-opportunity-finder\tools\scraper\venv\Lib\site-packages\google\genai\_api_client.py", line 1237, in _request
    return self._retry(self._request_once, http_request, stream)  # type: ignore[no-any-return]
           ~~~~~~~~~~~^^^^^^^^^^^^^^^^^^^^^^^^^^^^^^^^^^^^^^^^^^
  File "C:\KIT - Software Engineering\Year 3\IC Internship\SOF\student-opportunity-finder\tools\scraper\venv\Lib\site-packages\tenacity\__init__.py", line 470, in __call__
    do = self.iter(retry_state=retry_state)
  File "C:\KIT - Software Engineering\Year 3\IC Internship\SOF\student-opportunity-finder\tools\scraper\venv\Lib\site-packages\tenacity\__init__.py", line 371, in iter
    result = action(retry_state)
  File "C:\KIT - Software Engineering\Year 3\IC Internship\SOF\student-opportunity-finder\tools\scraper\venv\Lib\site-packages\tenacity\__init__.py", line 413, in exc_check
    raise retry_exc.reraise()
          ~~~~~~~~~~~~~~~~~^^
  File "C:\KIT - Software Engineering\Year 3\IC Internship\SOF\student-opportunity-finder\tools\scraper\venv\Lib\site-packages\tenacity\__init__.py", line 184, in reraise
    raise self.last_attempt.result()
          ~~~~~~~~~~~~~~~~~~~~~~~~^^
  File "C:\Users\rasyy\AppData\Local\Python\pythoncore-3.14-64\Lib\concurrent\futures\_base.py", line 443, in result
    return self.__get_result()
           ~~~~~~~~~~~~~~~~~^^
  File "C:\Users\rasyy\AppData\Local\Python\pythoncore-3.14-64\Lib\concurrent\futures\_base.py", line 395, in __get_result
    raise self._exception
  File "C:\KIT - Software Engineering\Year 3\IC Internship\SOF\student-opportunity-finder\tools\scraper\venv\Lib\site-packages\tenacity\__init__.py", line 473, in __call__
    result = fn(*args, **kwargs)
  File "C:\KIT - Software Engineering\Year 3\IC Internship\SOF\student-opportunity-finder\tools\scraper\venv\Lib\site-packages\google\genai\_api_client.py", line 1214, in _request_once
    errors.APIError.raise_for_response(response)
    ~~~~~~~~~~~~~~~~~~~~~~~~~~~~~~~~~~^^^^^^^^^^
  File "C:\KIT - Software Engineering\Year 3\IC Internship\SOF\student-opportunity-finder\tools\scraper\venv\Lib\site-packages\google\genai\errors.py", line 134, in raise_for_response
    cls.raise_error(response.status_code, response_json, response)
    ~~~~~~~~~~~~~~~^^^^^^^^^^^^^^^^^^^^^^^^^^^^^^^^^^^^^^^^^^^^^^^
  File "C:\KIT - Software Engineering\Year 3\IC Internship\SOF\student-opportunity-finder\tools\scraper\venv\Lib\site-packages\google\genai\errors.py", line 161, in raise_error
    raise ServerError(status_code, response_json, response)
google.genai.errors.ServerError: 503 UNAVAILABLE. {'error': {'code': 503, 'message': 'This model is currently experiencing high demand. Spikes in demand are usually temporary. Please try again later.', 'status': 'UNAVAILABLE'}}
2026-05-24 09:37:50,468 [ERROR] Failed 1023: 503 UNAVAILABLE. {'error': {'code': 503, 'message': 'This model is currently experiencing high demand. Spikes in demand are usually temporary. Please try again later.', 'status': 'UNAVAILABLE'}}
Traceback (most recent call last):
  File "C:\KIT - Software Engineering\Year 3\IC Internship\SOF\student-opportunity-finder\tools\scraper\cleaner.py", line 628, in process_queue
    ai_result = await asyncio.to_thread(call_gemini, cleaned)
                ^^^^^^^^^^^^^^^^^^^^^^^^^^^^^^^^^^^^^^^^^^^^^
  File "C:\Users\rasyy\AppData\Local\Python\pythoncore-3.14-64\Lib\asyncio\threads.py", line 25, in to_thread
    return await loop.run_in_executor(None, func_call)
           ^^^^^^^^^^^^^^^^^^^^^^^^^^^^^^^^^^^^^^^^^^^
  File "C:\Users\rasyy\AppData\Local\Python\pythoncore-3.14-64\Lib\concurrent\futures\thread.py", line 86, in run
    result = ctx.run(self.task)
  File "C:\Users\rasyy\AppData\Local\Python\pythoncore-3.14-64\Lib\concurrent\futures\thread.py", line 73, in run
    return fn(*args, **kwargs)
  File "C:\KIT - Software Engineering\Year 3\IC Internship\SOF\student-opportunity-finder\tools\scraper\venv\Lib\site-packages\tenacity\__init__.py", line 331, in wrapped_f
    return copy(f, *args, **kw)
  File "C:\KIT - Software Engineering\Year 3\IC Internship\SOF\student-opportunity-finder\tools\scraper\venv\Lib\site-packages\tenacity\__init__.py", line 470, in __call__
    do = self.iter(retry_state=retry_state)
  File "C:\KIT - Software Engineering\Year 3\IC Internship\SOF\student-opportunity-finder\tools\scraper\venv\Lib\site-packages\tenacity\__init__.py", line 371, in iter
    result = action(retry_state)
  File "C:\KIT - Software Engineering\Year 3\IC Internship\SOF\student-opportunity-finder\tools\scraper\venv\Lib\site-packages\tenacity\__init__.py", line 393, in <lambda>
    self._add_action_func(lambda rs: rs.outcome.result())
                                     ~~~~~~~~~~~~~~~~~^^
  File "C:\Users\rasyy\AppData\Local\Python\pythoncore-3.14-64\Lib\concurrent\futures\_base.py", line 443, in result
    return self.__get_result()
           ~~~~~~~~~~~~~~~~~^^
  File "C:\Users\rasyy\AppData\Local\Python\pythoncore-3.14-64\Lib\concurrent\futures\_base.py", line 395, in __get_result
    raise self._exception
  File "C:\KIT - Software Engineering\Year 3\IC Internship\SOF\student-opportunity-finder\tools\scraper\venv\Lib\site-packages\tenacity\__init__.py", line 473, in __call__
    result = fn(*args, **kwargs)
  File "C:\KIT - Software Engineering\Year 3\IC Internship\SOF\student-opportunity-finder\tools\scraper\cleaner.py", line 336, in call_gemini
    response = gemini.models.generate_content(
        model="gemini-2.5-flash-lite",
    ...<6 lines>...
        )
    )
  File "C:\KIT - Software Engineering\Year 3\IC Internship\SOF\student-opportunity-finder\tools\scraper\venv\Lib\site-packages\google\genai\models.py", line 5709, in generate_content
    response = self._generate_content(
        model=model, contents=contents, config=parsed_config
    )
  File "C:\KIT - Software Engineering\Year 3\IC Internship\SOF\student-opportunity-finder\tools\scraper\venv\Lib\site-packages\google\genai\models.py", line 4371, in _generate_content
    response = self._api_client.request(
        'post', path, request_dict, http_options
    )
  File "C:\KIT - Software Engineering\Year 3\IC Internship\SOF\student-opportunity-finder\tools\scraper\venv\Lib\site-packages\google\genai\_api_client.py", line 1401, in request
    response = self._request(http_request, http_options, stream=False)
  File "C:\KIT - Software Engineering\Year 3\IC Internship\SOF\student-opportunity-finder\tools\scraper\venv\Lib\site-packages\google\genai\_api_client.py", line 1237, in _request
    return self._retry(self._request_once, http_request, stream)  # type: ignore[no-any-return]
           ~~~~~~~~~~~^^^^^^^^^^^^^^^^^^^^^^^^^^^^^^^^^^^^^^^^^^
  File "C:\KIT - Software Engineering\Year 3\IC Internship\SOF\student-opportunity-finder\tools\scraper\venv\Lib\site-packages\tenacity\__init__.py", line 470, in __call__
    do = self.iter(retry_state=retry_state)
  File "C:\KIT - Software Engineering\Year 3\IC Internship\SOF\student-opportunity-finder\tools\scraper\venv\Lib\site-packages\tenacity\__init__.py", line 371, in iter
    result = action(retry_state)
  File "C:\KIT - Software Engineering\Year 3\IC Internship\SOF\student-opportunity-finder\tools\scraper\venv\Lib\site-packages\tenacity\__init__.py", line 413, in exc_check
    raise retry_exc.reraise()
          ~~~~~~~~~~~~~~~~~^^
  File "C:\KIT - Software Engineering\Year 3\IC Internship\SOF\student-opportunity-finder\tools\scraper\venv\Lib\site-packages\tenacity\__init__.py", line 184, in reraise
    raise self.last_attempt.result()
          ~~~~~~~~~~~~~~~~~~~~~~~~^^
  File "C:\Users\rasyy\AppData\Local\Python\pythoncore-3.14-64\Lib\concurrent\futures\_base.py", line 443, in result
    return self.__get_result()
           ~~~~~~~~~~~~~~~~~^^
  File "C:\Users\rasyy\AppData\Local\Python\pythoncore-3.14-64\Lib\concurrent\futures\_base.py", line 395, in __get_result
    raise self._exception
  File "C:\KIT - Software Engineering\Year 3\IC Internship\SOF\student-opportunity-finder\tools\scraper\venv\Lib\site-packages\tenacity\__init__.py", line 473, in __call__
    result = fn(*args, **kwargs)
  File "C:\KIT - Software Engineering\Year 3\IC Internship\SOF\student-opportunity-finder\tools\scraper\venv\Lib\site-packages\google\genai\_api_client.py", line 1214, in _request_once
    errors.APIError.raise_for_response(response)
    ~~~~~~~~~~~~~~~~~~~~~~~~~~~~~~~~~~^^^^^^^^^^
  File "C:\KIT - Software Engineering\Year 3\IC Internship\SOF\student-opportunity-finder\tools\scraper\venv\Lib\site-packages\google\genai\errors.py", line 134, in raise_for_response
    cls.raise_error(response.status_code, response_json, response)
    ~~~~~~~~~~~~~~~^^^^^^^^^^^^^^^^^^^^^^^^^^^^^^^^^^^^^^^^^^^^^^^
  File "C:\KIT - Software Engineering\Year 3\IC Internship\SOF\student-opportunity-finder\tools\scraper\venv\Lib\site-packages\google\genai\errors.py", line 161, in raise_error
    raise ServerError(status_code, response_json, response)
google.genai.errors.ServerError: 503 UNAVAILABLE. {'error': {'code': 503, 'message': 'This model is currently experiencing high demand. Spikes in demand are usually temporary. Please try again later.', 'status': 'UNAVAILABLE'}}
2026-05-24 09:37:51,328 [ERROR] Failed 1027: 503 UNAVAILABLE. {'error': {'code': 503, 'message': 'This model is currently experiencing high demand. Spikes in demand are usually temporary. Please try again later.', 'status': 'UNAVAILABLE'}}
Traceback (most recent call last):
  File "C:\KIT - Software Engineering\Year 3\IC Internship\SOF\student-opportunity-finder\tools\scraper\cleaner.py", line 628, in process_queue
    ai_result = await asyncio.to_thread(call_gemini, cleaned)
                ^^^^^^^^^^^^^^^^^^^^^^^^^^^^^^^^^^^^^^^^^^^^^
  File "C:\Users\rasyy\AppData\Local\Python\pythoncore-3.14-64\Lib\asyncio\threads.py", line 25, in to_thread
    return await loop.run_in_executor(None, func_call)
           ^^^^^^^^^^^^^^^^^^^^^^^^^^^^^^^^^^^^^^^^^^^
  File "C:\Users\rasyy\AppData\Local\Python\pythoncore-3.14-64\Lib\concurrent\futures\thread.py", line 86, in run
    result = ctx.run(self.task)
  File "C:\Users\rasyy\AppData\Local\Python\pythoncore-3.14-64\Lib\concurrent\futures\thread.py", line 73, in run
    return fn(*args, **kwargs)
  File "C:\KIT - Software Engineering\Year 3\IC Internship\SOF\student-opportunity-finder\tools\scraper\venv\Lib\site-packages\tenacity\__init__.py", line 331, in wrapped_f
    return copy(f, *args, **kw)
  File "C:\KIT - Software Engineering\Year 3\IC Internship\SOF\student-opportunity-finder\tools\scraper\venv\Lib\site-packages\tenacity\__init__.py", line 470, in __call__
    do = self.iter(retry_state=retry_state)
  File "C:\KIT - Software Engineering\Year 3\IC Internship\SOF\student-opportunity-finder\tools\scraper\venv\Lib\site-packages\tenacity\__init__.py", line 371, in iter
    result = action(retry_state)
  File "C:\KIT - Software Engineering\Year 3\IC Internship\SOF\student-opportunity-finder\tools\scraper\venv\Lib\site-packages\tenacity\__init__.py", line 393, in <lambda>
    self._add_action_func(lambda rs: rs.outcome.result())
                                     ~~~~~~~~~~~~~~~~~^^
  File "C:\Users\rasyy\AppData\Local\Python\pythoncore-3.14-64\Lib\concurrent\futures\_base.py", line 443, in result
    return self.__get_result()
           ~~~~~~~~~~~~~~~~~^^
  File "C:\Users\rasyy\AppData\Local\Python\pythoncore-3.14-64\Lib\concurrent\futures\_base.py", line 395, in __get_result
    raise self._exception
  File "C:\KIT - Software Engineering\Year 3\IC Internship\SOF\student-opportunity-finder\tools\scraper\venv\Lib\site-packages\tenacity\__init__.py", line 473, in __call__
    result = fn(*args, **kwargs)
  File "C:\KIT - Software Engineering\Year 3\IC Internship\SOF\student-opportunity-finder\tools\scraper\cleaner.py", line 336, in call_gemini
    response = gemini.models.generate_content(
        model="gemini-2.5-flash-lite",
    ...<6 lines>...
        )
    )
  File "C:\KIT - Software Engineering\Year 3\IC Internship\SOF\student-opportunity-finder\tools\scraper\venv\Lib\site-packages\google\genai\models.py", line 5709, in generate_content
    response = self._generate_content(
        model=model, contents=contents, config=parsed_config
    )
  File "C:\KIT - Software Engineering\Year 3\IC Internship\SOF\student-opportunity-finder\tools\scraper\venv\Lib\site-packages\google\genai\models.py", line 4371, in _generate_content
    response = self._api_client.request(
        'post', path, request_dict, http_options
    )
  File "C:\KIT - Software Engineering\Year 3\IC Internship\SOF\student-opportunity-finder\tools\scraper\venv\Lib\site-packages\google\genai\_api_client.py", line 1401, in request
    response = self._request(http_request, http_options, stream=False)
  File "C:\KIT - Software Engineering\Year 3\IC Internship\SOF\student-opportunity-finder\tools\scraper\venv\Lib\site-packages\google\genai\_api_client.py", line 1237, in _request
    return self._retry(self._request_once, http_request, stream)  # type: ignore[no-any-return]
           ~~~~~~~~~~~^^^^^^^^^^^^^^^^^^^^^^^^^^^^^^^^^^^^^^^^^^
  File "C:\KIT - Software Engineering\Year 3\IC Internship\SOF\student-opportunity-finder\tools\scraper\venv\Lib\site-packages\tenacity\__init__.py", line 470, in __call__
    do = self.iter(retry_state=retry_state)
  File "C:\KIT - Software Engineering\Year 3\IC Internship\SOF\student-opportunity-finder\tools\scraper\venv\Lib\site-packages\tenacity\__init__.py", line 371, in iter
    result = action(retry_state)
  File "C:\KIT - Software Engineering\Year 3\IC Internship\SOF\student-opportunity-finder\tools\scraper\venv\Lib\site-packages\tenacity\__init__.py", line 413, in exc_check
    raise retry_exc.reraise()
          ~~~~~~~~~~~~~~~~~^^
  File "C:\KIT - Software Engineering\Year 3\IC Internship\SOF\student-opportunity-finder\tools\scraper\venv\Lib\site-packages\tenacity\__init__.py", line 184, in reraise
    raise self.last_attempt.result()
          ~~~~~~~~~~~~~~~~~~~~~~~~^^
  File "C:\Users\rasyy\AppData\Local\Python\pythoncore-3.14-64\Lib\concurrent\futures\_base.py", line 443, in result
    return self.__get_result()
           ~~~~~~~~~~~~~~~~~^^
  File "C:\Users\rasyy\AppData\Local\Python\pythoncore-3.14-64\Lib\concurrent\futures\_base.py", line 395, in __get_result
    raise self._exception
  File "C:\KIT - Software Engineering\Year 3\IC Internship\SOF\student-opportunity-finder\tools\scraper\venv\Lib\site-packages\tenacity\__init__.py", line 473, in __call__
    result = fn(*args, **kwargs)
  File "C:\KIT - Software Engineering\Year 3\IC Internship\SOF\student-opportunity-finder\tools\scraper\venv\Lib\site-packages\google\genai\_api_client.py", line 1214, in _request_once
    errors.APIError.raise_for_response(response)
    ~~~~~~~~~~~~~~~~~~~~~~~~~~~~~~~~~~^^^^^^^^^^
  File "C:\KIT - Software Engineering\Year 3\IC Internship\SOF\student-opportunity-finder\tools\scraper\venv\Lib\site-packages\google\genai\errors.py", line 134, in raise_for_response
    cls.raise_error(response.status_code, response_json, response)
    ~~~~~~~~~~~~~~~^^^^^^^^^^^^^^^^^^^^^^^^^^^^^^^^^^^^^^^^^^^^^^^
  File "C:\KIT - Software Engineering\Year 3\IC Internship\SOF\student-opportunity-finder\tools\scraper\venv\Lib\site-packages\google\genai\errors.py", line 161, in raise_error
    raise ServerError(status_code, response_json, response)
google.genai.errors.ServerError: 503 UNAVAILABLE. {'error': {'code': 503, 'message': 'This model is currently experiencing high demand. Spikes in demand are usually temporary. Please try again later.', 'status': 'UNAVAILABLE'}}
2026-05-24 09:37:52,191 [ERROR] Failed 1028: 503 UNAVAILABLE. {'error': {'code': 503, 'message': 'This model is currently experiencing high demand. Spikes in demand are usually temporary. Please try again later.', 'status': 'UNAVAILABLE'}}
Traceback (most recent call last):
  File "C:\KIT - Software Engineering\Year 3\IC Internship\SOF\student-opportunity-finder\tools\scraper\cleaner.py", line 628, in process_queue
    ai_result = await asyncio.to_thread(call_gemini, cleaned)
                ^^^^^^^^^^^^^^^^^^^^^^^^^^^^^^^^^^^^^^^^^^^^^
  File "C:\Users\rasyy\AppData\Local\Python\pythoncore-3.14-64\Lib\asyncio\threads.py", line 25, in to_thread
    return await loop.run_in_executor(None, func_call)
           ^^^^^^^^^^^^^^^^^^^^^^^^^^^^^^^^^^^^^^^^^^^
  File "C:\Users\rasyy\AppData\Local\Python\pythoncore-3.14-64\Lib\concurrent\futures\thread.py", line 86, in run
    result = ctx.run(self.task)
  File "C:\Users\rasyy\AppData\Local\Python\pythoncore-3.14-64\Lib\concurrent\futures\thread.py", line 73, in run
    return fn(*args, **kwargs)
  File "C:\KIT - Software Engineering\Year 3\IC Internship\SOF\student-opportunity-finder\tools\scraper\venv\Lib\site-packages\tenacity\__init__.py", line 331, in wrapped_f
    return copy(f, *args, **kw)
  File "C:\KIT - Software Engineering\Year 3\IC Internship\SOF\student-opportunity-finder\tools\scraper\venv\Lib\site-packages\tenacity\__init__.py", line 470, in __call__
    do = self.iter(retry_state=retry_state)
  File "C:\KIT - Software Engineering\Year 3\IC Internship\SOF\student-opportunity-finder\tools\scraper\venv\Lib\site-packages\tenacity\__init__.py", line 371, in iter
    result = action(retry_state)
  File "C:\KIT - Software Engineering\Year 3\IC Internship\SOF\student-opportunity-finder\tools\scraper\venv\Lib\site-packages\tenacity\__init__.py", line 393, in <lambda>
    self._add_action_func(lambda rs: rs.outcome.result())
                                     ~~~~~~~~~~~~~~~~~^^
  File "C:\Users\rasyy\AppData\Local\Python\pythoncore-3.14-64\Lib\concurrent\futures\_base.py", line 443, in result
    return self.__get_result()
           ~~~~~~~~~~~~~~~~~^^
  File "C:\Users\rasyy\AppData\Local\Python\pythoncore-3.14-64\Lib\concurrent\futures\_base.py", line 395, in __get_result
    raise self._exception
  File "C:\KIT - Software Engineering\Year 3\IC Internship\SOF\student-opportunity-finder\tools\scraper\venv\Lib\site-packages\tenacity\__init__.py", line 473, in __call__
    result = fn(*args, **kwargs)
  File "C:\KIT - Software Engineering\Year 3\IC Internship\SOF\student-opportunity-finder\tools\scraper\cleaner.py", line 336, in call_gemini
    response = gemini.models.generate_content(
        model="gemini-2.5-flash-lite",
    ...<6 lines>...
        )
    )
  File "C:\KIT - Software Engineering\Year 3\IC Internship\SOF\student-opportunity-finder\tools\scraper\venv\Lib\site-packages\google\genai\models.py", line 5709, in generate_content
    response = self._generate_content(
        model=model, contents=contents, config=parsed_config
    )
  File "C:\KIT - Software Engineering\Year 3\IC Internship\SOF\student-opportunity-finder\tools\scraper\venv\Lib\site-packages\google\genai\models.py", line 4371, in _generate_content
    response = self._api_client.request(
        'post', path, request_dict, http_options
    )
  File "C:\KIT - Software Engineering\Year 3\IC Internship\SOF\student-opportunity-finder\tools\scraper\venv\Lib\site-packages\google\genai\_api_client.py", line 1401, in request
    response = self._request(http_request, http_options, stream=False)
  File "C:\KIT - Software Engineering\Year 3\IC Internship\SOF\student-opportunity-finder\tools\scraper\venv\Lib\site-packages\google\genai\_api_client.py", line 1237, in _request
    return self._retry(self._request_once, http_request, stream)  # type: ignore[no-any-return]
           ~~~~~~~~~~~^^^^^^^^^^^^^^^^^^^^^^^^^^^^^^^^^^^^^^^^^^
  File "C:\KIT - Software Engineering\Year 3\IC Internship\SOF\student-opportunity-finder\tools\scraper\venv\Lib\site-packages\tenacity\__init__.py", line 470, in __call__
    do = self.iter(retry_state=retry_state)
  File "C:\KIT - Software Engineering\Year 3\IC Internship\SOF\student-opportunity-finder\tools\scraper\venv\Lib\site-packages\tenacity\__init__.py", line 371, in iter
    result = action(retry_state)
  File "C:\KIT - Software Engineering\Year 3\IC Internship\SOF\student-opportunity-finder\tools\scraper\venv\Lib\site-packages\tenacity\__init__.py", line 413, in exc_check
    raise retry_exc.reraise()
          ~~~~~~~~~~~~~~~~~^^
  File "C:\KIT - Software Engineering\Year 3\IC Internship\SOF\student-opportunity-finder\tools\scraper\venv\Lib\site-packages\tenacity\__init__.py", line 184, in reraise
    raise self.last_attempt.result()
          ~~~~~~~~~~~~~~~~~~~~~~~~^^
  File "C:\Users\rasyy\AppData\Local\Python\pythoncore-3.14-64\Lib\concurrent\futures\_base.py", line 443, in result
    return self.__get_result()
           ~~~~~~~~~~~~~~~~~^^
  File "C:\Users\rasyy\AppData\Local\Python\pythoncore-3.14-64\Lib\concurrent\futures\_base.py", line 395, in __get_result
    raise self._exception
  File "C:\KIT - Software Engineering\Year 3\IC Internship\SOF\student-opportunity-finder\tools\scraper\venv\Lib\site-packages\tenacity\__init__.py", line 473, in __call__
    result = fn(*args, **kwargs)
  File "C:\KIT - Software Engineering\Year 3\IC Internship\SOF\student-opportunity-finder\tools\scraper\venv\Lib\site-packages\google\genai\_api_client.py", line 1214, in _request_once
    errors.APIError.raise_for_response(response)
    ~~~~~~~~~~~~~~~~~~~~~~~~~~~~~~~~~~^^^^^^^^^^
  File "C:\KIT - Software Engineering\Year 3\IC Internship\SOF\student-opportunity-finder\tools\scraper\venv\Lib\site-packages\google\genai\errors.py", line 134, in raise_for_response
    cls.raise_error(response.status_code, response_json, response)
    ~~~~~~~~~~~~~~~^^^^^^^^^^^^^^^^^^^^^^^^^^^^^^^^^^^^^^^^^^^^^^^
  File "C:\KIT - Software Engineering\Year 3\IC Internship\SOF\student-opportunity-finder\tools\scraper\venv\Lib\site-packages\google\genai\errors.py", line 161, in raise_error
    raise ServerError(status_code, response_json, response)
google.genai.errors.ServerError: 503 UNAVAILABLE. {'error': {'code': 503, 'message': 'This model is currently experiencing high demand. Spikes in demand are usually temporary. Please try again later.', 'status': 'UNAVAILABLE'}}
2026-05-24 09:37:53,048 [ERROR] Failed 1029: 503 UNAVAILABLE. {'error': {'code': 503, 'message': 'This model is currently experiencing high demand. Spikes in demand are usually temporary. Please try again later.', 'status': 'UNAVAILABLE'}}
Traceback (most recent call last):
  File "C:\KIT - Software Engineering\Year 3\IC Internship\SOF\student-opportunity-finder\tools\scraper\cleaner.py", line 628, in process_queue
    ai_result = await asyncio.to_thread(call_gemini, cleaned)
                ^^^^^^^^^^^^^^^^^^^^^^^^^^^^^^^^^^^^^^^^^^^^^
  File "C:\Users\rasyy\AppData\Local\Python\pythoncore-3.14-64\Lib\asyncio\threads.py", line 25, in to_thread
    return await loop.run_in_executor(None, func_call)
           ^^^^^^^^^^^^^^^^^^^^^^^^^^^^^^^^^^^^^^^^^^^
  File "C:\Users\rasyy\AppData\Local\Python\pythoncore-3.14-64\Lib\concurrent\futures\thread.py", line 86, in run
    result = ctx.run(self.task)
  File "C:\Users\rasyy\AppData\Local\Python\pythoncore-3.14-64\Lib\concurrent\futures\thread.py", line 73, in run
    return fn(*args, **kwargs)
  File "C:\KIT - Software Engineering\Year 3\IC Internship\SOF\student-opportunity-finder\tools\scraper\venv\Lib\site-packages\tenacity\__init__.py", line 331, in wrapped_f
    return copy(f, *args, **kw)
  File "C:\KIT - Software Engineering\Year 3\IC Internship\SOF\student-opportunity-finder\tools\scraper\venv\Lib\site-packages\tenacity\__init__.py", line 470, in __call__
    do = self.iter(retry_state=retry_state)
  File "C:\KIT - Software Engineering\Year 3\IC Internship\SOF\student-opportunity-finder\tools\scraper\venv\Lib\site-packages\tenacity\__init__.py", line 371, in iter
    result = action(retry_state)
  File "C:\KIT - Software Engineering\Year 3\IC Internship\SOF\student-opportunity-finder\tools\scraper\venv\Lib\site-packages\tenacity\__init__.py", line 393, in <lambda>
    self._add_action_func(lambda rs: rs.outcome.result())
                                     ~~~~~~~~~~~~~~~~~^^
  File "C:\Users\rasyy\AppData\Local\Python\pythoncore-3.14-64\Lib\concurrent\futures\_base.py", line 443, in result
    return self.__get_result()
           ~~~~~~~~~~~~~~~~~^^
  File "C:\Users\rasyy\AppData\Local\Python\pythoncore-3.14-64\Lib\concurrent\futures\_base.py", line 395, in __get_result
    raise self._exception
  File "C:\KIT - Software Engineering\Year 3\IC Internship\SOF\student-opportunity-finder\tools\scraper\venv\Lib\site-packages\tenacity\__init__.py", line 473, in __call__
    result = fn(*args, **kwargs)
  File "C:\KIT - Software Engineering\Year 3\IC Internship\SOF\student-opportunity-finder\tools\scraper\cleaner.py", line 336, in call_gemini
    response = gemini.models.generate_content(
        model="gemini-2.5-flash-lite",
    ...<6 lines>...
        )
    )
  File "C:\KIT - Software Engineering\Year 3\IC Internship\SOF\student-opportunity-finder\tools\scraper\venv\Lib\site-packages\google\genai\models.py", line 5709, in generate_content
    response = self._generate_content(
        model=model, contents=contents, config=parsed_config
    )
  File "C:\KIT - Software Engineering\Year 3\IC Internship\SOF\student-opportunity-finder\tools\scraper\venv\Lib\site-packages\google\genai\models.py", line 4371, in _generate_content
    response = self._api_client.request(
        'post', path, request_dict, http_options
    )
  File "C:\KIT - Software Engineering\Year 3\IC Internship\SOF\student-opportunity-finder\tools\scraper\venv\Lib\site-packages\google\genai\_api_client.py", line 1401, in request
    response = self._request(http_request, http_options, stream=False)
  File "C:\KIT - Software Engineering\Year 3\IC Internship\SOF\student-opportunity-finder\tools\scraper\venv\Lib\site-packages\google\genai\_api_client.py", line 1237, in _request
    return self._retry(self._request_once, http_request, stream)  # type: ignore[no-any-return]
           ~~~~~~~~~~~^^^^^^^^^^^^^^^^^^^^^^^^^^^^^^^^^^^^^^^^^^
  File "C:\KIT - Software Engineering\Year 3\IC Internship\SOF\student-opportunity-finder\tools\scraper\venv\Lib\site-packages\tenacity\__init__.py", line 470, in __call__
    do = self.iter(retry_state=retry_state)
  File "C:\KIT - Software Engineering\Year 3\IC Internship\SOF\student-opportunity-finder\tools\scraper\venv\Lib\site-packages\tenacity\__init__.py", line 371, in iter
    result = action(retry_state)
  File "C:\KIT - Software Engineering\Year 3\IC Internship\SOF\student-opportunity-finder\tools\scraper\venv\Lib\site-packages\tenacity\__init__.py", line 413, in exc_check
    raise retry_exc.reraise()
          ~~~~~~~~~~~~~~~~~^^
  File "C:\KIT - Software Engineering\Year 3\IC Internship\SOF\student-opportunity-finder\tools\scraper\venv\Lib\site-packages\tenacity\__init__.py", line 184, in reraise
    raise self.last_attempt.result()
          ~~~~~~~~~~~~~~~~~~~~~~~~^^
  File "C:\Users\rasyy\AppData\Local\Python\pythoncore-3.14-64\Lib\concurrent\futures\_base.py", line 443, in result
    return self.__get_result()
           ~~~~~~~~~~~~~~~~~^^
  File "C:\Users\rasyy\AppData\Local\Python\pythoncore-3.14-64\Lib\concurrent\futures\_base.py", line 395, in __get_result
    raise self._exception
  File "C:\KIT - Software Engineering\Year 3\IC Internship\SOF\student-opportunity-finder\tools\scraper\venv\Lib\site-packages\tenacity\__init__.py", line 473, in __call__
    result = fn(*args, **kwargs)
  File "C:\KIT - Software Engineering\Year 3\IC Internship\SOF\student-opportunity-finder\tools\scraper\venv\Lib\site-packages\google\genai\_api_client.py", line 1214, in _request_once
    errors.APIError.raise_for_response(response)
    ~~~~~~~~~~~~~~~~~~~~~~~~~~~~~~~~~~^^^^^^^^^^
  File "C:\KIT - Software Engineering\Year 3\IC Internship\SOF\student-opportunity-finder\tools\scraper\venv\Lib\site-packages\google\genai\errors.py", line 134, in raise_for_response
    cls.raise_error(response.status_code, response_json, response)
    ~~~~~~~~~~~~~~~^^^^^^^^^^^^^^^^^^^^^^^^^^^^^^^^^^^^^^^^^^^^^^^
  File "C:\KIT - Software Engineering\Year 3\IC Internship\SOF\student-opportunity-finder\tools\scraper\venv\Lib\site-packages\google\genai\errors.py", line 161, in raise_error
    raise ServerError(status_code, response_json, response)
google.genai.errors.ServerError: 503 UNAVAILABLE. {'error': {'code': 503, 'message': 'This model is currently experiencing high demand. Spikes in demand are usually temporary. Please try again later.', 'status': 'UNAVAILABLE'}}
2026-05-24 09:37:57,818 [INFO] Image kept original: 179KB (compression would increase size)
2026-05-24 09:37:59,735 [INFO] Processed: 1030 | image=yes
2026-05-24 09:38:00,854 [ERROR] Failed 1032: 503 UNAVAILABLE. {'error': {'code': 503, 'message': 'This model is currently experiencing high demand. Spikes in demand are usually temporary. Please try again later.', 'status': 'UNAVAILABLE'}}
Traceback (most recent call last):
  File "C:\KIT - Software Engineering\Year 3\IC Internship\SOF\student-opportunity-finder\tools\scraper\cleaner.py", line 628, in process_queue
    ai_result = await asyncio.to_thread(call_gemini, cleaned)
                ^^^^^^^^^^^^^^^^^^^^^^^^^^^^^^^^^^^^^^^^^^^^^
  File "C:\Users\rasyy\AppData\Local\Python\pythoncore-3.14-64\Lib\asyncio\threads.py", line 25, in to_thread
    return await loop.run_in_executor(None, func_call)
           ^^^^^^^^^^^^^^^^^^^^^^^^^^^^^^^^^^^^^^^^^^^
  File "C:\Users\rasyy\AppData\Local\Python\pythoncore-3.14-64\Lib\concurrent\futures\thread.py", line 86, in run
    result = ctx.run(self.task)
  File "C:\Users\rasyy\AppData\Local\Python\pythoncore-3.14-64\Lib\concurrent\futures\thread.py", line 73, in run
    return fn(*args, **kwargs)
  File "C:\KIT - Software Engineering\Year 3\IC Internship\SOF\student-opportunity-finder\tools\scraper\venv\Lib\site-packages\tenacity\__init__.py", line 331, in wrapped_f
    return copy(f, *args, **kw)
  File "C:\KIT - Software Engineering\Year 3\IC Internship\SOF\student-opportunity-finder\tools\scraper\venv\Lib\site-packages\tenacity\__init__.py", line 470, in __call__
    do = self.iter(retry_state=retry_state)
  File "C:\KIT - Software Engineering\Year 3\IC Internship\SOF\student-opportunity-finder\tools\scraper\venv\Lib\site-packages\tenacity\__init__.py", line 371, in iter
    result = action(retry_state)
  File "C:\KIT - Software Engineering\Year 3\IC Internship\SOF\student-opportunity-finder\tools\scraper\venv\Lib\site-packages\tenacity\__init__.py", line 393, in <lambda>
    self._add_action_func(lambda rs: rs.outcome.result())
                                     ~~~~~~~~~~~~~~~~~^^
  File "C:\Users\rasyy\AppData\Local\Python\pythoncore-3.14-64\Lib\concurrent\futures\_base.py", line 443, in result
    return self.__get_result()
           ~~~~~~~~~~~~~~~~~^^
  File "C:\Users\rasyy\AppData\Local\Python\pythoncore-3.14-64\Lib\concurrent\futures\_base.py", line 395, in __get_result
    raise self._exception
  File "C:\KIT - Software Engineering\Year 3\IC Internship\SOF\student-opportunity-finder\tools\scraper\venv\Lib\site-packages\tenacity\__init__.py", line 473, in __call__
    result = fn(*args, **kwargs)
  File "C:\KIT - Software Engineering\Year 3\IC Internship\SOF\student-opportunity-finder\tools\scraper\cleaner.py", line 336, in call_gemini
    response = gemini.models.generate_content(
        model="gemini-2.5-flash-lite",
    ...<6 lines>...
        )
    )
  File "C:\KIT - Software Engineering\Year 3\IC Internship\SOF\student-opportunity-finder\tools\scraper\venv\Lib\site-packages\google\genai\models.py", line 5709, in generate_content
    response = self._generate_content(
        model=model, contents=contents, config=parsed_config
    )
  File "C:\KIT - Software Engineering\Year 3\IC Internship\SOF\student-opportunity-finder\tools\scraper\venv\Lib\site-packages\google\genai\models.py", line 4371, in _generate_content
    response = self._api_client.request(
        'post', path, request_dict, http_options
    )
  File "C:\KIT - Software Engineering\Year 3\IC Internship\SOF\student-opportunity-finder\tools\scraper\venv\Lib\site-packages\google\genai\_api_client.py", line 1401, in request
    response = self._request(http_request, http_options, stream=False)
  File "C:\KIT - Software Engineering\Year 3\IC Internship\SOF\student-opportunity-finder\tools\scraper\venv\Lib\site-packages\google\genai\_api_client.py", line 1237, in _request
    return self._retry(self._request_once, http_request, stream)  # type: ignore[no-any-return]
           ~~~~~~~~~~~^^^^^^^^^^^^^^^^^^^^^^^^^^^^^^^^^^^^^^^^^^
  File "C:\KIT - Software Engineering\Year 3\IC Internship\SOF\student-opportunity-finder\tools\scraper\venv\Lib\site-packages\tenacity\__init__.py", line 470, in __call__
    do = self.iter(retry_state=retry_state)
  File "C:\KIT - Software Engineering\Year 3\IC Internship\SOF\student-opportunity-finder\tools\scraper\venv\Lib\site-packages\tenacity\__init__.py", line 371, in iter
    result = action(retry_state)
  File "C:\KIT - Software Engineering\Year 3\IC Internship\SOF\student-opportunity-finder\tools\scraper\venv\Lib\site-packages\tenacity\__init__.py", line 413, in exc_check
    raise retry_exc.reraise()
          ~~~~~~~~~~~~~~~~~^^
  File "C:\KIT - Software Engineering\Year 3\IC Internship\SOF\student-opportunity-finder\tools\scraper\venv\Lib\site-packages\tenacity\__init__.py", line 184, in reraise
    raise self.last_attempt.result()
          ~~~~~~~~~~~~~~~~~~~~~~~~^^
  File "C:\Users\rasyy\AppData\Local\Python\pythoncore-3.14-64\Lib\concurrent\futures\_base.py", line 443, in result
    return self.__get_result()
           ~~~~~~~~~~~~~~~~~^^
  File "C:\Users\rasyy\AppData\Local\Python\pythoncore-3.14-64\Lib\concurrent\futures\_base.py", line 395, in __get_result
    raise self._exception
  File "C:\KIT - Software Engineering\Year 3\IC Internship\SOF\student-opportunity-finder\tools\scraper\venv\Lib\site-packages\tenacity\__init__.py", line 473, in __call__
    result = fn(*args, **kwargs)
  File "C:\KIT - Software Engineering\Year 3\IC Internship\SOF\student-opportunity-finder\tools\scraper\venv\Lib\site-packages\google\genai\_api_client.py", line 1214, in _request_once
    errors.APIError.raise_for_response(response)
    ~~~~~~~~~~~~~~~~~~~~~~~~~~~~~~~~~~^^^^^^^^^^
  File "C:\KIT - Software Engineering\Year 3\IC Internship\SOF\student-opportunity-finder\tools\scraper\venv\Lib\site-packages\google\genai\errors.py", line 134, in raise_for_response
    cls.raise_error(response.status_code, response_json, response)
    ~~~~~~~~~~~~~~~^^^^^^^^^^^^^^^^^^^^^^^^^^^^^^^^^^^^^^^^^^^^^^^
  File "C:\KIT - Software Engineering\Year 3\IC Internship\SOF\student-opportunity-finder\tools\scraper\venv\Lib\site-packages\google\genai\errors.py", line 161, in raise_error
    raise ServerError(status_code, response_json, response)
google.genai.errors.ServerError: 503 UNAVAILABLE. {'error': {'code': 503, 'message': 'This model is currently experiencing high demand. Spikes in demand are usually temporary. Please try again later.', 'status': 'UNAVAILABLE'}}
2026-05-24 09:38:13,235 [INFO] Skipped 1048: not an opportunity
2026-05-24 09:38:18,001 [INFO] Skipped 1033: not an opportunity
2026-05-24 09:38:21,091 [INFO] Skipped 1047: not an opportunity
2026-05-24 09:38:23,528 [INFO] Image compressed: 255KB -> 232KB
2026-05-24 09:38:25,201 [INFO] Processed: 1031 | image=yes
2026-05-24 09:38:28,789 [INFO] Skipped 1034: not an opportunity
2026-05-24 09:38:31,560 [INFO] Skipped 1053: not an opportunity
2026-05-24 09:38:34,397 [INFO] Skipped 1052: not an opportunity
2026-05-24 09:38:37,982 [INFO] Skipped 1046: not an opportunity
2026-05-24 09:38:45,959 [INFO] Skipped 1051: not an opportunity
2026-05-24 09:38:46,596 [ERROR] Failed 1045: 503 UNAVAILABLE. {'error': {'code': 503, 'message': 'This model is currently experiencing high demand. Spikes in demand are usually temporary. Please try again later.', 'status': 'UNAVAILABLE'}}
Traceback (most recent call last):
  File "C:\KIT - Software Engineering\Year 3\IC Internship\SOF\student-opportunity-finder\tools\scraper\cleaner.py", line 628, in process_queue
    ai_result = await asyncio.to_thread(call_gemini, cleaned)
                ^^^^^^^^^^^^^^^^^^^^^^^^^^^^^^^^^^^^^^^^^^^^^
  File "C:\Users\rasyy\AppData\Local\Python\pythoncore-3.14-64\Lib\asyncio\threads.py", line 25, in to_thread
    return await loop.run_in_executor(None, func_call)
           ^^^^^^^^^^^^^^^^^^^^^^^^^^^^^^^^^^^^^^^^^^^
  File "C:\Users\rasyy\AppData\Local\Python\pythoncore-3.14-64\Lib\concurrent\futures\thread.py", line 86, in run
    result = ctx.run(self.task)
  File "C:\Users\rasyy\AppData\Local\Python\pythoncore-3.14-64\Lib\concurrent\futures\thread.py", line 73, in run
    return fn(*args, **kwargs)
  File "C:\KIT - Software Engineering\Year 3\IC Internship\SOF\student-opportunity-finder\tools\scraper\venv\Lib\site-packages\tenacity\__init__.py", line 331, in wrapped_f
    return copy(f, *args, **kw)
  File "C:\KIT - Software Engineering\Year 3\IC Internship\SOF\student-opportunity-finder\tools\scraper\venv\Lib\site-packages\tenacity\__init__.py", line 470, in __call__
    do = self.iter(retry_state=retry_state)
  File "C:\KIT - Software Engineering\Year 3\IC Internship\SOF\student-opportunity-finder\tools\scraper\venv\Lib\site-packages\tenacity\__init__.py", line 371, in iter
    result = action(retry_state)
  File "C:\KIT - Software Engineering\Year 3\IC Internship\SOF\student-opportunity-finder\tools\scraper\venv\Lib\site-packages\tenacity\__init__.py", line 393, in <lambda>
    self._add_action_func(lambda rs: rs.outcome.result())
                                     ~~~~~~~~~~~~~~~~~^^
  File "C:\Users\rasyy\AppData\Local\Python\pythoncore-3.14-64\Lib\concurrent\futures\_base.py", line 443, in result
    return self.__get_result()
           ~~~~~~~~~~~~~~~~~^^
  File "C:\Users\rasyy\AppData\Local\Python\pythoncore-3.14-64\Lib\concurrent\futures\_base.py", line 395, in __get_result
    raise self._exception
  File "C:\KIT - Software Engineering\Year 3\IC Internship\SOF\student-opportunity-finder\tools\scraper\venv\Lib\site-packages\tenacity\__init__.py", line 473, in __call__
    result = fn(*args, **kwargs)
  File "C:\KIT - Software Engineering\Year 3\IC Internship\SOF\student-opportunity-finder\tools\scraper\cleaner.py", line 336, in call_gemini
    response = gemini.models.generate_content(
        model="gemini-2.5-flash-lite",
    ...<6 lines>...
        )
    )
  File "C:\KIT - Software Engineering\Year 3\IC Internship\SOF\student-opportunity-finder\tools\scraper\venv\Lib\site-packages\google\genai\models.py", line 5709, in generate_content
    response = self._generate_content(
        model=model, contents=contents, config=parsed_config
    )
  File "C:\KIT - Software Engineering\Year 3\IC Internship\SOF\student-opportunity-finder\tools\scraper\venv\Lib\site-packages\google\genai\models.py", line 4371, in _generate_content
    response = self._api_client.request(
        'post', path, request_dict, http_options
    )
  File "C:\KIT - Software Engineering\Year 3\IC Internship\SOF\student-opportunity-finder\tools\scraper\venv\Lib\site-packages\google\genai\_api_client.py", line 1401, in request
    response = self._request(http_request, http_options, stream=False)
  File "C:\KIT - Software Engineering\Year 3\IC Internship\SOF\student-opportunity-finder\tools\scraper\venv\Lib\site-packages\google\genai\_api_client.py", line 1237, in _request
    return self._retry(self._request_once, http_request, stream)  # type: ignore[no-any-return]
           ~~~~~~~~~~~^^^^^^^^^^^^^^^^^^^^^^^^^^^^^^^^^^^^^^^^^^
  File "C:\KIT - Software Engineering\Year 3\IC Internship\SOF\student-opportunity-finder\tools\scraper\venv\Lib\site-packages\tenacity\__init__.py", line 470, in __call__
    do = self.iter(retry_state=retry_state)
  File "C:\KIT - Software Engineering\Year 3\IC Internship\SOF\student-opportunity-finder\tools\scraper\venv\Lib\site-packages\tenacity\__init__.py", line 371, in iter
    result = action(retry_state)
  File "C:\KIT - Software Engineering\Year 3\IC Internship\SOF\student-opportunity-finder\tools\scraper\venv\Lib\site-packages\tenacity\__init__.py", line 413, in exc_check
    raise retry_exc.reraise()
          ~~~~~~~~~~~~~~~~~^^
  File "C:\KIT - Software Engineering\Year 3\IC Internship\SOF\student-opportunity-finder\tools\scraper\venv\Lib\site-packages\tenacity\__init__.py", line 184, in reraise
    raise self.last_attempt.result()
          ~~~~~~~~~~~~~~~~~~~~~~~~^^
  File "C:\Users\rasyy\AppData\Local\Python\pythoncore-3.14-64\Lib\concurrent\futures\_base.py", line 443, in result
    return self.__get_result()
           ~~~~~~~~~~~~~~~~~^^
  File "C:\Users\rasyy\AppData\Local\Python\pythoncore-3.14-64\Lib\concurrent\futures\_base.py", line 395, in __get_result
    raise self._exception
  File "C:\KIT - Software Engineering\Year 3\IC Internship\SOF\student-opportunity-finder\tools\scraper\venv\Lib\site-packages\tenacity\__init__.py", line 473, in __call__
    result = fn(*args, **kwargs)
  File "C:\KIT - Software Engineering\Year 3\IC Internship\SOF\student-opportunity-finder\tools\scraper\venv\Lib\site-packages\google\genai\_api_client.py", line 1214, in _request_once
    errors.APIError.raise_for_response(response)
    ~~~~~~~~~~~~~~~~~~~~~~~~~~~~~~~~~~^^^^^^^^^^
  File "C:\KIT - Software Engineering\Year 3\IC Internship\SOF\student-opportunity-finder\tools\scraper\venv\Lib\site-packages\google\genai\errors.py", line 134, in raise_for_response
    cls.raise_error(response.status_code, response_json, response)
    ~~~~~~~~~~~~~~~^^^^^^^^^^^^^^^^^^^^^^^^^^^^^^^^^^^^^^^^^^^^^^^
  File "C:\KIT - Software Engineering\Year 3\IC Internship\SOF\student-opportunity-finder\tools\scraper\venv\Lib\site-packages\google\genai\errors.py", line 161, in raise_error
    raise ServerError(status_code, response_json, response)
google.genai.errors.ServerError: 503 UNAVAILABLE. {'error': {'code': 503, 'message': 'This model is currently experiencing high demand. Spikes in demand are usually temporary. Please try again later.', 'status': 'UNAVAILABLE'}}
2026-05-24 09:38:56,469 [INFO] Skipped 1050: not an opportunity
2026-05-24 09:41:49,088 [INFO] Processing 50 items...
2026-05-24 09:41:53,832 [INFO] Skipped 1041: not an opportunity
2026-05-24 09:41:57,514 [INFO] Skipped 1040: not an opportunity
2026-05-24 09:42:01,103 [INFO] Skipped 1049: not an opportunity
2026-05-24 09:42:05,382 [INFO] Skipped 1036: not an opportunity
2026-05-24 09:42:08,290 [INFO] Skipped 1042: not an opportunity
2026-05-24 09:42:08,418 [INFO] Skipped 1054: no actionable signal (no URL, phone, email, or handle)
2026-05-24 09:42:13,126 [INFO] Skipped 1035: not an opportunity
2026-05-24 09:42:30,393 [INFO] Skipped 1038: not an opportunity
2026-05-24 09:42:30,974 [ERROR] Failed 1039: 503 UNAVAILABLE. {'error': {'code': 503, 'message': 'This model is currently experiencing high demand. Spikes in demand are usually temporary. Please try again later.', 'status': 'UNAVAILABLE'}}
Traceback (most recent call last):
  File "C:\KIT - Software Engineering\Year 3\IC Internship\SOF\student-opportunity-finder\tools\scraper\cleaner.py", line 628, in process_queue
    ai_result = await asyncio.to_thread(call_gemini, cleaned)
                ^^^^^^^^^^^^^^^^^^^^^^^^^^^^^^^^^^^^^^^^^^^^^
  File "C:\Users\rasyy\AppData\Local\Python\pythoncore-3.14-64\Lib\asyncio\threads.py", line 25, in to_thread
    return await loop.run_in_executor(None, func_call)
           ^^^^^^^^^^^^^^^^^^^^^^^^^^^^^^^^^^^^^^^^^^^
  File "C:\Users\rasyy\AppData\Local\Python\pythoncore-3.14-64\Lib\concurrent\futures\thread.py", line 86, in run
    result = ctx.run(self.task)
  File "C:\Users\rasyy\AppData\Local\Python\pythoncore-3.14-64\Lib\concurrent\futures\thread.py", line 73, in run
    return fn(*args, **kwargs)
  File "C:\KIT - Software Engineering\Year 3\IC Internship\SOF\student-opportunity-finder\tools\scraper\venv\Lib\site-packages\tenacity\__init__.py", line 331, in wrapped_f
    return copy(f, *args, **kw)
  File "C:\KIT - Software Engineering\Year 3\IC Internship\SOF\student-opportunity-finder\tools\scraper\venv\Lib\site-packages\tenacity\__init__.py", line 470, in __call__
    do = self.iter(retry_state=retry_state)
  File "C:\KIT - Software Engineering\Year 3\IC Internship\SOF\student-opportunity-finder\tools\scraper\venv\Lib\site-packages\tenacity\__init__.py", line 371, in iter
    result = action(retry_state)
  File "C:\KIT - Software Engineering\Year 3\IC Internship\SOF\student-opportunity-finder\tools\scraper\venv\Lib\site-packages\tenacity\__init__.py", line 393, in <lambda>
    self._add_action_func(lambda rs: rs.outcome.result())
                                     ~~~~~~~~~~~~~~~~~^^
  File "C:\Users\rasyy\AppData\Local\Python\pythoncore-3.14-64\Lib\concurrent\futures\_base.py", line 443, in result
    return self.__get_result()
           ~~~~~~~~~~~~~~~~~^^
  File "C:\Users\rasyy\AppData\Local\Python\pythoncore-3.14-64\Lib\concurrent\futures\_base.py", line 395, in __get_result
    raise self._exception
  File "C:\KIT - Software Engineering\Year 3\IC Internship\SOF\student-opportunity-finder\tools\scraper\venv\Lib\site-packages\tenacity\__init__.py", line 473, in __call__
    result = fn(*args, **kwargs)
  File "C:\KIT - Software Engineering\Year 3\IC Internship\SOF\student-opportunity-finder\tools\scraper\cleaner.py", line 336, in call_gemini
    response = gemini.models.generate_content(
        model="gemini-2.5-flash-lite",
    ...<6 lines>...
        )
    )
  File "C:\KIT - Software Engineering\Year 3\IC Internship\SOF\student-opportunity-finder\tools\scraper\venv\Lib\site-packages\google\genai\models.py", line 5709, in generate_content
    response = self._generate_content(
        model=model, contents=contents, config=parsed_config
    )
  File "C:\KIT - Software Engineering\Year 3\IC Internship\SOF\student-opportunity-finder\tools\scraper\venv\Lib\site-packages\google\genai\models.py", line 4371, in _generate_content
    response = self._api_client.request(
        'post', path, request_dict, http_options
    )
  File "C:\KIT - Software Engineering\Year 3\IC Internship\SOF\student-opportunity-finder\tools\scraper\venv\Lib\site-packages\google\genai\_api_client.py", line 1401, in request
    response = self._request(http_request, http_options, stream=False)
  File "C:\KIT - Software Engineering\Year 3\IC Internship\SOF\student-opportunity-finder\tools\scraper\venv\Lib\site-packages\google\genai\_api_client.py", line 1237, in _request
    return self._retry(self._request_once, http_request, stream)  # type: ignore[no-any-return]
           ~~~~~~~~~~~^^^^^^^^^^^^^^^^^^^^^^^^^^^^^^^^^^^^^^^^^^
  File "C:\KIT - Software Engineering\Year 3\IC Internship\SOF\student-opportunity-finder\tools\scraper\venv\Lib\site-packages\tenacity\__init__.py", line 470, in __call__
    do = self.iter(retry_state=retry_state)
  File "C:\KIT - Software Engineering\Year 3\IC Internship\SOF\student-opportunity-finder\tools\scraper\venv\Lib\site-packages\tenacity\__init__.py", line 371, in iter
    result = action(retry_state)
  File "C:\KIT - Software Engineering\Year 3\IC Internship\SOF\student-opportunity-finder\tools\scraper\venv\Lib\site-packages\tenacity\__init__.py", line 413, in exc_check
    raise retry_exc.reraise()
          ~~~~~~~~~~~~~~~~~^^
  File "C:\KIT - Software Engineering\Year 3\IC Internship\SOF\student-opportunity-finder\tools\scraper\venv\Lib\site-packages\tenacity\__init__.py", line 184, in reraise
    raise self.last_attempt.result()
          ~~~~~~~~~~~~~~~~~~~~~~~~^^
  File "C:\Users\rasyy\AppData\Local\Python\pythoncore-3.14-64\Lib\concurrent\futures\_base.py", line 443, in result
    return self.__get_result()
           ~~~~~~~~~~~~~~~~~^^
  File "C:\Users\rasyy\AppData\Local\Python\pythoncore-3.14-64\Lib\concurrent\futures\_base.py", line 395, in __get_result
    raise self._exception
  File "C:\KIT - Software Engineering\Year 3\IC Internship\SOF\student-opportunity-finder\tools\scraper\venv\Lib\site-packages\tenacity\__init__.py", line 473, in __call__
    result = fn(*args, **kwargs)
  File "C:\KIT - Software Engineering\Year 3\IC Internship\SOF\student-opportunity-finder\tools\scraper\venv\Lib\site-packages\google\genai\_api_client.py", line 1214, in _request_once
    errors.APIError.raise_for_response(response)
    ~~~~~~~~~~~~~~~~~~~~~~~~~~~~~~~~~~^^^^^^^^^^
  File "C:\KIT - Software Engineering\Year 3\IC Internship\SOF\student-opportunity-finder\tools\scraper\venv\Lib\site-packages\google\genai\errors.py", line 134, in raise_for_response
    cls.raise_error(response.status_code, response_json, response)
    ~~~~~~~~~~~~~~~^^^^^^^^^^^^^^^^^^^^^^^^^^^^^^^^^^^^^^^^^^^^^^^
  File "C:\KIT - Software Engineering\Year 3\IC Internship\SOF\student-opportunity-finder\tools\scraper\venv\Lib\site-packages\google\genai\errors.py", line 161, in raise_error
    raise ServerError(status_code, response_json, response)
google.genai.errors.ServerError: 503 UNAVAILABLE. {'error': {'code': 503, 'message': 'This model is currently experiencing high demand. Spikes in demand are usually temporary. Please try again later.', 'status': 'UNAVAILABLE'}}
2026-05-24 13:03:09,729 [INFO] Processing 50 items...
2026-05-24 13:03:12,995 [INFO] Skipped 1044: not an opportunity
2026-05-24 13:03:17,696 [INFO] Skipped 1037: not an opportunity
2026-05-24 13:03:26,684 [INFO] Processed: 1043 | image=no
2026-05-24 13:03:31,545 [INFO] Skipped 1055: not an opportunity
2026-05-24 13:03:33,079 [ERROR] Failed 1057: 503 UNAVAILABLE. {'error': {'code': 503, 'message': 'This model is currently experiencing high demand. Spikes in demand are usually temporary. Please try again later.', 'status': 'UNAVAILABLE'}}
Traceback (most recent call last):
  File "C:\KIT - Software Engineering\Year 3\IC Internship\SOF\student-opportunity-finder\tools\scraper\cleaner.py", line 628, in process_queue
    ai_result = await asyncio.to_thread(call_gemini, cleaned)
                ^^^^^^^^^^^^^^^^^^^^^^^^^^^^^^^^^^^^^^^^^^^^^
  File "C:\Users\rasyy\AppData\Local\Python\pythoncore-3.14-64\Lib\asyncio\threads.py", line 25, in to_thread
    return await loop.run_in_executor(None, func_call)
           ^^^^^^^^^^^^^^^^^^^^^^^^^^^^^^^^^^^^^^^^^^^
  File "C:\Users\rasyy\AppData\Local\Python\pythoncore-3.14-64\Lib\concurrent\futures\thread.py", line 86, in run
    result = ctx.run(self.task)
  File "C:\Users\rasyy\AppData\Local\Python\pythoncore-3.14-64\Lib\concurrent\futures\thread.py", line 73, in run
    return fn(*args, **kwargs)
  File "C:\KIT - Software Engineering\Year 3\IC Internship\SOF\student-opportunity-finder\tools\scraper\venv\Lib\site-packages\tenacity\__init__.py", line 331, in wrapped_f
    return copy(f, *args, **kw)
  File "C:\KIT - Software Engineering\Year 3\IC Internship\SOF\student-opportunity-finder\tools\scraper\venv\Lib\site-packages\tenacity\__init__.py", line 470, in __call__
    do = self.iter(retry_state=retry_state)
  File "C:\KIT - Software Engineering\Year 3\IC Internship\SOF\student-opportunity-finder\tools\scraper\venv\Lib\site-packages\tenacity\__init__.py", line 371, in iter
    result = action(retry_state)
  File "C:\KIT - Software Engineering\Year 3\IC Internship\SOF\student-opportunity-finder\tools\scraper\venv\Lib\site-packages\tenacity\__init__.py", line 393, in <lambda>
    self._add_action_func(lambda rs: rs.outcome.result())
                                     ~~~~~~~~~~~~~~~~~^^
  File "C:\Users\rasyy\AppData\Local\Python\pythoncore-3.14-64\Lib\concurrent\futures\_base.py", line 443, in result
    return self.__get_result()
           ~~~~~~~~~~~~~~~~~^^
  File "C:\Users\rasyy\AppData\Local\Python\pythoncore-3.14-64\Lib\concurrent\futures\_base.py", line 395, in __get_result
    raise self._exception
  File "C:\KIT - Software Engineering\Year 3\IC Internship\SOF\student-opportunity-finder\tools\scraper\venv\Lib\site-packages\tenacity\__init__.py", line 473, in __call__
    result = fn(*args, **kwargs)
  File "C:\KIT - Software Engineering\Year 3\IC Internship\SOF\student-opportunity-finder\tools\scraper\cleaner.py", line 336, in call_gemini
    response = gemini.models.generate_content(
        model="gemini-2.5-flash-lite",
    ...<6 lines>...
        )
    )
  File "C:\KIT - Software Engineering\Year 3\IC Internship\SOF\student-opportunity-finder\tools\scraper\venv\Lib\site-packages\google\genai\models.py", line 5709, in generate_content
    response = self._generate_content(
        model=model, contents=contents, config=parsed_config
    )
  File "C:\KIT - Software Engineering\Year 3\IC Internship\SOF\student-opportunity-finder\tools\scraper\venv\Lib\site-packages\google\genai\models.py", line 4371, in _generate_content
    response = self._api_client.request(
        'post', path, request_dict, http_options
    )
  File "C:\KIT - Software Engineering\Year 3\IC Internship\SOF\student-opportunity-finder\tools\scraper\venv\Lib\site-packages\google\genai\_api_client.py", line 1401, in request
    response = self._request(http_request, http_options, stream=False)
  File "C:\KIT - Software Engineering\Year 3\IC Internship\SOF\student-opportunity-finder\tools\scraper\venv\Lib\site-packages\google\genai\_api_client.py", line 1237, in _request
    return self._retry(self._request_once, http_request, stream)  # type: ignore[no-any-return]
           ~~~~~~~~~~~^^^^^^^^^^^^^^^^^^^^^^^^^^^^^^^^^^^^^^^^^^
  File "C:\KIT - Software Engineering\Year 3\IC Internship\SOF\student-opportunity-finder\tools\scraper\venv\Lib\site-packages\tenacity\__init__.py", line 470, in __call__
    do = self.iter(retry_state=retry_state)
  File "C:\KIT - Software Engineering\Year 3\IC Internship\SOF\student-opportunity-finder\tools\scraper\venv\Lib\site-packages\tenacity\__init__.py", line 371, in iter
    result = action(retry_state)
  File "C:\KIT - Software Engineering\Year 3\IC Internship\SOF\student-opportunity-finder\tools\scraper\venv\Lib\site-packages\tenacity\__init__.py", line 413, in exc_check
    raise retry_exc.reraise()
          ~~~~~~~~~~~~~~~~~^^
  File "C:\KIT - Software Engineering\Year 3\IC Internship\SOF\student-opportunity-finder\tools\scraper\venv\Lib\site-packages\tenacity\__init__.py", line 184, in reraise
    raise self.last_attempt.result()
          ~~~~~~~~~~~~~~~~~~~~~~~~^^
  File "C:\Users\rasyy\AppData\Local\Python\pythoncore-3.14-64\Lib\concurrent\futures\_base.py", line 443, in result
    return self.__get_result()
           ~~~~~~~~~~~~~~~~~^^
  File "C:\Users\rasyy\AppData\Local\Python\pythoncore-3.14-64\Lib\concurrent\futures\_base.py", line 395, in __get_result
    raise self._exception
  File "C:\KIT - Software Engineering\Year 3\IC Internship\SOF\student-opportunity-finder\tools\scraper\venv\Lib\site-packages\tenacity\__init__.py", line 473, in __call__
    result = fn(*args, **kwargs)
  File "C:\KIT - Software Engineering\Year 3\IC Internship\SOF\student-opportunity-finder\tools\scraper\venv\Lib\site-packages\google\genai\_api_client.py", line 1214, in _request_once
    errors.APIError.raise_for_response(response)
    ~~~~~~~~~~~~~~~~~~~~~~~~~~~~~~~~~~^^^^^^^^^^
  File "C:\KIT - Software Engineering\Year 3\IC Internship\SOF\student-opportunity-finder\tools\scraper\venv\Lib\site-packages\google\genai\errors.py", line 134, in raise_for_response
    cls.raise_error(response.status_code, response_json, response)
    ~~~~~~~~~~~~~~~^^^^^^^^^^^^^^^^^^^^^^^^^^^^^^^^^^^^^^^^^^^^^^^
  File "C:\KIT - Software Engineering\Year 3\IC Internship\SOF\student-opportunity-finder\tools\scraper\venv\Lib\site-packages\google\genai\errors.py", line 161, in raise_error
    raise ServerError(status_code, response_json, response)
google.genai.errors.ServerError: 503 UNAVAILABLE. {'error': {'code': 503, 'message': 'This model is currently experiencing high demand. Spikes in demand are usually temporary. Please try again later.', 'status': 'UNAVAILABLE'}}
2026-05-24 13:03:35,876 [ERROR] Failed 1056: 503 UNAVAILABLE. {'error': {'code': 503, 'message': 'This model is currently experiencing high demand. Spikes in demand are usually temporary. Please try again later.', 'status': 'UNAVAILABLE'}}
Traceback (most recent call last):
  File "C:\KIT - Software Engineering\Year 3\IC Internship\SOF\student-opportunity-finder\tools\scraper\cleaner.py", line 628, in process_queue
    ai_result = await asyncio.to_thread(call_gemini, cleaned)
                ^^^^^^^^^^^^^^^^^^^^^^^^^^^^^^^^^^^^^^^^^^^^^
  File "C:\Users\rasyy\AppData\Local\Python\pythoncore-3.14-64\Lib\asyncio\threads.py", line 25, in to_thread
    return await loop.run_in_executor(None, func_call)
           ^^^^^^^^^^^^^^^^^^^^^^^^^^^^^^^^^^^^^^^^^^^
  File "C:\Users\rasyy\AppData\Local\Python\pythoncore-3.14-64\Lib\concurrent\futures\thread.py", line 86, in run
    result = ctx.run(self.task)
  File "C:\Users\rasyy\AppData\Local\Python\pythoncore-3.14-64\Lib\concurrent\futures\thread.py", line 73, in run
    return fn(*args, **kwargs)
  File "C:\KIT - Software Engineering\Year 3\IC Internship\SOF\student-opportunity-finder\tools\scraper\venv\Lib\site-packages\tenacity\__init__.py", line 331, in wrapped_f
    return copy(f, *args, **kw)
  File "C:\KIT - Software Engineering\Year 3\IC Internship\SOF\student-opportunity-finder\tools\scraper\venv\Lib\site-packages\tenacity\__init__.py", line 470, in __call__
    do = self.iter(retry_state=retry_state)
  File "C:\KIT - Software Engineering\Year 3\IC Internship\SOF\student-opportunity-finder\tools\scraper\venv\Lib\site-packages\tenacity\__init__.py", line 371, in iter
    result = action(retry_state)
  File "C:\KIT - Software Engineering\Year 3\IC Internship\SOF\student-opportunity-finder\tools\scraper\venv\Lib\site-packages\tenacity\__init__.py", line 393, in <lambda>
    self._add_action_func(lambda rs: rs.outcome.result())
                                     ~~~~~~~~~~~~~~~~~^^
  File "C:\Users\rasyy\AppData\Local\Python\pythoncore-3.14-64\Lib\concurrent\futures\_base.py", line 443, in result
    return self.__get_result()
           ~~~~~~~~~~~~~~~~~^^
  File "C:\Users\rasyy\AppData\Local\Python\pythoncore-3.14-64\Lib\concurrent\futures\_base.py", line 395, in __get_result
    raise self._exception
  File "C:\KIT - Software Engineering\Year 3\IC Internship\SOF\student-opportunity-finder\tools\scraper\venv\Lib\site-packages\tenacity\__init__.py", line 473, in __call__
    result = fn(*args, **kwargs)
  File "C:\KIT - Software Engineering\Year 3\IC Internship\SOF\student-opportunity-finder\tools\scraper\cleaner.py", line 336, in call_gemini
    response = gemini.models.generate_content(
        model="gemini-2.5-flash-lite",
    ...<6 lines>...
        )
    )
  File "C:\KIT - Software Engineering\Year 3\IC Internship\SOF\student-opportunity-finder\tools\scraper\venv\Lib\site-packages\google\genai\models.py", line 5709, in generate_content
    response = self._generate_content(
        model=model, contents=contents, config=parsed_config
    )
  File "C:\KIT - Software Engineering\Year 3\IC Internship\SOF\student-opportunity-finder\tools\scraper\venv\Lib\site-packages\google\genai\models.py", line 4371, in _generate_content
    response = self._api_client.request(
        'post', path, request_dict, http_options
    )
  File "C:\KIT - Software Engineering\Year 3\IC Internship\SOF\student-opportunity-finder\tools\scraper\venv\Lib\site-packages\google\genai\_api_client.py", line 1401, in request
    response = self._request(http_request, http_options, stream=False)
  File "C:\KIT - Software Engineering\Year 3\IC Internship\SOF\student-opportunity-finder\tools\scraper\venv\Lib\site-packages\google\genai\_api_client.py", line 1237, in _request
    return self._retry(self._request_once, http_request, stream)  # type: ignore[no-any-return]
           ~~~~~~~~~~~^^^^^^^^^^^^^^^^^^^^^^^^^^^^^^^^^^^^^^^^^^
  File "C:\KIT - Software Engineering\Year 3\IC Internship\SOF\student-opportunity-finder\tools\scraper\venv\Lib\site-packages\tenacity\__init__.py", line 470, in __call__
    do = self.iter(retry_state=retry_state)
  File "C:\KIT - Software Engineering\Year 3\IC Internship\SOF\student-opportunity-finder\tools\scraper\venv\Lib\site-packages\tenacity\__init__.py", line 371, in iter
    result = action(retry_state)
  File "C:\KIT - Software Engineering\Year 3\IC Internship\SOF\student-opportunity-finder\tools\scraper\venv\Lib\site-packages\tenacity\__init__.py", line 413, in exc_check
    raise retry_exc.reraise()
          ~~~~~~~~~~~~~~~~~^^
  File "C:\KIT - Software Engineering\Year 3\IC Internship\SOF\student-opportunity-finder\tools\scraper\venv\Lib\site-packages\tenacity\__init__.py", line 184, in reraise
    raise self.last_attempt.result()
          ~~~~~~~~~~~~~~~~~~~~~~~~^^
  File "C:\Users\rasyy\AppData\Local\Python\pythoncore-3.14-64\Lib\concurrent\futures\_base.py", line 443, in result
    return self.__get_result()
           ~~~~~~~~~~~~~~~~~^^
  File "C:\Users\rasyy\AppData\Local\Python\pythoncore-3.14-64\Lib\concurrent\futures\_base.py", line 395, in __get_result
    raise self._exception
  File "C:\KIT - Software Engineering\Year 3\IC Internship\SOF\student-opportunity-finder\tools\scraper\venv\Lib\site-packages\tenacity\__init__.py", line 473, in __call__
    result = fn(*args, **kwargs)
  File "C:\KIT - Software Engineering\Year 3\IC Internship\SOF\student-opportunity-finder\tools\scraper\venv\Lib\site-packages\google\genai\_api_client.py", line 1214, in _request_once
    errors.APIError.raise_for_response(response)
    ~~~~~~~~~~~~~~~~~~~~~~~~~~~~~~~~~~^^^^^^^^^^
  File "C:\KIT - Software Engineering\Year 3\IC Internship\SOF\student-opportunity-finder\tools\scraper\venv\Lib\site-packages\google\genai\errors.py", line 134, in raise_for_response
    cls.raise_error(response.status_code, response_json, response)
    ~~~~~~~~~~~~~~~^^^^^^^^^^^^^^^^^^^^^^^^^^^^^^^^^^^^^^^^^^^^^^^
  File "C:\KIT - Software Engineering\Year 3\IC Internship\SOF\student-opportunity-finder\tools\scraper\venv\Lib\site-packages\google\genai\errors.py", line 161, in raise_error
    raise ServerError(status_code, response_json, response)
google.genai.errors.ServerError: 503 UNAVAILABLE. {'error': {'code': 503, 'message': 'This model is currently experiencing high demand. Spikes in demand are usually temporary. Please try again later.', 'status': 'UNAVAILABLE'}}
2026-05-24 13:03:39,014 [ERROR] Failed 1058: 503 UNAVAILABLE. {'error': {'code': 503, 'message': 'This model is currently experiencing high demand. Spikes in demand are usually temporary. Please try again later.', 'status': 'UNAVAILABLE'}}
Traceback (most recent call last):
  File "C:\KIT - Software Engineering\Year 3\IC Internship\SOF\student-opportunity-finder\tools\scraper\cleaner.py", line 628, in process_queue
    ai_result = await asyncio.to_thread(call_gemini, cleaned)
                ^^^^^^^^^^^^^^^^^^^^^^^^^^^^^^^^^^^^^^^^^^^^^
  File "C:\Users\rasyy\AppData\Local\Python\pythoncore-3.14-64\Lib\asyncio\threads.py", line 25, in to_thread
    return await loop.run_in_executor(None, func_call)
           ^^^^^^^^^^^^^^^^^^^^^^^^^^^^^^^^^^^^^^^^^^^
  File "C:\Users\rasyy\AppData\Local\Python\pythoncore-3.14-64\Lib\concurrent\futures\thread.py", line 86, in run
    result = ctx.run(self.task)
  File "C:\Users\rasyy\AppData\Local\Python\pythoncore-3.14-64\Lib\concurrent\futures\thread.py", line 73, in run
    return fn(*args, **kwargs)
  File "C:\KIT - Software Engineering\Year 3\IC Internship\SOF\student-opportunity-finder\tools\scraper\venv\Lib\site-packages\tenacity\__init__.py", line 331, in wrapped_f
    return copy(f, *args, **kw)
  File "C:\KIT - Software Engineering\Year 3\IC Internship\SOF\student-opportunity-finder\tools\scraper\venv\Lib\site-packages\tenacity\__init__.py", line 470, in __call__
    do = self.iter(retry_state=retry_state)
  File "C:\KIT - Software Engineering\Year 3\IC Internship\SOF\student-opportunity-finder\tools\scraper\venv\Lib\site-packages\tenacity\__init__.py", line 371, in iter
    result = action(retry_state)
  File "C:\KIT - Software Engineering\Year 3\IC Internship\SOF\student-opportunity-finder\tools\scraper\venv\Lib\site-packages\tenacity\__init__.py", line 393, in <lambda>
    self._add_action_func(lambda rs: rs.outcome.result())
                                     ~~~~~~~~~~~~~~~~~^^
  File "C:\Users\rasyy\AppData\Local\Python\pythoncore-3.14-64\Lib\concurrent\futures\_base.py", line 443, in result
    return self.__get_result()
           ~~~~~~~~~~~~~~~~~^^
  File "C:\Users\rasyy\AppData\Local\Python\pythoncore-3.14-64\Lib\concurrent\futures\_base.py", line 395, in __get_result
    raise self._exception
  File "C:\KIT - Software Engineering\Year 3\IC Internship\SOF\student-opportunity-finder\tools\scraper\venv\Lib\site-packages\tenacity\__init__.py", line 473, in __call__
    result = fn(*args, **kwargs)
  File "C:\KIT - Software Engineering\Year 3\IC Internship\SOF\student-opportunity-finder\tools\scraper\cleaner.py", line 336, in call_gemini
    response = gemini.models.generate_content(
        model="gemini-2.5-flash-lite",
    ...<6 lines>...
        )
    )
  File "C:\KIT - Software Engineering\Year 3\IC Internship\SOF\student-opportunity-finder\tools\scraper\venv\Lib\site-packages\google\genai\models.py", line 5709, in generate_content
    response = self._generate_content(
        model=model, contents=contents, config=parsed_config
    )
  File "C:\KIT - Software Engineering\Year 3\IC Internship\SOF\student-opportunity-finder\tools\scraper\venv\Lib\site-packages\google\genai\models.py", line 4371, in _generate_content
    response = self._api_client.request(
        'post', path, request_dict, http_options
    )
  File "C:\KIT - Software Engineering\Year 3\IC Internship\SOF\student-opportunity-finder\tools\scraper\venv\Lib\site-packages\google\genai\_api_client.py", line 1401, in request
    response = self._request(http_request, http_options, stream=False)
  File "C:\KIT - Software Engineering\Year 3\IC Internship\SOF\student-opportunity-finder\tools\scraper\venv\Lib\site-packages\google\genai\_api_client.py", line 1237, in _request
    return self._retry(self._request_once, http_request, stream)  # type: ignore[no-any-return]
           ~~~~~~~~~~~^^^^^^^^^^^^^^^^^^^^^^^^^^^^^^^^^^^^^^^^^^
  File "C:\KIT - Software Engineering\Year 3\IC Internship\SOF\student-opportunity-finder\tools\scraper\venv\Lib\site-packages\tenacity\__init__.py", line 470, in __call__
    do = self.iter(retry_state=retry_state)
  File "C:\KIT - Software Engineering\Year 3\IC Internship\SOF\student-opportunity-finder\tools\scraper\venv\Lib\site-packages\tenacity\__init__.py", line 371, in iter
    result = action(retry_state)
  File "C:\KIT - Software Engineering\Year 3\IC Internship\SOF\student-opportunity-finder\tools\scraper\venv\Lib\site-packages\tenacity\__init__.py", line 413, in exc_check
    raise retry_exc.reraise()
          ~~~~~~~~~~~~~~~~~^^
  File "C:\KIT - Software Engineering\Year 3\IC Internship\SOF\student-opportunity-finder\tools\scraper\venv\Lib\site-packages\tenacity\__init__.py", line 184, in reraise
    raise self.last_attempt.result()
          ~~~~~~~~~~~~~~~~~~~~~~~~^^
  File "C:\Users\rasyy\AppData\Local\Python\pythoncore-3.14-64\Lib\concurrent\futures\_base.py", line 443, in result
    return self.__get_result()
           ~~~~~~~~~~~~~~~~~^^
  File "C:\Users\rasyy\AppData\Local\Python\pythoncore-3.14-64\Lib\concurrent\futures\_base.py", line 395, in __get_result
    raise self._exception
  File "C:\KIT - Software Engineering\Year 3\IC Internship\SOF\student-opportunity-finder\tools\scraper\venv\Lib\site-packages\tenacity\__init__.py", line 473, in __call__
    result = fn(*args, **kwargs)
  File "C:\KIT - Software Engineering\Year 3\IC Internship\SOF\student-opportunity-finder\tools\scraper\venv\Lib\site-packages\google\genai\_api_client.py", line 1214, in _request_once
    errors.APIError.raise_for_response(response)
    ~~~~~~~~~~~~~~~~~~~~~~~~~~~~~~~~~~^^^^^^^^^^
  File "C:\KIT - Software Engineering\Year 3\IC Internship\SOF\student-opportunity-finder\tools\scraper\venv\Lib\site-packages\google\genai\errors.py", line 134, in raise_for_response
    cls.raise_error(response.status_code, response_json, response)
    ~~~~~~~~~~~~~~~^^^^^^^^^^^^^^^^^^^^^^^^^^^^^^^^^^^^^^^^^^^^^^^
  File "C:\KIT - Software Engineering\Year 3\IC Internship\SOF\student-opportunity-finder\tools\scraper\venv\Lib\site-packages\google\genai\errors.py", line 161, in raise_error
    raise ServerError(status_code, response_json, response)
google.genai.errors.ServerError: 503 UNAVAILABLE. {'error': {'code': 503, 'message': 'This model is currently experiencing high demand. Spikes in demand are usually temporary. Please try again later.', 'status': 'UNAVAILABLE'}}
2026-05-24 13:03:42,266 [ERROR] Failed 1059: 503 UNAVAILABLE. {'error': {'code': 503, 'message': 'This model is currently experiencing high demand. Spikes in demand are usually temporary. Please try again later.', 'status': 'UNAVAILABLE'}}
Traceback (most recent call last):
  File "C:\KIT - Software Engineering\Year 3\IC Internship\SOF\student-opportunity-finder\tools\scraper\cleaner.py", line 628, in process_queue
    ai_result = await asyncio.to_thread(call_gemini, cleaned)
                ^^^^^^^^^^^^^^^^^^^^^^^^^^^^^^^^^^^^^^^^^^^^^
  File "C:\Users\rasyy\AppData\Local\Python\pythoncore-3.14-64\Lib\asyncio\threads.py", line 25, in to_thread
    return await loop.run_in_executor(None, func_call)
           ^^^^^^^^^^^^^^^^^^^^^^^^^^^^^^^^^^^^^^^^^^^
  File "C:\Users\rasyy\AppData\Local\Python\pythoncore-3.14-64\Lib\concurrent\futures\thread.py", line 86, in run
    result = ctx.run(self.task)
  File "C:\Users\rasyy\AppData\Local\Python\pythoncore-3.14-64\Lib\concurrent\futures\thread.py", line 73, in run
    return fn(*args, **kwargs)
  File "C:\KIT - Software Engineering\Year 3\IC Internship\SOF\student-opportunity-finder\tools\scraper\venv\Lib\site-packages\tenacity\__init__.py", line 331, in wrapped_f
    return copy(f, *args, **kw)
  File "C:\KIT - Software Engineering\Year 3\IC Internship\SOF\student-opportunity-finder\tools\scraper\venv\Lib\site-packages\tenacity\__init__.py", line 470, in __call__
    do = self.iter(retry_state=retry_state)
  File "C:\KIT - Software Engineering\Year 3\IC Internship\SOF\student-opportunity-finder\tools\scraper\venv\Lib\site-packages\tenacity\__init__.py", line 371, in iter
    result = action(retry_state)
  File "C:\KIT - Software Engineering\Year 3\IC Internship\SOF\student-opportunity-finder\tools\scraper\venv\Lib\site-packages\tenacity\__init__.py", line 393, in <lambda>
    self._add_action_func(lambda rs: rs.outcome.result())
                                     ~~~~~~~~~~~~~~~~~^^
  File "C:\Users\rasyy\AppData\Local\Python\pythoncore-3.14-64\Lib\concurrent\futures\_base.py", line 443, in result
    return self.__get_result()
           ~~~~~~~~~~~~~~~~~^^
  File "C:\Users\rasyy\AppData\Local\Python\pythoncore-3.14-64\Lib\concurrent\futures\_base.py", line 395, in __get_result
    raise self._exception
  File "C:\KIT - Software Engineering\Year 3\IC Internship\SOF\student-opportunity-finder\tools\scraper\venv\Lib\site-packages\tenacity\__init__.py", line 473, in __call__
    result = fn(*args, **kwargs)
  File "C:\KIT - Software Engineering\Year 3\IC Internship\SOF\student-opportunity-finder\tools\scraper\cleaner.py", line 336, in call_gemini
    response = gemini.models.generate_content(
        model="gemini-2.5-flash-lite",
    ...<6 lines>...
        )
    )
  File "C:\KIT - Software Engineering\Year 3\IC Internship\SOF\student-opportunity-finder\tools\scraper\venv\Lib\site-packages\google\genai\models.py", line 5709, in generate_content
    response = self._generate_content(
        model=model, contents=contents, config=parsed_config
    )
  File "C:\KIT - Software Engineering\Year 3\IC Internship\SOF\student-opportunity-finder\tools\scraper\venv\Lib\site-packages\google\genai\models.py", line 4371, in _generate_content
    response = self._api_client.request(
        'post', path, request_dict, http_options
    )
  File "C:\KIT - Software Engineering\Year 3\IC Internship\SOF\student-opportunity-finder\tools\scraper\venv\Lib\site-packages\google\genai\_api_client.py", line 1401, in request
    response = self._request(http_request, http_options, stream=False)
  File "C:\KIT - Software Engineering\Year 3\IC Internship\SOF\student-opportunity-finder\tools\scraper\venv\Lib\site-packages\google\genai\_api_client.py", line 1237, in _request
    return self._retry(self._request_once, http_request, stream)  # type: ignore[no-any-return]
           ~~~~~~~~~~~^^^^^^^^^^^^^^^^^^^^^^^^^^^^^^^^^^^^^^^^^^
  File "C:\KIT - Software Engineering\Year 3\IC Internship\SOF\student-opportunity-finder\tools\scraper\venv\Lib\site-packages\tenacity\__init__.py", line 470, in __call__
    do = self.iter(retry_state=retry_state)
  File "C:\KIT - Software Engineering\Year 3\IC Internship\SOF\student-opportunity-finder\tools\scraper\venv\Lib\site-packages\tenacity\__init__.py", line 371, in iter
    result = action(retry_state)
  File "C:\KIT - Software Engineering\Year 3\IC Internship\SOF\student-opportunity-finder\tools\scraper\venv\Lib\site-packages\tenacity\__init__.py", line 413, in exc_check
    raise retry_exc.reraise()
          ~~~~~~~~~~~~~~~~~^^
  File "C:\KIT - Software Engineering\Year 3\IC Internship\SOF\student-opportunity-finder\tools\scraper\venv\Lib\site-packages\tenacity\__init__.py", line 184, in reraise
    raise self.last_attempt.result()
          ~~~~~~~~~~~~~~~~~~~~~~~~^^
  File "C:\Users\rasyy\AppData\Local\Python\pythoncore-3.14-64\Lib\concurrent\futures\_base.py", line 443, in result
    return self.__get_result()
           ~~~~~~~~~~~~~~~~~^^
  File "C:\Users\rasyy\AppData\Local\Python\pythoncore-3.14-64\Lib\concurrent\futures\_base.py", line 395, in __get_result
    raise self._exception
  File "C:\KIT - Software Engineering\Year 3\IC Internship\SOF\student-opportunity-finder\tools\scraper\venv\Lib\site-packages\tenacity\__init__.py", line 473, in __call__
    result = fn(*args, **kwargs)
  File "C:\KIT - Software Engineering\Year 3\IC Internship\SOF\student-opportunity-finder\tools\scraper\venv\Lib\site-packages\google\genai\_api_client.py", line 1214, in _request_once
    errors.APIError.raise_for_response(response)
    ~~~~~~~~~~~~~~~~~~~~~~~~~~~~~~~~~~^^^^^^^^^^
  File "C:\KIT - Software Engineering\Year 3\IC Internship\SOF\student-opportunity-finder\tools\scraper\venv\Lib\site-packages\google\genai\errors.py", line 134, in raise_for_response
    cls.raise_error(response.status_code, response_json, response)
    ~~~~~~~~~~~~~~~^^^^^^^^^^^^^^^^^^^^^^^^^^^^^^^^^^^^^^^^^^^^^^^
  File "C:\KIT - Software Engineering\Year 3\IC Internship\SOF\student-opportunity-finder\tools\scraper\venv\Lib\site-packages\google\genai\errors.py", line 161, in raise_error
    raise ServerError(status_code, response_json, response)
google.genai.errors.ServerError: 503 UNAVAILABLE. {'error': {'code': 503, 'message': 'This model is currently experiencing high demand. Spikes in demand are usually temporary. Please try again later.', 'status': 'UNAVAILABLE'}}
2026-05-24 13:03:45,607 [ERROR] Failed 1060: 503 UNAVAILABLE. {'error': {'code': 503, 'message': 'This model is currently experiencing high demand. Spikes in demand are usually temporary. Please try again later.', 'status': 'UNAVAILABLE'}}
Traceback (most recent call last):
  File "C:\KIT - Software Engineering\Year 3\IC Internship\SOF\student-opportunity-finder\tools\scraper\cleaner.py", line 628, in process_queue
    ai_result = await asyncio.to_thread(call_gemini, cleaned)
                ^^^^^^^^^^^^^^^^^^^^^^^^^^^^^^^^^^^^^^^^^^^^^
  File "C:\Users\rasyy\AppData\Local\Python\pythoncore-3.14-64\Lib\asyncio\threads.py", line 25, in to_thread
    return await loop.run_in_executor(None, func_call)
           ^^^^^^^^^^^^^^^^^^^^^^^^^^^^^^^^^^^^^^^^^^^
  File "C:\Users\rasyy\AppData\Local\Python\pythoncore-3.14-64\Lib\concurrent\futures\thread.py", line 86, in run
    result = ctx.run(self.task)
  File "C:\Users\rasyy\AppData\Local\Python\pythoncore-3.14-64\Lib\concurrent\futures\thread.py", line 73, in run
    return fn(*args, **kwargs)
  File "C:\KIT - Software Engineering\Year 3\IC Internship\SOF\student-opportunity-finder\tools\scraper\venv\Lib\site-packages\tenacity\__init__.py", line 331, in wrapped_f
    return copy(f, *args, **kw)
  File "C:\KIT - Software Engineering\Year 3\IC Internship\SOF\student-opportunity-finder\tools\scraper\venv\Lib\site-packages\tenacity\__init__.py", line 470, in __call__
    do = self.iter(retry_state=retry_state)
  File "C:\KIT - Software Engineering\Year 3\IC Internship\SOF\student-opportunity-finder\tools\scraper\venv\Lib\site-packages\tenacity\__init__.py", line 371, in iter
    result = action(retry_state)
  File "C:\KIT - Software Engineering\Year 3\IC Internship\SOF\student-opportunity-finder\tools\scraper\venv\Lib\site-packages\tenacity\__init__.py", line 393, in <lambda>
    self._add_action_func(lambda rs: rs.outcome.result())
                                     ~~~~~~~~~~~~~~~~~^^
  File "C:\Users\rasyy\AppData\Local\Python\pythoncore-3.14-64\Lib\concurrent\futures\_base.py", line 443, in result
    return self.__get_result()
           ~~~~~~~~~~~~~~~~~^^
  File "C:\Users\rasyy\AppData\Local\Python\pythoncore-3.14-64\Lib\concurrent\futures\_base.py", line 395, in __get_result
    raise self._exception
  File "C:\KIT - Software Engineering\Year 3\IC Internship\SOF\student-opportunity-finder\tools\scraper\venv\Lib\site-packages\tenacity\__init__.py", line 473, in __call__
    result = fn(*args, **kwargs)
  File "C:\KIT - Software Engineering\Year 3\IC Internship\SOF\student-opportunity-finder\tools\scraper\cleaner.py", line 336, in call_gemini
    response = gemini.models.generate_content(
        model="gemini-2.5-flash-lite",
    ...<6 lines>...
        )
    )
  File "C:\KIT - Software Engineering\Year 3\IC Internship\SOF\student-opportunity-finder\tools\scraper\venv\Lib\site-packages\google\genai\models.py", line 5709, in generate_content
    response = self._generate_content(
        model=model, contents=contents, config=parsed_config
    )
  File "C:\KIT - Software Engineering\Year 3\IC Internship\SOF\student-opportunity-finder\tools\scraper\venv\Lib\site-packages\google\genai\models.py", line 4371, in _generate_content
    response = self._api_client.request(
        'post', path, request_dict, http_options
    )
  File "C:\KIT - Software Engineering\Year 3\IC Internship\SOF\student-opportunity-finder\tools\scraper\venv\Lib\site-packages\google\genai\_api_client.py", line 1401, in request
    response = self._request(http_request, http_options, stream=False)
  File "C:\KIT - Software Engineering\Year 3\IC Internship\SOF\student-opportunity-finder\tools\scraper\venv\Lib\site-packages\google\genai\_api_client.py", line 1237, in _request
    return self._retry(self._request_once, http_request, stream)  # type: ignore[no-any-return]
           ~~~~~~~~~~~^^^^^^^^^^^^^^^^^^^^^^^^^^^^^^^^^^^^^^^^^^
  File "C:\KIT - Software Engineering\Year 3\IC Internship\SOF\student-opportunity-finder\tools\scraper\venv\Lib\site-packages\tenacity\__init__.py", line 470, in __call__
    do = self.iter(retry_state=retry_state)
  File "C:\KIT - Software Engineering\Year 3\IC Internship\SOF\student-opportunity-finder\tools\scraper\venv\Lib\site-packages\tenacity\__init__.py", line 371, in iter
    result = action(retry_state)
  File "C:\KIT - Software Engineering\Year 3\IC Internship\SOF\student-opportunity-finder\tools\scraper\venv\Lib\site-packages\tenacity\__init__.py", line 413, in exc_check
    raise retry_exc.reraise()
          ~~~~~~~~~~~~~~~~~^^
  File "C:\KIT - Software Engineering\Year 3\IC Internship\SOF\student-opportunity-finder\tools\scraper\venv\Lib\site-packages\tenacity\__init__.py", line 184, in reraise
    raise self.last_attempt.result()
          ~~~~~~~~~~~~~~~~~~~~~~~~^^
  File "C:\Users\rasyy\AppData\Local\Python\pythoncore-3.14-64\Lib\concurrent\futures\_base.py", line 443, in result
    return self.__get_result()
           ~~~~~~~~~~~~~~~~~^^
  File "C:\Users\rasyy\AppData\Local\Python\pythoncore-3.14-64\Lib\concurrent\futures\_base.py", line 395, in __get_result
    raise self._exception
  File "C:\KIT - Software Engineering\Year 3\IC Internship\SOF\student-opportunity-finder\tools\scraper\venv\Lib\site-packages\tenacity\__init__.py", line 473, in __call__
    result = fn(*args, **kwargs)
  File "C:\KIT - Software Engineering\Year 3\IC Internship\SOF\student-opportunity-finder\tools\scraper\venv\Lib\site-packages\google\genai\_api_client.py", line 1214, in _request_once
    errors.APIError.raise_for_response(response)
    ~~~~~~~~~~~~~~~~~~~~~~~~~~~~~~~~~~^^^^^^^^^^
  File "C:\KIT - Software Engineering\Year 3\IC Internship\SOF\student-opportunity-finder\tools\scraper\venv\Lib\site-packages\google\genai\errors.py", line 134, in raise_for_response
    cls.raise_error(response.status_code, response_json, response)
    ~~~~~~~~~~~~~~~^^^^^^^^^^^^^^^^^^^^^^^^^^^^^^^^^^^^^^^^^^^^^^^
  File "C:\KIT - Software Engineering\Year 3\IC Internship\SOF\student-opportunity-finder\tools\scraper\venv\Lib\site-packages\google\genai\errors.py", line 161, in raise_error
    raise ServerError(status_code, response_json, response)
google.genai.errors.ServerError: 503 UNAVAILABLE. {'error': {'code': 503, 'message': 'This model is currently experiencing high demand. Spikes in demand are usually temporary. Please try again later.', 'status': 'UNAVAILABLE'}}
2026-05-24 13:29:36,617 [INFO] Processing 50 items...
2026-05-24 13:29:55,216 [INFO] Image kept original: 138KB (compression would increase size)
2026-05-24 13:29:58,312 [INFO] Processed: 1061 | image=yes
2026-05-24 13:30:17,253 [INFO] Image compressed: 166KB -> 165KB
2026-05-24 13:30:19,232 [INFO] Processed: 1064 | image=yes
2026-05-24 13:30:36,853 [INFO] Image compressed: 78KB -> 76KB
2026-05-24 13:30:38,542 [INFO] Processed: 1063 | image=yes
2026-05-24 13:30:59,190 [INFO] Image kept original: 139KB (compression would increase size)
2026-05-24 13:31:01,367 [INFO] Processed: 1062 | image=yes
2026-05-24 13:31:10,919 [INFO] Image kept original: 115KB (compression would increase size)
2026-05-24 13:31:13,208 [INFO] Processed: 1065 | image=yes
2026-05-24 13:31:15,367 [INFO] Skipped 1066: no actionable signal (no URL, phone, email, or handle)
2026-05-24 13:31:31,488 [INFO] Image kept original: 139KB (compression would increase size)
2026-05-24 13:31:33,650 [INFO] Processed: 1068 | image=yes
2026-05-24 13:31:35,809 [INFO] Skipped 1067: no actionable signal (no URL, phone, email, or handle)
2026-05-24 13:31:35,964 [INFO] Skipped 1072: no actionable signal (no URL, phone, email, or handle)
2026-05-24 13:31:36,122 [INFO] Skipped 1070: no actionable signal (no URL, phone, email, or handle)
2026-05-24 13:31:44,475 [INFO] Processed: 1069 | image=no
2026-05-24 13:31:46,666 [INFO] Skipped 1073: no actionable signal (no URL, phone, email, or handle)
2026-05-24 13:31:46,803 [INFO] Skipped 1071: no actionable signal (no URL, phone, email, or handle)
2026-05-24 13:31:46,962 [INFO] Skipped 1075: no actionable signal (no URL, phone, email, or handle)
2026-05-24 13:31:47,111 [INFO] Skipped 1074: no actionable signal (no URL, phone, email, or handle)
2026-05-24 13:31:59,949 [INFO] Image compressed: 276KB -> 262KB
2026-05-24 13:32:02,173 [INFO] Processed: 1077 | image=yes
2026-05-24 13:32:18,981 [INFO] Skipped 1076: not an opportunity
2026-05-24 13:32:27,985 [INFO] Image compressed: 214KB -> 208KB
2026-05-24 13:32:29,738 [INFO] Duplicate skipped: 1079 matches existing 29940fab-d924-40cd-9861-4d6d252a3bcd
2026-05-24 13:32:38,300 [INFO] Image compressed: 228KB -> 222KB
2026-05-24 13:32:40,584 [INFO] Processed: 1078 | image=yes
2026-05-24 13:32:56,133 [INFO] Processed: 1080 | image=no
2026-05-24 13:33:10,608 [INFO] Skipped 1081: not an opportunity
2026-05-24 13:33:22,515 [INFO] Processed: 1092 | image=no
2026-05-24 13:34:08,337 [INFO] Image kept original: 84KB (compression would increase size)
2026-05-24 13:34:10,283 [INFO] Duplicate skipped: 1084 matches existing c549a313-0c83-431e-8c01-ce647c3afce4
2026-05-24 13:34:25,306 [INFO] Image kept original: 230KB (compression would increase size)
2026-05-24 13:34:27,547 [INFO] Processed: 1089 | image=yes
2026-05-24 13:34:48,847 [INFO] Image kept original: 176KB (compression would increase size)
2026-05-24 13:34:52,063 [INFO] Duplicate skipped: 1087 matches existing b02408c5-505b-4cc5-ad27-c01c7c2691ee
2026-05-24 13:35:13,758 [INFO] Image kept original: 264KB (compression would increase size)
2026-05-24 13:35:16,914 [INFO] Processed: 1090 | image=yes
2026-05-24 13:35:37,958 [INFO] Image kept original: 100KB (compression would increase size)
2026-05-24 13:35:40,186 [INFO] Processed: 1086 | image=yes
2026-05-24 13:35:42,342 [INFO] Skipped 1082: no actionable signal (no URL, phone, email, or handle)
2026-05-24 13:36:05,221 [INFO] Image kept original: 89KB (compression would increase size)
2026-05-24 13:36:06,914 [INFO] Duplicate skipped: 1083 matches existing fb4d3b9f-fd93-46fe-87de-d14c53dcbb92
2026-05-24 13:36:19,668 [INFO] Image kept original: 260KB (compression would increase size)
2026-05-24 13:36:21,415 [INFO] Duplicate skipped: 1088 matches existing e9817abe-7fc4-4e0f-a1f0-6a7c1128f211
2026-05-24 13:36:40,421 [INFO] Image kept original: 107KB (compression would increase size)
2026-05-24 13:36:41,868 [INFO] Duplicate skipped: 1085 matches existing fb4d3b9f-fd93-46fe-87de-d14c53dcbb92
2026-05-24 13:36:54,676 [INFO] Image kept original: 350KB (compression would increase size)
2026-05-24 13:36:56,283 [INFO] Duplicate skipped: 1091 matches existing e9817abe-7fc4-4e0f-a1f0-6a7c1128f211
2026-05-24 13:36:56,563 [INFO] Skipped 1097: no actionable signal (no URL, phone, email, or handle)
2026-05-24 13:36:56,703 [INFO] Skipped 1095: no actionable signal (no URL, phone, email, or handle)
2026-05-24 13:36:56,845 [INFO] Skipped 1096: no actionable signal (no URL, phone, email, or handle)
2026-05-24 13:36:56,988 [INFO] Skipped 1093: no actionable signal (no URL, phone, email, or handle)
2026-05-24 13:36:57,119 [INFO] Skipped 1094: no actionable signal (no URL, phone, email, or handle)
2026-05-24 13:37:06,187 [INFO] Skipped 1109: not an opportunity
2026-05-24 13:37:36,936 [INFO] Image compressed: 183KB -> 167KB
2026-05-24 13:37:39,361 [INFO] Processed: 1110 | image=yes
2026-05-24 13:37:53,814 [INFO] Skipped 1102: not an opportunity
2026-05-24 13:38:02,933 [INFO] Skipped 1101: not an opportunity
2026-05-24 13:38:25,144 [INFO] Skipped 1098: not an opportunity
2026-05-24 13:38:38,435 [INFO] Skipped 1108: not an opportunity
2026-05-24 13:38:57,289 [INFO] Skipped 1111: not an opportunity
2026-05-24 13:39:10,365 [INFO] Skipped 1112: not an opportunity
2026-05-24 13:39:28,421 [INFO] Skipped 1099: not an opportunity
2026-05-24 13:39:40,851 [INFO] Skipped 1107: not an opportunity
2026-05-24 13:39:52,804 [INFO] Skipped 1104: not an opportunity
2026-05-24 13:40:05,298 [INFO] Skipped 1105: not an opportunity
2026-05-24 13:40:17,389 [INFO] Skipped 1100: not an opportunity
2026-05-24 13:41:06,617 [INFO] Processing 50 items...
2026-05-24 13:41:28,859 [INFO] Skipped 1122: not an opportunity
2026-05-24 13:41:59,358 [INFO] Skipped 1119: not an opportunity
2026-05-24 13:42:08,547 [INFO] Skipped 1106: not an opportunity
2026-05-24 13:42:24,620 [INFO] Skipped 1115: not an opportunity
2026-05-24 13:42:40,835 [INFO] Skipped 1117: not an opportunity
2026-05-24 13:42:57,487 [INFO] Skipped 1113: not an opportunity
2026-05-24 13:43:15,442 [INFO] Skipped 1120: not an opportunity
2026-05-24 13:43:33,795 [INFO] Skipped 1121: not an opportunity
2026-05-24 13:44:02,353 [INFO] Skipped 1123: not an opportunity
2026-05-24 13:44:21,628 [INFO] Skipped 1124: not an opportunity
2026-05-24 13:44:37,035 [INFO] Skipped 1114: not an opportunity
2026-05-24 13:45:02,157 [INFO] Skipped 1125: not an opportunity
2026-05-24 13:45:15,624 [INFO] Skipped 1103: not an opportunity
2026-05-24 13:45:35,757 [INFO] Skipped 1118: not an opportunity
2026-05-24 13:45:50,668 [INFO] Skipped 1116: not an opportunity
2026-05-24 13:45:50,800 [INFO] Skipped 1126: no actionable signal (no URL, phone, email, or handle)
2026-05-24 13:46:01,814 [INFO] Image kept original: 160KB (compression would increase size)
2026-05-24 13:46:04,764 [INFO] Processed: 1127 | image=yes
2026-05-24 13:46:06,924 [INFO] Skipped 1128: no actionable signal (no URL, phone, email, or handle)
2026-05-24 13:46:07,077 [INFO] Skipped 1129: no actionable signal (no URL, phone, email, or handle)
2026-05-24 13:46:19,261 [INFO] Image kept original: 196KB (compression would increase size)
2026-05-24 13:46:21,129 [INFO] Processed: 1131 | image=yes
2026-05-24 13:46:23,286 [INFO] Skipped 1130: no actionable signal (no URL, phone, email, or handle)
2026-05-24 13:46:23,436 [INFO] Skipped 1132: no actionable signal (no URL, phone, email, or handle)
2026-05-24 13:46:23,584 [INFO] Skipped 1134: too short
2026-05-24 13:46:35,819 [INFO] Image kept original: 160KB (compression would increase size)
2026-05-24 13:46:36,052 [INFO] Duplicate image for 1133, reusing existing URL
2026-05-24 13:46:36,759 [INFO] Processed: 1133 | image=yes
2026-05-24 13:46:38,912 [INFO] Skipped 1135: no actionable signal (no URL, phone, email, or handle)
2026-05-24 13:46:49,243 [INFO] Image compressed: 228KB -> 222KB
2026-05-24 13:46:51,225 [INFO] Processed: 1140 | image=yes
2026-05-24 13:47:17,118 [INFO] Image compressed: 264KB -> 258KB
2026-05-24 13:47:18,726 [INFO] Duplicate skipped: 1136 matches existing f019a58d-06e1-4890-abf2-0a25d3814134
2026-05-24 13:47:41,895 [INFO] Skipped 1137: not an opportunity
2026-05-24 13:47:57,901 [INFO] Skipped 1138: not an opportunity
2026-05-24 13:48:11,341 [INFO] Processed: 1139 | image=no
2026-05-24 13:48:25,563 [INFO] Processed: 1141 | image=no
2026-05-24 13:48:40,306 [INFO] Skipped 1142: not an opportunity
2026-05-24 13:48:59,457 [INFO] Image compressed: 170KB -> 160KB
2026-05-24 13:49:01,857 [INFO] Processed: 1143 | image=yes
2026-05-24 13:49:04,030 [INFO] Skipped 1144: no actionable signal (no URL, phone, email, or handle)
2026-05-24 13:49:13,306 [INFO] Duplicate skipped: 1145 matches existing 3161c4c9-875c-41ad-89ec-b89742cb6eeb
2026-05-24 13:49:42,903 [INFO] Image kept original: 173KB (compression would increase size)
2026-05-24 13:49:44,465 [INFO] Duplicate skipped: 1146 matches existing b02408c5-505b-4cc5-ad27-c01c7c2691ee
2026-05-24 13:49:44,728 [INFO] Skipped 1147: no actionable signal (no URL, phone, email, or handle)
2026-05-24 13:49:58,113 [INFO] Skipped 1148: not an opportunity
2026-05-24 13:50:21,964 [INFO] Image compressed: 121KB -> 118KB
2026-05-24 13:50:23,947 [INFO] Processed: 1149 | image=yes
2026-05-24 13:50:40,216 [INFO] Image compressed: 235KB -> 221KB
2026-05-24 13:50:42,098 [INFO] Processed: 1150 | image=yes
2026-05-24 13:50:53,180 [INFO] Image compressed: 234KB -> 225KB
2026-05-24 13:50:54,533 [INFO] Duplicate skipped: 1151 matches existing 9e8df888-fbef-45d2-8263-440021233e79
2026-05-24 13:50:54,799 [INFO] Skipped 1152: no actionable signal (no URL, phone, email, or handle)
2026-05-24 13:51:03,275 [INFO] Image kept original: 200KB (compression would increase size)
2026-05-24 13:51:05,110 [INFO] Processed: 1153 | image=yes
2026-05-24 13:51:23,272 [INFO] Skipped 1154: not an opportunity
2026-05-24 13:51:38,119 [INFO] Skipped 1155: not an opportunity
2026-05-24 13:51:51,094 [INFO] Image compressed: 261KB -> 241KB
2026-05-24 13:51:53,360 [INFO] Processed: 1156 | image=yes
2026-05-24 13:52:12,539 [INFO] Processed: 1157 | image=no
2026-05-24 13:52:26,817 [INFO] Skipped 1158: not an opportunity
2026-05-24 13:52:45,248 [INFO] Image compressed: 142KB -> 138KB
2026-05-24 13:52:46,767 [INFO] Duplicate skipped: 1159 matches existing 56fdf992-c8af-438e-91a8-d9592d4c671b
2026-05-24 13:53:02,604 [INFO] Image compressed: 154KB -> 148KB
2026-05-24 13:53:04,136 [INFO] Duplicate skipped: 1160 matches existing 56fdf992-c8af-438e-91a8-d9592d4c671b
2026-05-24 13:58:25,020 [INFO] Processing 50 items...
2026-05-24 13:58:38,080 [INFO] Image compressed: 119KB -> 114KB
2026-05-24 13:58:40,255 [INFO] Duplicate skipped: 1162 matches existing 56fdf992-c8af-438e-91a8-d9592d4c671b
2026-05-24 13:58:48,723 [INFO] Image compressed: 149KB -> 144KB
2026-05-24 13:58:49,747 [INFO] Duplicate skipped: 1161 matches existing 56fdf992-c8af-438e-91a8-d9592d4c671b
2026-05-24 13:58:58,618 [INFO] Image compressed: 186KB -> 179KB
2026-05-24 13:59:00,609 [INFO] Processed: 1163 | image=yes
2026-05-24 13:59:06,180 [INFO] Processed: 1170 | image=no
2026-05-24 13:59:13,865 [INFO] Processed: 1172 | image=no
2026-05-24 13:59:21,659 [INFO] Image compressed: 194KB -> 192KB
2026-05-24 13:59:23,499 [INFO] Processed: 1175 | image=yes
2026-05-24 13:59:43,597 [INFO] Processed: 1173 | image=no
2026-05-24 13:59:55,001 [INFO] Processed: 1168 | image=no
2026-05-24 14:00:05,397 [INFO] Processed: 1169 | image=no
2026-05-24 14:00:07,535 [INFO] Skipped 1167: no actionable signal (no URL, phone, email, or handle)
2026-05-24 14:00:17,154 [INFO] Image compressed: 189KB -> 185KB
2026-05-24 14:00:19,470 [INFO] Processed: 1164 | image=yes
2026-05-24 14:00:24,016 [INFO] Image compressed: 86KB -> 83KB
2026-05-24 14:00:25,577 [INFO] Processed: 1165 | image=yes
2026-05-24 14:00:37,279 [INFO] Image kept original: 127KB (compression would increase size)
2026-05-24 14:00:39,283 [INFO] Processed: 1174 | image=yes
2026-05-24 14:00:41,442 [INFO] Skipped 1166: no actionable signal (no URL, phone, email, or handle)
2026-05-24 14:00:59,895 [INFO] Duplicate skipped: 1171 matches existing 3886f10f-cba9-4d28-9e8e-642a476442ec
2026-05-24 14:01:16,266 [INFO] Image kept original: 107KB (compression would increase size)
2026-05-24 14:01:18,402 [INFO] Processed: 1176 | image=yes
2026-05-24 14:01:31,711 [INFO] Image kept original: 120KB (compression would increase size)
2026-05-24 14:01:33,597 [INFO] Processed: 1179 | image=yes
2026-05-24 14:01:57,425 [INFO] Image kept original: 111KB (compression would increase size)
2026-05-24 14:02:00,081 [INFO] Processed: 1177 | image=yes
2026-05-24 14:02:16,775 [INFO] Image kept original: 97KB (compression would increase size)
2026-05-24 14:02:18,959 [INFO] Processed: 1178 | image=yes
2026-05-24 14:02:21,096 [INFO] Skipped 1204: no actionable signal (no URL, phone, email, or handle)
2026-05-24 14:02:21,246 [INFO] Skipped 1191: no actionable signal (no URL, phone, email, or handle)
2026-05-24 14:02:21,416 [INFO] Skipped 1205: no actionable signal (no URL, phone, email, or handle)
2026-05-24 14:02:26,170 [INFO] Image compressed: 151KB -> 146KB
2026-05-24 14:02:28,200 [INFO] Processed: 1187 | image=yes
2026-05-24 14:02:30,350 [INFO] Skipped 1202: no actionable signal (no URL, phone, email, or handle)
2026-05-24 14:02:30,489 [INFO] Skipped 1192: no actionable signal (no URL, phone, email, or handle)
2026-05-24 14:02:30,674 [INFO] Skipped 1188: no actionable signal (no URL, phone, email, or handle)
2026-05-24 14:02:30,813 [INFO] Skipped 1201: no actionable signal (no URL, phone, email, or handle)
2026-05-24 14:02:30,959 [INFO] Skipped 1203: no actionable signal (no URL, phone, email, or handle)
2026-05-24 14:02:31,098 [INFO] Skipped 1190: no actionable signal (no URL, phone, email, or handle)
2026-05-24 14:02:31,251 [INFO] Skipped 1189: no actionable signal (no URL, phone, email, or handle)
2026-05-24 14:02:42,892 [INFO] Processed: 1206 | image=no
2026-05-24 14:03:06,351 [INFO] Image kept original: 198KB (compression would increase size)
2026-05-24 14:03:08,449 [INFO] Processed: 1208 | image=yes
2026-05-24 14:03:10,598 [INFO] Skipped 1197: no actionable signal (no URL, phone, email, or handle)
2026-05-24 14:03:10,754 [INFO] Skipped 1182: no actionable signal (no URL, phone, email, or handle)
2026-05-24 14:03:10,900 [INFO] Skipped 1198: no actionable signal (no URL, phone, email, or handle)
2026-05-24 14:03:11,045 [INFO] Skipped 1195: no actionable signal (no URL, phone, email, or handle)
2026-05-24 14:03:11,189 [INFO] Skipped 1196: no actionable signal (no URL, phone, email, or handle)
2026-05-24 14:03:11,331 [INFO] Skipped 1199: no actionable signal (no URL, phone, email, or handle)
2026-05-24 14:03:11,540 [INFO] Skipped 1200: no actionable signal (no URL, phone, email, or handle)
2026-05-24 14:03:14,878 [INFO] Image kept original: 146KB (compression would increase size)
2026-05-24 14:03:16,424 [INFO] Processed: 1225 | image=yes
2026-05-24 14:03:22,468 [INFO] Image compressed: 165KB -> 161KB
2026-05-24 14:03:24,041 [INFO] Updated deadline for existing opportunity 3432786f-c78a-4d7e-80ef-f39af3765db1 -> 2026-05-13
2026-05-24 14:03:24,304 [INFO] Skipped 1183: no actionable signal (no URL, phone, email, or handle)
2026-05-24 14:03:24,439 [INFO] Skipped 1193: no actionable signal (no URL, phone, email, or handle)
2026-05-24 14:03:27,309 [INFO] Image kept original: 133KB (compression would increase size)
2026-05-24 14:03:28,996 [INFO] Processed: 1180 | image=yes
2026-05-24 14:03:33,464 [INFO] Image kept original: 162KB (compression would increase size)
2026-05-24 14:03:34,602 [INFO] Duplicate skipped: 1181 matches existing a3337790-8db2-4f2a-8d19-cde8838c94f2
2026-05-24 14:03:34,897 [INFO] Skipped 1194: no actionable signal (no URL, phone, email, or handle)
2026-05-24 14:03:43,774 [INFO] Image compressed: 163KB -> 155KB
2026-05-24 14:03:45,209 [INFO] Duplicate skipped: 1185 matches existing 3432786f-c78a-4d7e-80ef-f39af3765db1
2026-05-24 14:04:04,767 [INFO] Updated deadline for existing opportunity 3432786f-c78a-4d7e-80ef-f39af3765db1 -> 2026-05-16
2026-05-24 14:04:11,394 [INFO] Image kept original: 139KB (compression would increase size)
2026-05-24 14:04:12,830 [INFO] Duplicate skipped: 1207 matches existing bd383e86-94e7-45c4-9716-fd881d815de3
2026-05-24 14:04:16,950 [INFO] Image kept original: 148KB (compression would increase size)
2026-05-24 14:04:18,328 [INFO] Duplicate skipped: 1209 matches existing bd383e86-94e7-45c4-9716-fd881d815de3
2026-05-24 14:04:59,585 [INFO] Processing 50 items...
2026-05-24 14:05:06,256 [INFO] Image kept original: 239KB (compression would increase size)
2026-05-24 14:05:10,203 [INFO] Processed: 1217 | image=yes
2026-05-24 14:05:12,352 [INFO] Skipped 1227: no actionable signal (no URL, phone, email, or handle)
2026-05-24 14:05:17,258 [INFO] Image compressed: 219KB -> 204KB
2026-05-24 14:05:18,898 [INFO] Processed: 1211 | image=yes
2026-05-24 14:05:21,050 [INFO] Skipped 1221: no actionable signal (no URL, phone, email, or handle)
2026-05-24 14:05:25,360 [INFO] Image kept original: 245KB (compression would increase size)
2026-05-24 14:05:26,693 [INFO] Updated deadline for existing opportunity 2ca6bd29-1204-4843-84fa-9664a5d9f4eb -> 2026-05-05
2026-05-24 14:05:30,177 [INFO] Image kept original: 191KB (compression would increase size)
2026-05-24 14:05:31,524 [INFO] Duplicate skipped: 1226 matches existing 47ed7e7b-7167-4248-882e-1597cfb3279a
2026-05-24 14:05:39,213 [INFO] Image compressed: 254KB -> 239KB
2026-05-24 14:05:40,865 [INFO] Processed: 1212 | image=yes
2026-05-24 14:06:09,941 [INFO] Processed: 1222 | image=no
2026-05-24 14:06:15,949 [INFO] Image compressed: 152KB -> 147KB
2026-05-24 14:06:18,085 [INFO] Processed: 1229 | image=yes
2026-05-24 14:06:23,192 [INFO] Image kept original: 149KB (compression would increase size)
2026-05-24 14:06:24,419 [INFO] Duplicate skipped: 1224 matches existing 47ed7e7b-7167-4248-882e-1597cfb3279a
2026-05-24 14:06:28,309 [INFO] Image compressed: 240KB -> 225KB
2026-05-24 14:06:29,474 [INFO] Duplicate skipped: 1213 matches existing 0b3f8083-f977-46c2-a7b9-8e326ed6daa6
2026-05-24 14:06:29,790 [INFO] Skipped 1219: no actionable signal (no URL, phone, email, or handle)
2026-05-24 14:06:30,026 [INFO] Skipped 1220: no actionable signal (no URL, phone, email, or handle)
2026-05-24 14:06:33,398 [INFO] Image kept original: 149KB (compression would increase size)
2026-05-24 14:06:34,681 [INFO] Duplicate skipped: 1223 matches existing 47ed7e7b-7167-4248-882e-1597cfb3279a
2026-05-24 14:06:38,868 [INFO] Duplicate skipped: 1214 matches existing 3432786f-c78a-4d7e-80ef-f39af3765db1
2026-05-24 14:07:05,596 [INFO] Image compressed: 248KB -> 236KB
2026-05-24 14:07:07,672 [INFO] Processed: 1228 | image=yes
2026-05-24 14:07:12,768 [INFO] Image compressed: 245KB -> 227KB
2026-05-24 14:07:14,895 [INFO] Processed: 1215 | image=yes
2026-05-24 14:07:21,444 [INFO] Image kept original: 105KB (compression would increase size)
2026-05-24 14:07:22,689 [INFO] Duplicate skipped: 1210 matches existing bd383e86-94e7-45c4-9716-fd881d815de3
2026-05-24 14:07:23,035 [INFO] Skipped 1218: no actionable signal (no URL, phone, email, or handle)
2026-05-24 14:07:26,706 [INFO] Image compressed: 261KB -> 240KB
2026-05-24 14:07:28,579 [INFO] Processed: 1238 | image=yes
2026-05-24 14:07:39,128 [INFO] Image compressed: 209KB -> 196KB
2026-05-24 14:07:41,042 [INFO] Processed: 1239 | image=yes
2026-05-24 14:08:06,257 [INFO] Image compressed: 297KB -> 275KB
2026-05-24 14:08:07,904 [INFO] Processed: 1237 | image=yes
2026-05-24 14:08:14,293 [INFO] Image compressed: 192KB -> 183KB
2026-05-24 14:08:15,868 [INFO] Duplicate skipped: 1234 matches existing d3851f1d-bcc1-4968-84b2-613270c5f70c
2026-05-24 14:08:19,901 [INFO] Updated deadline for existing opportunity 3432786f-c78a-4d7e-80ef-f39af3765db1 -> 2026-04-24
2026-05-24 14:08:29,161 [INFO] Image kept original: 138KB (compression would increase size)
2026-05-24 14:08:30,501 [INFO] Duplicate skipped: 1232 matches existing 0b3f8083-f977-46c2-a7b9-8e326ed6daa6
2026-05-24 14:08:33,552 [INFO] Image compressed: 250KB -> 235KB
2026-05-24 14:08:34,558 [INFO] Duplicate skipped: 1235 matches existing d3851f1d-bcc1-4968-84b2-613270c5f70c
2026-05-24 14:08:37,431 [INFO] Image compressed: 225KB -> 209KB
2026-05-24 14:08:38,922 [INFO] Duplicate skipped: 1236 matches existing d3851f1d-bcc1-4968-84b2-613270c5f70c
2026-05-24 14:08:43,531 [INFO] Image kept original: 205KB (compression would increase size)
2026-05-24 14:08:46,379 [INFO] Updated deadline for existing opportunity 3432786f-c78a-4d7e-80ef-f39af3765db1 -> 2026-05-16
2026-05-24 14:09:00,058 [INFO] Image kept original: 113KB (compression would increase size)
2026-05-24 14:09:01,338 [INFO] Duplicate skipped: 1245 matches existing ce32e07f-8516-4e8c-89c4-471ed414b6c8
2026-05-24 14:09:07,918 [INFO] Image kept original: 174KB (compression would increase size)
2026-05-24 14:09:09,794 [INFO] Processed: 1246 | image=yes
2026-05-24 14:09:28,194 [INFO] Image kept original: 81KB (compression would increase size)
2026-05-24 14:09:29,493 [INFO] Duplicate skipped: 1242 matches existing ce32e07f-8516-4e8c-89c4-471ed414b6c8
2026-05-24 14:09:32,461 [INFO] Image compressed: 176KB -> 175KB
2026-05-24 14:09:33,897 [INFO] Processed: 1231 | image=yes
2026-05-24 14:09:42,134 [INFO] Image kept original: 84KB (compression would increase size)
2026-05-24 14:09:43,612 [INFO] Duplicate skipped: 1244 matches existing ce32e07f-8516-4e8c-89c4-471ed414b6c8
2026-05-24 14:09:55,182 [INFO] Image kept original: 78KB (compression would increase size)
2026-05-24 14:09:56,236 [INFO] Duplicate skipped: 1243 matches existing ce32e07f-8516-4e8c-89c4-471ed414b6c8
2026-05-24 14:10:03,328 [INFO] Image kept original: 81KB (compression would increase size)
2026-05-24 14:10:04,476 [INFO] Duplicate skipped: 1241 matches existing ce32e07f-8516-4e8c-89c4-471ed414b6c8
2026-05-24 14:10:07,366 [INFO] Duplicate skipped: 1230 matches existing bb769c31-b845-4b29-b692-cd96d8ca64ba
2026-05-24 14:10:11,696 [INFO] Image kept original: 162KB (compression would increase size)
2026-05-24 14:10:13,410 [INFO] Processed: 1255 | image=yes
2026-05-24 14:10:19,345 [INFO] Image compressed: 168KB -> 165KB
2026-05-24 14:10:20,631 [INFO] Duplicate skipped: 1256 matches existing 784cbaa9-a377-4bff-b965-0cd85b80d566
2026-05-24 14:10:24,418 [INFO] Image kept original: 43KB (compression would increase size)
2026-05-24 14:10:25,232 [INFO] Duplicate skipped: 1254 matches existing 784cbaa9-a377-4bff-b965-0cd85b80d566
2026-05-24 14:10:28,647 [INFO] Image compressed: 42KB -> 40KB
2026-05-24 14:10:29,888 [INFO] Processed: 1257 | image=yes
2026-05-24 14:11:07,453 [INFO] Image compressed: 235KB -> 223KB
2026-05-24 14:11:09,170 [INFO] Processed: 1253 | image=yes
2026-05-24 14:11:15,464 [INFO] Image compressed: 81KB -> 79KB
2026-05-24 14:11:17,048 [INFO] Processed: 1258 | image=yes
2026-05-24 14:11:21,656 [INFO] Image kept original: 153KB (compression would increase size)
2026-05-24 14:11:23,500 [INFO] Processed: 1249 | image=yes
2026-05-24 14:11:25,667 [INFO] Skipped 1250: no actionable signal (no URL, phone, email, or handle)
2026-05-24 14:11:29,650 [INFO] Image compressed: 84KB -> 81KB
2026-05-24 14:11:30,690 [INFO] Duplicate skipped: 1259 matches existing 06184a13-301e-48ec-91b1-32d870ffa4e5
2026-05-24 14:11:38,509 [INFO] Image compressed: 101KB -> 99KB
2026-05-24 14:11:40,448 [INFO] Processed: 1251 | image=yes
2026-05-24 14:11:42,587 [INFO] Skipped 1247: no actionable signal (no URL, phone, email, or handle)
2026-05-24 14:12:13,196 [INFO] Image compressed: 204KB -> 201KB
2026-05-24 14:12:16,005 [INFO] Processed: 1248 | image=yes
2026-05-24 14:12:35,693 [INFO] Image kept original: 158KB (compression would increase size)
2026-05-24 14:12:37,136 [INFO] Duplicate skipped: 1252 matches existing f2ac8804-52f3-4674-8e24-a832a96a6ed1
2026-05-24 14:12:37,417 [INFO] Skipped 1260: no actionable signal (no URL, phone, email, or handle)
2026-05-24 14:13:25,379 [INFO] Processing 50 items...
2026-05-24 14:13:34,573 [INFO] Image kept original: 123KB (compression would increase size)
2026-05-24 14:13:37,610 [INFO] Processed: 1262 | image=yes
2026-05-24 14:13:44,402 [INFO] Image kept original: 182KB (compression would increase size)
2026-05-24 14:13:46,475 [INFO] Processed: 1261 | image=yes
2026-05-24 14:13:48,616 [INFO] Skipped 1287: too short
2026-05-24 14:13:48,750 [INFO] Skipped 1273: too short
2026-05-24 14:13:48,882 [INFO] Skipped 1282: too short
2026-05-24 14:13:49,013 [INFO] Skipped 1286: too short
2026-05-24 14:13:49,144 [INFO] Skipped 1295: too short
2026-05-24 14:13:49,272 [INFO] Skipped 1293: too short
2026-05-24 14:13:49,400 [INFO] Skipped 1268: too short
2026-05-24 14:13:49,530 [INFO] Skipped 1272: too short
2026-05-24 14:13:49,666 [INFO] Skipped 1280: too short
2026-05-24 14:13:49,802 [INFO] Skipped 1281: too short
2026-05-24 14:13:49,942 [INFO] Skipped 1284: too short
2026-05-24 14:13:50,069 [INFO] Skipped 1285: no actionable signal (no URL, phone, email, or handle)
2026-05-24 14:13:50,202 [INFO] Skipped 1307: too short
2026-05-24 14:13:50,331 [INFO] Skipped 1291: too short
2026-05-24 14:13:50,461 [INFO] Skipped 1310: too short
2026-05-24 14:13:50,599 [INFO] Skipped 1297: too short
2026-05-24 14:13:50,738 [INFO] Skipped 1265: too short
2026-05-24 14:13:50,873 [INFO] Skipped 1267: no actionable signal (no URL, phone, email, or handle)
2026-05-24 14:13:53,602 [INFO] Skipped 1269: not an opportunity
2026-05-24 14:13:53,743 [INFO] Skipped 1271: too short
2026-05-24 14:13:53,875 [INFO] Skipped 1277: too short
2026-05-24 14:13:54,015 [INFO] Skipped 1279: too short
2026-05-24 14:13:54,157 [INFO] Skipped 1302: too short
2026-05-24 14:13:54,290 [INFO] Skipped 1303: too short
2026-05-24 14:13:54,414 [INFO] Skipped 1283: too short
2026-05-24 14:13:54,541 [INFO] Skipped 1304: too short
2026-05-24 14:13:54,673 [INFO] Skipped 1305: too short
2026-05-24 14:13:54,807 [INFO] Skipped 1306: too short
2026-05-24 14:13:54,941 [INFO] Skipped 1292: too short
2026-05-24 14:13:55,075 [INFO] Skipped 1294: too short
2026-05-24 14:13:55,220 [INFO] Skipped 1308: too short
2026-05-24 14:13:55,355 [INFO] Skipped 1309: too short
2026-05-24 14:13:55,499 [INFO] Skipped 1274: too short
2026-05-24 14:13:55,632 [INFO] Skipped 1311: too short
2026-05-24 14:13:55,778 [INFO] Skipped 1312: too short
2026-05-24 14:13:55,916 [INFO] Skipped 1296: too short
2026-05-24 14:13:56,056 [INFO] Skipped 1263: no actionable signal (no URL, phone, email, or handle)
2026-05-24 14:13:56,192 [INFO] Skipped 1264: no actionable signal (no URL, phone, email, or handle)
2026-05-24 14:13:56,332 [INFO] Skipped 1299: no actionable signal (no URL, phone, email, or handle)
2026-05-24 14:13:56,477 [INFO] Skipped 1266: no actionable signal (no URL, phone, email, or handle)
2026-05-24 14:13:56,606 [INFO] Skipped 1300: too short
2026-05-24 14:13:56,738 [INFO] Skipped 1298: too short
2026-05-24 14:13:56,866 [INFO] Skipped 1301: too short
2026-05-24 14:13:56,999 [INFO] Skipped 1270: no actionable signal (no URL, phone, email, or handle)
2026-05-24 14:13:57,132 [INFO] Skipped 1275: too short
2026-05-24 14:13:57,268 [INFO] Skipped 1276: too short
2026-05-24 14:13:57,398 [INFO] Skipped 1278: too short
2026-05-24 14:13:57,529 [INFO] Skipped 1288: too short
2026-05-24 14:14:09,133 [INFO] Processing 50 items...
2026-05-24 14:14:09,729 [INFO] Skipped 1289: too short
2026-05-24 14:14:09,852 [INFO] Skipped 1290: too short
2026-05-24 14:14:09,984 [INFO] Skipped 1359: too short
2026-05-24 14:14:10,110 [INFO] Skipped 1355: too short
2026-05-24 14:14:10,236 [INFO] Skipped 1357: too short
2026-05-24 14:14:10,366 [INFO] Skipped 1354: too short
2026-05-24 14:14:10,497 [INFO] Skipped 1348: too short
2026-05-24 14:14:10,619 [INFO] Skipped 1336: too short
2026-05-24 14:14:10,746 [INFO] Skipped 1344: too short
2026-05-24 14:14:10,874 [INFO] Skipped 1347: too short
2026-05-24 14:14:11,002 [INFO] Skipped 1351: too short
2026-05-24 14:14:11,132 [INFO] Skipped 1350: too short
2026-05-24 14:14:11,259 [INFO] Skipped 1353: too short
2026-05-24 14:14:11,382 [INFO] Skipped 1352: too short
2026-05-24 14:14:11,507 [INFO] Skipped 1320: too short
2026-05-24 14:14:11,632 [INFO] Skipped 1319: too short
2026-05-24 14:14:11,757 [INFO] Skipped 1340: too short
2026-05-24 14:14:11,896 [INFO] Skipped 1339: too short
2026-05-24 14:14:12,029 [INFO] Skipped 1361: too short
2026-05-24 14:14:12,154 [INFO] Skipped 1343: too short
2026-05-24 14:14:12,280 [INFO] Skipped 1346: too short
2026-05-24 14:14:12,441 [INFO] Skipped 1345: too short
2026-05-24 14:14:12,562 [INFO] Skipped 1337: too short
2026-05-24 14:14:12,686 [INFO] Skipped 1313: too short
2026-05-24 14:14:12,813 [INFO] Skipped 1314: too short
2026-05-24 14:14:12,935 [INFO] Skipped 1349: too short
2026-05-24 14:14:13,066 [INFO] Skipped 1315: too short
2026-05-24 14:14:13,192 [INFO] Skipped 1316: too short
2026-05-24 14:14:13,341 [INFO] Skipped 1317: too short
2026-05-24 14:14:13,467 [INFO] Skipped 1318: too short
2026-05-24 14:14:13,600 [INFO] Skipped 1362: too short
2026-05-24 14:14:13,727 [INFO] Skipped 1341: too short
2026-05-24 14:14:13,865 [INFO] Skipped 1321: too short
2026-05-24 14:14:13,991 [INFO] Skipped 1322: too short
2026-05-24 14:14:14,131 [INFO] Skipped 1323: too short
2026-05-24 14:14:14,265 [INFO] Skipped 1338: too short
2026-05-24 14:14:14,413 [INFO] Skipped 1324: too short
2026-05-24 14:14:14,547 [INFO] Skipped 1325: too short
2026-05-24 14:14:14,691 [INFO] Skipped 1326: too short
2026-05-24 14:14:14,828 [INFO] Skipped 1327: too short
2026-05-24 14:14:14,974 [INFO] Skipped 1342: too short
2026-05-24 14:14:15,105 [INFO] Skipped 1328: too short
2026-05-24 14:14:15,246 [INFO] Skipped 1329: too short
2026-05-24 14:14:15,383 [INFO] Skipped 1330: too short
2026-05-24 14:14:15,518 [INFO] Skipped 1331: too short
2026-05-24 14:14:15,643 [INFO] Skipped 1332: too short
2026-05-24 14:14:15,779 [INFO] Skipped 1333: too short
2026-05-24 14:14:15,914 [INFO] Skipped 1334: too short
2026-05-24 14:14:16,045 [INFO] Skipped 1335: too short
2026-05-24 14:14:16,172 [INFO] Skipped 1356: too short
2026-05-24 14:14:29,412 [INFO] Processing 50 items...
2026-05-24 14:14:30,231 [INFO] Skipped 1358: too short
2026-05-24 14:14:30,418 [INFO] Skipped 1360: too short
2026-05-24 14:14:30,582 [INFO] Skipped 1408: no actionable signal (no URL, phone, email, or handle)
2026-05-24 14:14:30,709 [INFO] Skipped 1401: too short
2026-05-24 14:14:30,843 [INFO] Skipped 1406: too short
2026-05-24 14:14:30,981 [INFO] Skipped 1407: too short
2026-05-24 14:14:31,120 [INFO] Skipped 1393: no actionable signal (no URL, phone, email, or handle)
2026-05-24 14:14:31,261 [INFO] Skipped 1387: too short
2026-05-24 14:14:31,390 [INFO] Skipped 1400: no actionable signal (no URL, phone, email, or handle)
2026-05-24 14:14:31,525 [INFO] Skipped 1399: too short
2026-05-24 14:14:31,663 [INFO] Skipped 1402: no actionable signal (no URL, phone, email, or handle)
2026-05-24 14:14:31,833 [INFO] Skipped 1403: too short
2026-05-24 14:14:31,964 [INFO] Skipped 1405: too short
2026-05-24 14:14:32,093 [INFO] Skipped 1404: too short
2026-05-24 14:14:32,218 [INFO] Skipped 1392: too short
2026-05-24 14:14:32,345 [INFO] Skipped 1389: too short
2026-05-24 14:14:32,476 [INFO] Skipped 1390: too short
2026-05-24 14:14:32,622 [INFO] Skipped 1391: too short
2026-05-24 14:14:32,756 [INFO] Skipped 1396: too short
2026-05-24 14:14:32,882 [INFO] Skipped 1395: too short
2026-05-24 14:14:33,017 [INFO] Skipped 1397: too short
2026-05-24 14:14:33,157 [INFO] Skipped 1398: too short
2026-05-24 14:14:33,292 [INFO] Skipped 1363: too short
2026-05-24 14:14:33,519 [INFO] Skipped 1388: too short
2026-05-24 14:14:33,649 [INFO] Skipped 1394: too short
2026-05-24 14:14:33,788 [INFO] Skipped 1409: too short
2026-05-24 14:14:33,922 [INFO] Skipped 1364: too short
2026-05-24 14:14:34,092 [INFO] Skipped 1365: too short
2026-05-24 14:14:34,237 [INFO] Skipped 1366: too short
2026-05-24 14:14:34,374 [INFO] Skipped 1367: too short
2026-05-24 14:14:34,548 [INFO] Skipped 1368: too short
2026-05-24 14:14:34,681 [INFO] Skipped 1369: no actionable signal (no URL, phone, email, or handle)
2026-05-24 14:14:34,814 [INFO] Skipped 1370: too short
2026-05-24 14:14:34,965 [INFO] Skipped 1371: too short
2026-05-24 14:14:35,114 [INFO] Skipped 1372: too short
2026-05-24 14:14:35,255 [INFO] Skipped 1373: too short
2026-05-24 14:14:35,394 [INFO] Skipped 1374: too short
2026-05-24 14:14:35,532 [INFO] Skipped 1375: too short
2026-05-24 14:14:35,673 [INFO] Skipped 1376: too short
2026-05-24 14:14:35,809 [INFO] Skipped 1377: too short
2026-05-24 14:14:35,949 [INFO] Skipped 1378: too short
2026-05-24 14:14:36,082 [INFO] Skipped 1379: too short
2026-05-24 14:14:36,214 [INFO] Skipped 1380: too short
2026-05-24 14:14:36,346 [INFO] Skipped 1381: too short
2026-05-24 14:14:36,488 [INFO] Skipped 1382: too short
2026-05-24 14:14:36,626 [INFO] Skipped 1383: too short
2026-05-24 14:14:36,761 [INFO] Skipped 1384: too short
2026-05-24 14:14:36,891 [INFO] Skipped 1385: too short
2026-05-24 14:14:37,031 [INFO] Skipped 1386: too short
2026-05-24 14:14:37,164 [INFO] Skipped 1410: too short
2026-05-24 14:14:49,067 [INFO] Processing 50 items...
2026-05-24 14:14:49,632 [INFO] Skipped 1411: too short
2026-05-24 14:14:49,769 [INFO] Skipped 1412: too short
2026-05-24 14:14:49,899 [INFO] Skipped 1417: too short
2026-05-24 14:14:50,029 [INFO] Skipped 1425: too short
2026-05-24 14:14:50,195 [INFO] Skipped 1423: too short
2026-05-24 14:14:50,331 [INFO] Skipped 1418: too short
2026-05-24 14:14:50,477 [INFO] Skipped 1433: too short
2026-05-24 14:14:50,627 [INFO] Skipped 1437: too short
2026-05-24 14:14:50,776 [INFO] Skipped 1429: too short
2026-05-24 14:14:50,919 [INFO] Skipped 1426: no actionable signal (no URL, phone, email, or handle)
2026-05-24 14:14:51,059 [INFO] Skipped 1436: too short
2026-05-24 14:14:51,189 [INFO] Skipped 1422: too short
2026-05-24 14:14:51,319 [INFO] Skipped 1415: too short
2026-05-24 14:14:51,476 [INFO] Skipped 1419: too short
2026-05-24 14:14:51,604 [INFO] Skipped 1421: too short
2026-05-24 14:14:51,740 [INFO] Skipped 1420: too short
2026-05-24 14:14:51,872 [INFO] Skipped 1435: too short
2026-05-24 14:14:52,007 [INFO] Skipped 1434: too short
2026-05-24 14:14:52,139 [INFO] Skipped 1431: no actionable signal (no URL, phone, email, or handle)
2026-05-24 14:14:52,272 [INFO] Skipped 1430: too short
2026-05-24 14:14:52,410 [INFO] Skipped 1428: too short
2026-05-24 14:14:52,538 [INFO] Skipped 1427: no actionable signal (no URL, phone, email, or handle)
2026-05-24 14:14:52,667 [INFO] Skipped 1432: too short
2026-05-24 14:14:52,805 [INFO] Skipped 1416: too short
2026-05-24 14:14:52,940 [INFO] Skipped 1413: too short
2026-05-24 14:14:53,070 [INFO] Skipped 1414: too short
2026-05-24 14:14:53,210 [INFO] Skipped 1424: too short
2026-05-24 14:14:59,525 [INFO] Image compressed: 142KB -> 129KB
2026-05-24 14:15:03,288 [INFO] Processed: 1455 | image=yes
2026-05-24 14:15:08,779 [INFO] Image compressed: 198KB -> 179KB
2026-05-24 14:15:10,478 [INFO] Duplicate skipped: 1454 matches existing f821830a-0bda-411a-b213-b7f1b914c10c
2026-05-24 14:15:13,861 [INFO] Image compressed: 105KB -> 97KB
2026-05-24 14:15:15,037 [INFO] Duplicate skipped: 1456 matches existing f821830a-0bda-411a-b213-b7f1b914c10c
2026-05-24 14:15:19,454 [INFO] Skipped 1452: not an opportunity
2026-05-24 14:15:25,487 [INFO] Skipped 1438: not an opportunity
2026-05-24 14:15:28,386 [INFO] Skipped 1453: not an opportunity
2026-05-24 14:15:33,445 [INFO] Image compressed: 99KB -> 90KB
2026-05-24 14:15:34,708 [INFO] Duplicate skipped: 1457 matches existing f821830a-0bda-411a-b213-b7f1b914c10c
2026-05-24 14:15:48,276 [INFO] Skipped 1448: not an opportunity
2026-05-24 14:15:51,913 [INFO] Skipped 1447: not an opportunity
2026-05-24 14:15:55,244 [INFO] Skipped 1449: not an opportunity
2026-05-24 14:15:59,699 [INFO] Skipped 1439: not an opportunity
2026-05-24 14:16:07,930 [INFO] Image compressed: 95KB -> 88KB
2026-05-24 14:16:09,734 [INFO] Processed: 1469 | image=yes
2026-05-24 14:16:14,410 [INFO] Skipped 1446: not an opportunity
2026-05-24 14:16:17,539 [INFO] Skipped 1450: not an opportunity
2026-05-24 14:16:20,425 [INFO] Skipped 1443: not an opportunity
2026-05-24 14:16:24,695 [INFO] Skipped 1442: not an opportunity
2026-05-24 14:16:27,402 [INFO] Skipped 1444: not an opportunity
2026-05-24 14:16:31,349 [INFO] Skipped 1440: not an opportunity
2026-05-24 14:16:34,847 [INFO] Image compressed: 127KB -> 123KB
2026-05-24 14:16:36,439 [INFO] Duplicate skipped: 1468 matches existing 66fa2e9f-c084-4132-98df-084620d2b97f
2026-05-24 14:16:49,626 [INFO] Skipped 1441: not an opportunity
2026-05-24 14:17:08,067 [INFO] Skipped 1445: not an opportunity
2026-05-24 14:17:11,042 [INFO] Skipped 1451: not an opportunity
2026-05-24 14:17:15,206 [INFO] Image compressed: 119KB -> 107KB
2026-05-24 14:17:17,289 [INFO] Duplicate skipped: 1458 matches existing f821830a-0bda-411a-b213-b7f1b914c10c
2026-05-24 14:17:50,465 [INFO] Processing 50 items...
2026-05-24 14:18:13,109 [INFO] Image compressed: 107KB -> 97KB
2026-05-24 14:18:16,514 [INFO] Processed: 1475 | image=yes
2026-05-24 14:18:22,244 [INFO] Image compressed: 68KB -> 65KB
2026-05-24 14:18:24,362 [INFO] Duplicate skipped: 1466 matches existing 66fa2e9f-c084-4132-98df-084620d2b97f
2026-05-24 14:18:28,328 [INFO] Image compressed: 80KB -> 72KB
2026-05-24 14:18:29,756 [INFO] Duplicate skipped: 1480 matches existing 657f8e90-6eb8-496e-a3a9-a5618c833fec
2026-05-24 14:18:33,722 [INFO] Image compressed: 124KB -> 113KB
2026-05-24 14:18:35,403 [INFO] Duplicate skipped: 1476 matches existing 657f8e90-6eb8-496e-a3a9-a5618c833fec
2026-05-24 14:18:39,389 [INFO] Image compressed: 144KB -> 131KB
2026-05-24 14:18:40,872 [INFO] Duplicate skipped: 1472 matches existing 657f8e90-6eb8-496e-a3a9-a5618c833fec
2026-05-24 14:18:45,084 [INFO] Image compressed: 70KB -> 68KB
2026-05-24 14:18:46,723 [INFO] Duplicate skipped: 1467 matches existing 66fa2e9f-c084-4132-98df-084620d2b97f
2026-05-24 14:18:47,032 [INFO] Skipped 1485: no actionable signal (no URL, phone, email, or handle)
2026-05-24 14:18:52,921 [INFO] Image compressed: 208KB -> 194KB
2026-05-24 14:18:55,014 [INFO] Processed: 1481 | image=yes
2026-05-24 14:19:22,321 [INFO] Image compressed: 178KB -> 162KB
2026-05-24 14:19:23,983 [INFO] Duplicate skipped: 1478 matches existing 657f8e90-6eb8-496e-a3a9-a5618c833fec
2026-05-24 14:19:28,292 [INFO] Image compressed: 141KB -> 125KB
2026-05-24 14:19:29,375 [INFO] Duplicate skipped: 1477 matches existing 657f8e90-6eb8-496e-a3a9-a5618c833fec
2026-05-24 14:19:33,687 [INFO] Image compressed: 136KB -> 120KB
2026-05-24 14:19:34,946 [INFO] Duplicate skipped: 1474 matches existing 657f8e90-6eb8-496e-a3a9-a5618c833fec
2026-05-24 14:19:38,681 [INFO] Image compressed: 119KB -> 109KB
2026-05-24 14:19:39,895 [INFO] Duplicate skipped: 1473 matches existing 657f8e90-6eb8-496e-a3a9-a5618c833fec
2026-05-24 14:19:44,658 [INFO] Image compressed: 140KB -> 126KB
2026-05-24 14:19:46,138 [INFO] Duplicate skipped: 1471 matches existing 657f8e90-6eb8-496e-a3a9-a5618c833fec
2026-05-24 14:19:49,833 [INFO] Skipped 1470: not an opportunity
2026-05-24 14:19:56,110 [INFO] Skipped 1486: not an opportunity
2026-05-24 14:20:01,612 [INFO] Image compressed: 124KB -> 112KB
2026-05-24 14:20:11,434 [INFO] Duplicate skipped: 1461 matches existing f821830a-0bda-411a-b213-b7f1b914c10c
2026-05-24 14:20:37,624 [INFO] Image compressed: 226KB -> 212KB
2026-05-24 14:20:40,985 [INFO] Processed: 1483 | image=yes
2026-05-24 14:20:45,716 [INFO] Skipped 1482: not an opportunity
2026-05-24 14:20:48,213 [INFO] Skipped 1487: not an opportunity
2026-05-24 14:20:53,350 [INFO] Image compressed: 178KB -> 163KB
2026-05-24 14:20:54,968 [INFO] Duplicate skipped: 1479 matches existing 657f8e90-6eb8-496e-a3a9-a5618c833fec
2026-05-24 14:20:59,297 [INFO] Image compressed: 99KB -> 89KB
2026-05-24 14:21:00,358 [INFO] Duplicate skipped: 1459 matches existing f821830a-0bda-411a-b213-b7f1b914c10c
2026-05-24 14:21:05,099 [INFO] Image compressed: 98KB -> 87KB
2026-05-24 14:21:07,024 [INFO] Duplicate skipped: 1460 matches existing f821830a-0bda-411a-b213-b7f1b914c10c
2026-05-24 14:21:12,045 [INFO] Image compressed: 236KB -> 229KB
2026-05-24 14:21:14,218 [INFO] Processed: 1484 | image=yes
2026-05-24 14:21:23,843 [INFO] Image compressed: 98KB -> 89KB
2026-05-24 14:21:25,615 [INFO] Duplicate skipped: 1462 matches existing f821830a-0bda-411a-b213-b7f1b914c10c
2026-05-24 14:21:37,852 [INFO] Image kept original: 50KB (compression would increase size)
2026-05-24 14:21:40,160 [INFO] Duplicate skipped: 1463 matches existing 66fa2e9f-c084-4132-98df-084620d2b97f
2026-05-24 14:21:49,837 [INFO] Image kept original: 82KB (compression would increase size)
2026-05-24 14:21:51,506 [INFO] Duplicate skipped: 1464 matches existing 66fa2e9f-c084-4132-98df-084620d2b97f
2026-05-24 14:21:55,234 [INFO] Image compressed: 66KB -> 65KB
2026-05-24 14:21:56,428 [INFO] Duplicate skipped: 1465 matches existing 66fa2e9f-c084-4132-98df-084620d2b97f
2026-05-24 14:22:01,325 [INFO] Skipped 1529: not an opportunity
2026-05-24 14:22:05,749 [INFO] Skipped 1528: not an opportunity
2026-05-24 14:22:09,386 [INFO] Skipped 1521: not an opportunity
2026-05-24 14:22:14,428 [INFO] Skipped 1527: not an opportunity
2026-05-24 14:22:19,213 [INFO] Skipped 1526: not an opportunity
2026-05-24 14:22:22,830 [INFO] Skipped 1520: not an opportunity
2026-05-24 14:22:38,316 [INFO] Skipped 1517: not an opportunity
2026-05-24 14:22:58,691 [INFO] Skipped 1489: not an opportunity
2026-05-24 14:23:03,722 [INFO] Skipped 1525: not an opportunity
2026-05-24 14:23:09,404 [INFO] Skipped 1519: not an opportunity
2026-05-24 14:23:15,691 [INFO] Skipped 1524: not an opportunity
2026-05-24 14:23:18,353 [INFO] Skipped 1490: not an opportunity
2026-05-24 14:23:21,012 [INFO] Skipped 1491: not an opportunity
2026-05-24 14:23:29,893 [INFO] Skipped 1533: not an opportunity
2026-05-24 14:23:45,656 [INFO] Skipped 1532: not an opportunity
2026-05-24 14:24:07,649 [INFO] Skipped 1523: not an opportunity
2026-05-24 14:24:12,323 [INFO] Skipped 1518: not an opportunity
2026-05-24 14:24:18,300 [INFO] Skipped 1531: not an opportunity
2026-05-24 14:24:21,893 [INFO] Skipped 1530: not an opportunity
2026-05-24 14:24:29,558 [INFO] Skipped 1522: not an opportunity
2026-05-24 14:24:32,555 [INFO] Skipped 1488: not an opportunity
2026-05-24 14:24:35,519 [INFO] Skipped 1492: not an opportunity
2026-05-24 14:24:38,142 [INFO] Skipped 1493: not an opportunity
2026-05-24 14:25:05,105 [INFO] Processing 50 items...
2026-05-24 14:25:13,489 [INFO] Skipped 1535: not an opportunity
2026-05-24 14:25:16,355 [INFO] Skipped 1534: not an opportunity
2026-05-24 14:25:19,648 [INFO] Skipped 1495: not an opportunity
2026-05-24 14:25:21,722 [INFO] Skipped 1536: not an opportunity
2026-05-24 14:25:24,917 [INFO] Skipped 1513: not an opportunity
2026-05-24 14:25:27,793 [INFO] Skipped 1511: not an opportunity
2026-05-24 14:25:33,655 [INFO] Skipped 1507: not an opportunity
2026-05-24 14:25:42,332 [INFO] Skipped 1506: not an opportunity
2026-05-24 14:25:44,784 [INFO] Skipped 1494: not an opportunity
2026-05-24 14:25:52,831 [INFO] Skipped 1537: not an opportunity
2026-05-24 14:25:55,627 [INFO] Skipped 1514: not an opportunity
2026-05-24 14:25:59,962 [INFO] Image compressed: 48KB -> 47KB
2026-05-24 14:26:03,722 [INFO] Processed: 1497 | image=yes
2026-05-24 14:26:26,281 [INFO] Skipped 1512: not an opportunity
2026-05-24 14:26:31,009 [INFO] Image compressed: 170KB -> 169KB
2026-05-24 14:26:32,638 [INFO] Duplicate skipped: 1498 matches existing c126b293-9604-4f1c-aed6-6d776dc9af6a
2026-05-24 14:26:43,078 [INFO] Image compressed: 168KB -> 165KB
2026-05-24 14:26:44,890 [INFO] Duplicate skipped: 1499 matches existing c126b293-9604-4f1c-aed6-6d776dc9af6a
2026-05-24 14:26:57,591 [INFO] Skipped 1500: not an opportunity
2026-05-24 14:27:02,524 [INFO] Skipped 1501: not an opportunity
2026-05-24 14:27:10,876 [INFO] Skipped 1496: not an opportunity
2026-05-24 14:27:45,380 [INFO] Skipped 1505: not an opportunity
2026-05-24 14:27:51,375 [INFO] Image compressed: 166KB -> 155KB
2026-05-24 14:27:53,600 [INFO] Duplicate skipped: 1504 matches existing 56fdf992-c8af-438e-91a8-d9592d4c671b
2026-05-24 14:27:59,261 [INFO] Image compressed: 199KB -> 176KB
2026-05-24 14:28:02,712 [INFO] Processed: 1503 | image=yes
2026-05-24 14:28:08,920 [INFO] Skipped 1502: not an opportunity
2026-05-24 14:28:12,068 [INFO] Skipped 1516: not an opportunity
2026-05-24 14:28:15,276 [INFO] Skipped 1515: not an opportunity
2026-05-24 14:28:21,721 [INFO] Skipped 1508: not an opportunity
2026-05-24 14:28:24,453 [INFO] Skipped 1509: not an opportunity
2026-05-24 14:28:27,334 [INFO] Skipped 1510: not an opportunity
2026-05-24 14:28:33,487 [INFO] Image compressed: 227KB -> 209KB
2026-05-24 14:28:36,924 [INFO] Processed: 1547 | image=yes
2026-05-24 14:29:05,406 [INFO] Skipped 1550: not an opportunity
2026-05-24 14:29:13,761 [INFO] Image compressed: 180KB -> 166KB
2026-05-24 14:29:16,685 [INFO] Duplicate skipped: 1545 matches existing e5933e8b-a752-48ff-a1ab-eb01034f1020
2026-05-24 14:29:22,036 [INFO] Skipped 1543: not an opportunity
2026-05-24 14:29:33,719 [INFO] Skipped 1569: not an opportunity
2026-05-24 14:29:41,444 [INFO] Skipped 1551: not an opportunity
2026-05-24 14:29:57,543 [INFO] Skipped 1552: not an opportunity
2026-05-24 14:30:05,183 [INFO] Skipped 1541: not an opportunity
2026-05-24 14:30:07,475 [INFO] Skipped 1540: not an opportunity
2026-05-24 14:30:11,114 [INFO] Skipped 1566: not an opportunity
2026-05-24 14:30:13,932 [INFO] Skipped 1564: not an opportunity
2026-05-24 14:30:16,772 [INFO] Skipped 1563: not an opportunity
2026-05-24 14:30:22,667 [INFO] Skipped 1539: not an opportunity
2026-05-24 14:30:25,648 [INFO] Skipped 1567: not an opportunity
2026-05-24 14:30:28,507 [INFO] Skipped 1565: not an opportunity
2026-05-24 14:30:30,269 [INFO] Skipped 1538: not an opportunity
2026-05-24 14:30:34,274 [INFO] Image compressed: 297KB -> 262KB
2026-05-24 14:30:36,258 [INFO] Duplicate skipped: 1546 matches existing e5933e8b-a752-48ff-a1ab-eb01034f1020
2026-05-24 14:30:40,637 [INFO] Skipped 1568: not an opportunity
2026-05-24 14:30:50,385 [INFO] Skipped 1542: not an opportunity
2026-05-24 14:30:56,801 [INFO] Skipped 1548: not an opportunity
2026-05-24 14:31:14,837 [INFO] Image compressed: 202KB -> 185KB
2026-05-24 14:31:16,948 [INFO] Duplicate skipped: 1544 matches existing e5933e8b-a752-48ff-a1ab-eb01034f1020
2026-05-24 14:31:21,584 [INFO] Skipped 1549: not an opportunity
2026-05-24 14:31:24,477 [INFO] Skipped 1553: not an opportunity
2026-05-24 14:33:41,662 [INFO] Processing 50 items...
2026-05-24 14:33:54,318 [INFO] Skipped 1585: not an opportunity
2026-05-24 14:33:58,860 [INFO] Skipped 1579: not an opportunity
2026-05-24 14:34:02,383 [INFO] Skipped 1574: not an opportunity
2026-05-24 14:34:05,683 [INFO] Skipped 1586: not an opportunity
2026-05-24 14:34:09,516 [INFO] Skipped 1581: not an opportunity
2026-05-24 14:34:12,804 [INFO] Skipped 1580: not an opportunity
2026-05-24 14:34:16,794 [INFO] Image compressed: 157KB -> 143KB
2026-05-24 14:34:21,109 [INFO] Processed: 1557 | image=yes
2026-05-24 14:34:27,343 [INFO] Skipped 1575: not an opportunity
2026-05-24 14:34:31,653 [INFO] Image compressed: 148KB -> 134KB
2026-05-24 14:34:33,560 [INFO] Duplicate skipped: 1555 matches existing 90f67f2b-96cf-4ced-903a-b862d5950b10
2026-05-24 14:34:37,293 [INFO] Skipped 1587: not an opportunity
2026-05-24 14:34:48,542 [INFO] Skipped 1582: not an opportunity
2026-05-24 14:35:01,295 [INFO] Image compressed: 141KB -> 130KB
2026-05-24 14:35:03,949 [INFO] Duplicate skipped: 1561 matches existing 90f67f2b-96cf-4ced-903a-b862d5950b10
2026-05-24 14:35:08,711 [INFO] Image compressed: 136KB -> 123KB
2026-05-24 14:35:10,856 [INFO] Duplicate skipped: 1559 matches existing 90f67f2b-96cf-4ced-903a-b862d5950b10
2026-05-24 14:35:14,672 [INFO] Image compressed: 134KB -> 123KB
2026-05-24 14:35:16,408 [INFO] Duplicate skipped: 1560 matches existing 90f67f2b-96cf-4ced-903a-b862d5950b10
2026-05-24 14:35:19,966 [INFO] Skipped 1576: not an opportunity
2026-05-24 14:35:22,653 [INFO] Skipped 1562: not an opportunity
2026-05-24 14:35:25,689 [INFO] Skipped 1570: not an opportunity
2026-05-24 14:35:33,336 [INFO] Skipped 1554: not an opportunity
2026-05-24 14:35:54,883 [INFO] Image compressed: 162KB -> 148KB
2026-05-24 14:36:00,720 [INFO] Duplicate skipped: 1556 matches existing 90f67f2b-96cf-4ced-903a-b862d5950b10
2026-05-24 14:36:10,673 [INFO] Skipped 1573: not an opportunity
2026-05-24 14:36:18,703 [INFO] Skipped 1572: not an opportunity
2026-05-24 14:36:22,563 [INFO] Skipped 1571: not an opportunity
2026-05-24 14:36:26,603 [INFO] Skipped 1584: not an opportunity
2026-05-24 14:36:30,797 [INFO] Skipped 1583: not an opportunity
2026-05-24 14:36:40,215 [INFO] Skipped 1577: not an opportunity
2026-05-24 14:36:44,108 [INFO] Image compressed: 183KB -> 167KB
2026-05-24 14:36:46,730 [INFO] Duplicate skipped: 1558 matches existing 90f67f2b-96cf-4ced-903a-b862d5950b10
2026-05-24 14:36:50,486 [INFO] Skipped 1578: not an opportunity
2026-05-24 14:36:57,409 [INFO] Skipped 1600: not an opportunity
2026-05-24 14:37:03,448 [INFO] Updated deadline for existing opportunity 94b8b909-b698-45c7-a65c-6f96ddc002d9 -> 2026-04-29
2026-05-24 14:37:21,456 [INFO] Image compressed: 183KB -> 166KB
2026-05-24 14:37:25,479 [INFO] Processed: 1597 | image=yes
2026-05-24 14:37:34,325 [INFO] Image compressed: 174KB -> 157KB
2026-05-24 14:37:36,521 [INFO] Duplicate skipped: 1596 matches existing 2c93213c-3bea-42d7-969b-510126947cd0
2026-05-24 14:37:45,450 [INFO] Image compressed: 217KB -> 194KB
2026-05-24 14:37:48,676 [INFO] Duplicate skipped: 1595 matches existing 2c93213c-3bea-42d7-969b-510126947cd0
2026-05-24 14:37:56,561 [INFO] Skipped 1601: not an opportunity
2026-05-24 14:38:01,211 [INFO] Skipped 1605: not an opportunity
2026-05-24 14:38:11,108 [INFO] Skipped 1602: not an opportunity
2026-05-24 14:38:39,050 [INFO] Image compressed: 196KB -> 179KB
2026-05-24 14:38:41,571 [INFO] Duplicate skipped: 1592 matches existing 2c93213c-3bea-42d7-969b-510126947cd0
2026-05-24 14:38:46,074 [INFO] Skipped 1603: not an opportunity
2026-05-24 14:38:48,341 [INFO] Skipped 1590: not an opportunity
2026-05-24 14:38:52,420 [INFO] Image kept original: 126KB (compression would increase size)
2026-05-24 14:38:54,728 [INFO] Processed: 1589 | image=yes
2026-05-24 14:39:01,369 [INFO] Skipped 1604: not an opportunity
2026-05-24 14:39:05,447 [INFO] Skipped 1608: not an opportunity
2026-05-24 14:39:09,280 [INFO] Image compressed: 174KB -> 155KB
2026-05-24 14:39:10,832 [INFO] Duplicate skipped: 1591 matches existing 2c93213c-3bea-42d7-969b-510126947cd0
2026-05-24 14:39:16,850 [INFO] Duplicate skipped: 1588 matches existing 56fdf992-c8af-438e-91a8-d9592d4c671b
2026-05-24 14:39:24,630 [INFO] Image compressed: 164KB -> 149KB
2026-05-24 14:39:26,542 [INFO] Duplicate skipped: 1593 matches existing 2c93213c-3bea-42d7-969b-510126947cd0
2026-05-24 14:39:36,759 [INFO] Image compressed: 240KB -> 214KB
2026-05-24 14:39:38,348 [INFO] Duplicate skipped: 1598 matches existing 2c93213c-3bea-42d7-969b-510126947cd0
2026-05-24 14:39:48,709 [INFO] Image compressed: 185KB -> 165KB
2026-05-24 14:39:50,310 [INFO] Duplicate skipped: 1594 matches existing 2c93213c-3bea-42d7-969b-510126947cd0
2026-05-24 14:39:55,147 [INFO] Skipped 1606: not an opportunity
2026-05-24 14:39:59,106 [INFO] Skipped 1607: not an opportunity
2026-05-24 14:40:02,289 [INFO] Skipped 1609: not an opportunity
2026-05-24 14:40:06,096 [INFO] Image compressed: 204KB -> 185KB
2026-05-24 14:40:08,145 [INFO] Duplicate skipped: 1610 matches existing f207b29b-44b0-483a-b605-cdde58ef254e
2026-05-24 14:42:39,705 [INFO] Processing 50 items...
2026-05-24 14:42:40,562 [INFO] Skipped 1618: no actionable signal (no URL, phone, email, or handle)
2026-05-24 14:42:49,918 [INFO] Image kept original: 123KB (compression would increase size)
2026-05-24 14:42:53,572 [INFO] Processed: 1622 | image=yes
2026-05-24 14:42:59,846 [INFO] Image kept original: 160KB (compression would increase size)
2026-05-24 14:43:03,329 [INFO] Processed: 1628 | image=yes
2026-05-24 14:43:05,714 [INFO] Skipped 1620: no actionable signal (no URL, phone, email, or handle)
2026-05-24 14:43:05,887 [INFO] Skipped 1616: no actionable signal (no URL, phone, email, or handle)
2026-05-24 14:43:06,198 [INFO] Skipped 1617: no actionable signal (no URL, phone, email, or handle)
2026-05-24 14:43:22,162 [INFO] Image kept original: 165KB (compression would increase size)
2026-05-24 14:43:25,455 [INFO] Processed: 1611 | image=yes
2026-05-24 14:43:27,813 [INFO] Skipped 1619: no actionable signal (no URL, phone, email, or handle)
2026-05-24 14:43:38,721 [INFO] Image kept original: 137KB (compression would increase size)
2026-05-24 14:43:59,849 [ERROR] Failed 1612: The read operation timed out
Traceback (most recent call last):
  File "C:\KIT - Software Engineering\Year 3\IC Internship\SOF\student-opportunity-finder\tools\scraper\venv\Lib\site-packages\httpx\_transports\default.py", line 101, in map_httpcore_exceptions
    yield
  File "C:\KIT - Software Engineering\Year 3\IC Internship\SOF\student-opportunity-finder\tools\scraper\venv\Lib\site-packages\httpx\_transports\default.py", line 250, in handle_request
    resp = self._pool.handle_request(req)
  File "C:\KIT - Software Engineering\Year 3\IC Internship\SOF\student-opportunity-finder\tools\scraper\venv\Lib\site-packages\httpcore\_sync\connection_pool.py", line 256, in handle_request
    raise exc from None
  File "C:\KIT - Software Engineering\Year 3\IC Internship\SOF\student-opportunity-finder\tools\scraper\venv\Lib\site-packages\httpcore\_sync\connection_pool.py", line 236, in handle_request
    response = connection.handle_request(
        pool_request.request
    )
  File "C:\KIT - Software Engineering\Year 3\IC Internship\SOF\student-opportunity-finder\tools\scraper\venv\Lib\site-packages\httpcore\_sync\connection.py", line 103, in handle_request
    return self._connection.handle_request(request)
           ~~~~~~~~~~~~~~~~~~~~~~~~~~~~~~~^^^^^^^^^
  File "C:\KIT - Software Engineering\Year 3\IC Internship\SOF\student-opportunity-finder\tools\scraper\venv\Lib\site-packages\httpcore\_sync\http2.py", line 187, in handle_request
    raise exc
  File "C:\KIT - Software Engineering\Year 3\IC Internship\SOF\student-opportunity-finder\tools\scraper\venv\Lib\site-packages\httpcore\_sync\http2.py", line 150, in handle_request
    status, headers = self._receive_response(
                      ~~~~~~~~~~~~~~~~~~~~~~^
        request=request, stream_id=stream_id
        ^^^^^^^^^^^^^^^^^^^^^^^^^^^^^^^^^^^^
    )
    ^
  File "C:\KIT - Software Engineering\Year 3\IC Internship\SOF\student-opportunity-finder\tools\scraper\venv\Lib\site-packages\httpcore\_sync\http2.py", line 294, in _receive_response
    event = self._receive_stream_event(request, stream_id)
  File "C:\KIT - Software Engineering\Year 3\IC Internship\SOF\student-opportunity-finder\tools\scraper\venv\Lib\site-packages\httpcore\_sync\http2.py", line 336, in _receive_stream_event
    self._receive_events(request, stream_id)
    ~~~~~~~~~~~~~~~~~~~~^^^^^^^^^^^^^^^^^^^^
  File "C:\KIT - Software Engineering\Year 3\IC Internship\SOF\student-opportunity-finder\tools\scraper\venv\Lib\site-packages\httpcore\_sync\http2.py", line 364, in _receive_events
    events = self._read_incoming_data(request)
  File "C:\KIT - Software Engineering\Year 3\IC Internship\SOF\student-opportunity-finder\tools\scraper\venv\Lib\site-packages\httpcore\_sync\http2.py", line 455, in _read_incoming_data
    raise exc
  File "C:\KIT - Software Engineering\Year 3\IC Internship\SOF\student-opportunity-finder\tools\scraper\venv\Lib\site-packages\httpcore\_sync\http2.py", line 441, in _read_incoming_data
    data = self._network_stream.read(self.READ_NUM_BYTES, timeout)
  File "C:\KIT - Software Engineering\Year 3\IC Internship\SOF\student-opportunity-finder\tools\scraper\venv\Lib\site-packages\httpcore\_backends\sync.py", line 126, in read
    with map_exceptions(exc_map):
         ~~~~~~~~~~~~~~^^^^^^^^^
  File "C:\Users\rasyy\AppData\Local\Python\pythoncore-3.14-64\Lib\contextlib.py", line 162, in __exit__
    self.gen.throw(value)
    ~~~~~~~~~~~~~~^^^^^^^
  File "C:\KIT - Software Engineering\Year 3\IC Internship\SOF\student-opportunity-finder\tools\scraper\venv\Lib\site-packages\httpcore\_exceptions.py", line 14, in map_exceptions
    raise to_exc(exc) from exc
httpcore.ReadTimeout: The read operation timed out

The above exception was the direct cause of the following exception:

Traceback (most recent call last):
  File "C:\KIT - Software Engineering\Year 3\IC Internship\SOF\student-opportunity-finder\tools\scraper\cleaner.py", line 630, in process_queue
    image_url = await asyncio.to_thread(upload_image_to_storage, image_bytes, item_id)
                ^^^^^^^^^^^^^^^^^^^^^^^^^^^^^^^^^^^^^^^^^^^^^^^^^^^^^^^^^^^^^^^^^^^^^^
  File "C:\Users\rasyy\AppData\Local\Python\pythoncore-3.14-64\Lib\asyncio\threads.py", line 25, in to_thread
    return await loop.run_in_executor(None, func_call)
           ^^^^^^^^^^^^^^^^^^^^^^^^^^^^^^^^^^^^^^^^^^^
  File "C:\Users\rasyy\AppData\Local\Python\pythoncore-3.14-64\Lib\concurrent\futures\thread.py", line 86, in run
    result = ctx.run(self.task)
  File "C:\Users\rasyy\AppData\Local\Python\pythoncore-3.14-64\Lib\concurrent\futures\thread.py", line 73, in run
    return fn(*args, **kwargs)
  File "C:\KIT - Software Engineering\Year 3\IC Internship\SOF\student-opportunity-finder\tools\scraper\venv\Lib\site-packages\tenacity\__init__.py", line 331, in wrapped_f
    return copy(f, *args, **kw)
  File "C:\KIT - Software Engineering\Year 3\IC Internship\SOF\student-opportunity-finder\tools\scraper\venv\Lib\site-packages\tenacity\__init__.py", line 470, in __call__
    do = self.iter(retry_state=retry_state)
  File "C:\KIT - Software Engineering\Year 3\IC Internship\SOF\student-opportunity-finder\tools\scraper\venv\Lib\site-packages\tenacity\__init__.py", line 371, in iter
    result = action(retry_state)
  File "C:\KIT - Software Engineering\Year 3\IC Internship\SOF\student-opportunity-finder\tools\scraper\venv\Lib\site-packages\tenacity\__init__.py", line 393, in <lambda>
    self._add_action_func(lambda rs: rs.outcome.result())
                                     ~~~~~~~~~~~~~~~~~^^
  File "C:\Users\rasyy\AppData\Local\Python\pythoncore-3.14-64\Lib\concurrent\futures\_base.py", line 443, in result
    return self.__get_result()
           ~~~~~~~~~~~~~~~~~^^
  File "C:\Users\rasyy\AppData\Local\Python\pythoncore-3.14-64\Lib\concurrent\futures\_base.py", line 395, in __get_result
    raise self._exception
  File "C:\KIT - Software Engineering\Year 3\IC Internship\SOF\student-opportunity-finder\tools\scraper\venv\Lib\site-packages\tenacity\__init__.py", line 473, in __call__
    result = fn(*args, **kwargs)
  File "C:\KIT - Software Engineering\Year 3\IC Internship\SOF\student-opportunity-finder\tools\scraper\cleaner.py", line 446, in upload_image_to_storage
    supabase.storage.from_(STORAGE_BUCKET).upload(
    ~~~~~~~~~~~~~~~~~~~~~~~~~~~~~~~~~~~~~~~~~~~~~^
        path=path,
        ^^^^^^^^^^
        file=compressed,
        ^^^^^^^^^^^^^^^^
        file_options={"content-type": "image/jpeg", "upsert": "true"}
        ^^^^^^^^^^^^^^^^^^^^^^^^^^^^^^^^^^^^^^^^^^^^^^^^^^^^^^^^^^^^^
    )
    ^
  File "C:\KIT - Software Engineering\Year 3\IC Internship\SOF\student-opportunity-finder\tools\scraper\venv\Lib\site-packages\storage3\_sync\file_api.py", line 592, in upload
    return self._upload_or_update("POST", path_parts, file, file_options)
           ~~~~~~~~~~~~~~~~~~~~~~^^^^^^^^^^^^^^^^^^^^^^^^^^^^^^^^^^^^^^^^
  File "C:\KIT - Software Engineering\Year 3\IC Internship\SOF\student-opportunity-finder\tools\scraper\venv\Lib\site-packages\storage3\_sync\file_api.py", line 564, in _upload_or_update
    response = self._request(
        method, ["object", self.id, *path], files=files, headers=headers, data=_data
    )
  File "C:\KIT - Software Engineering\Year 3\IC Internship\SOF\student-opportunity-finder\tools\scraper\venv\Lib\site-packages\storage3\_sync\file_api.py", line 72, in _request
    response = self._client.request(
        method,
    ...<4 lines>...
        **kwargs,
    )
  File "C:\KIT - Software Engineering\Year 3\IC Internship\SOF\student-opportunity-finder\tools\scraper\venv\Lib\site-packages\httpx\_client.py", line 825, in request
    return self.send(request, auth=auth, follow_redirects=follow_redirects)
           ~~~~~~~~~^^^^^^^^^^^^^^^^^^^^^^^^^^^^^^^^^^^^^^^^^^^^^^^^^^^^^^^
  File "C:\KIT - Software Engineering\Year 3\IC Internship\SOF\student-opportunity-finder\tools\scraper\venv\Lib\site-packages\httpx\_client.py", line 914, in send
    response = self._send_handling_auth(
        request,
    ...<2 lines>...
        history=[],
    )
  File "C:\KIT - Software Engineering\Year 3\IC Internship\SOF\student-opportunity-finder\tools\scraper\venv\Lib\site-packages\httpx\_client.py", line 942, in _send_handling_auth
    response = self._send_handling_redirects(
        request,
        follow_redirects=follow_redirects,
        history=history,
    )
  File "C:\KIT - Software Engineering\Year 3\IC Internship\SOF\student-opportunity-finder\tools\scraper\venv\Lib\site-packages\httpx\_client.py", line 979, in _send_handling_redirects
    response = self._send_single_request(request)
  File "C:\KIT - Software Engineering\Year 3\IC Internship\SOF\student-opportunity-finder\tools\scraper\venv\Lib\site-packages\httpx\_client.py", line 1014, in _send_single_request
    response = transport.handle_request(request)
  File "C:\KIT - Software Engineering\Year 3\IC Internship\SOF\student-opportunity-finder\tools\scraper\venv\Lib\site-packages\httpx\_transports\default.py", line 249, in handle_request
    with map_httpcore_exceptions():
         ~~~~~~~~~~~~~~~~~~~~~~~^^
  File "C:\Users\rasyy\AppData\Local\Python\pythoncore-3.14-64\Lib\contextlib.py", line 162, in __exit__
    self.gen.throw(value)
    ~~~~~~~~~~~~~~^^^^^^^
  File "C:\KIT - Software Engineering\Year 3\IC Internship\SOF\student-opportunity-finder\tools\scraper\venv\Lib\site-packages\httpx\_transports\default.py", line 118, in map_httpcore_exceptions
    raise mapped_exc(message) from exc
httpx.ReadTimeout: The read operation timed out
2026-05-24 14:44:06,936 [INFO] Image kept original: 142KB (compression would increase size)
2026-05-24 14:44:09,164 [INFO] Processed: 1615 | image=yes
2026-05-24 14:44:15,216 [INFO] Image kept original: 127KB (compression would increase size)
2026-05-24 14:44:17,134 [INFO] Duplicate skipped: 1627 matches existing ffcdc5cf-d134-4091-8244-b3d1ad97e3be
2026-05-24 14:44:29,143 [INFO] Image kept original: 206KB (compression would increase size)
2026-05-24 14:44:32,898 [INFO] Processed: 1625 | image=yes
2026-05-24 14:44:39,095 [INFO] Image kept original: 114KB (compression would increase size)
2026-05-24 14:44:40,869 [INFO] Duplicate skipped: 1613 matches existing 01b88f77-8f70-4379-9b77-6dbb20fb1a24
2026-05-24 14:44:48,616 [INFO] Image kept original: 146KB (compression would increase size)
2026-05-24 14:44:50,977 [INFO] Duplicate skipped: 1626 matches existing d1294e5a-b137-49d7-85aa-cdc39f849aae
2026-05-24 14:44:56,320 [INFO] Image kept original: 130KB (compression would increase size)
2026-05-24 14:44:58,495 [INFO] Duplicate skipped: 1624 matches existing c6443369-3eee-4b4e-96ed-14d0cb8b59f7
2026-05-24 14:45:03,198 [INFO] Image kept original: 132KB (compression would increase size)
2026-05-24 14:45:05,710 [INFO] Duplicate skipped: 1614 matches existing 01b88f77-8f70-4379-9b77-6dbb20fb1a24
2026-05-24 14:45:11,006 [INFO] Image kept original: 132KB (compression would increase size)
2026-05-24 14:45:13,343 [INFO] Duplicate skipped: 1623 matches existing c6443369-3eee-4b4e-96ed-14d0cb8b59f7
2026-05-24 14:45:19,700 [INFO] Image kept original: 114KB (compression would increase size)
2026-05-24 14:45:21,772 [INFO] Duplicate skipped: 1621 matches existing c6443369-3eee-4b4e-96ed-14d0cb8b59f7
2026-05-24 14:45:30,183 [INFO] Image compressed: 275KB -> 259KB
2026-05-24 14:45:33,111 [INFO] Processed: 1629 | image=yes
2026-05-24 14:45:40,382 [INFO] Processed: 1634 | image=no
2026-05-24 14:45:49,222 [INFO] Image compressed: 200KB -> 198KB
2026-05-24 14:45:54,335 [INFO] Processed: 1630 | image=yes
2026-05-24 14:46:07,954 [INFO] Image compressed: 291KB -> 279KB
2026-05-24 14:46:13,064 [INFO] Processed: 1633 | image=yes
2026-05-24 14:46:29,123 [INFO] Image compressed: 185KB -> 174KB
2026-05-24 14:46:32,766 [INFO] Processed: 1631 | image=yes
2026-05-24 14:46:41,861 [INFO] Image compressed: 181KB -> 176KB
2026-05-24 14:46:44,504 [INFO] Processed: 1632 | image=yes
2026-05-24 14:46:57,222 [INFO] Image kept original: 220KB (compression would increase size)
2026-05-24 14:47:00,869 [INFO] Processed: 1654 | image=yes
2026-05-24 14:47:03,034 [INFO] Skipped 1649: too short
2026-05-24 14:47:03,172 [INFO] Skipped 1648: too short
2026-05-24 14:47:11,632 [INFO] Image kept original: 149KB (compression would increase size)
2026-05-24 14:47:15,026 [INFO] Processed: 1647 | image=yes
2026-05-24 14:47:28,186 [INFO] Skipped 1655: not an opportunity
2026-05-24 14:47:33,435 [INFO] Skipped 1659: not an opportunity
2026-05-24 14:47:33,570 [INFO] Skipped 1645: no actionable signal (no URL, phone, email, or handle)
2026-05-24 14:47:33,714 [INFO] Skipped 1643: too short
2026-05-24 14:47:38,704 [INFO] Image kept original: 145KB (compression would increase size)
2026-05-24 14:47:41,530 [INFO] Processed: 1651 | image=yes
2026-05-24 14:47:49,197 [INFO] Image kept original: 184KB (compression would increase size)
2026-05-24 14:47:52,948 [INFO] Processed: 1641 | image=yes
2026-05-24 14:48:00,458 [INFO] Image kept original: 137KB (compression would increase size)
2026-05-24 14:48:02,640 [INFO] Duplicate skipped: 1639 matches existing 9f072185-466d-4133-832d-44c15c67a639
2026-05-24 14:48:02,971 [INFO] Skipped 1652: too short
2026-05-24 14:48:07,864 [INFO] Skipped 1657: not an opportunity
2026-05-24 14:48:14,925 [INFO] Processed: 1638 | image=no
2026-05-24 14:48:24,521 [INFO] Image kept original: 187KB (compression would increase size)
2026-05-24 14:48:27,145 [INFO] Processed: 1637 | image=yes
2026-05-24 14:48:29,290 [INFO] Skipped 1640: too short
2026-05-24 14:48:29,438 [INFO] Skipped 1636: no actionable signal (no URL, phone, email, or handle)
2026-05-24 14:48:29,581 [INFO] Skipped 1642: too short
2026-05-24 14:48:35,020 [INFO] Image kept original: 164KB (compression would increase size)
2026-05-24 14:48:38,557 [INFO] Processed: 1635 | image=yes
2026-05-24 14:48:45,149 [INFO] Image kept original: 70KB (compression would increase size)
2026-05-24 14:48:47,034 [INFO] Processed: 1644 | image=yes
2026-05-24 14:48:49,189 [INFO] Skipped 1653: no actionable signal (no URL, phone, email, or handle)
2026-05-24 14:48:49,340 [INFO] Skipped 1646: no actionable signal (no URL, phone, email, or handle)
2026-05-24 14:48:49,489 [INFO] Skipped 1650: no actionable signal (no URL, phone, email, or handle)
2026-05-24 14:48:56,714 [INFO] Skipped 1656: not an opportunity
2026-05-24 14:49:01,268 [INFO] Skipped 1658: not an opportunity
2026-05-24 14:49:01,414 [INFO] Skipped 1660: too short
2026-05-24 14:49:11,788 [INFO] Processing 50 items...
2026-05-24 14:49:18,081 [INFO] Image kept original: 107KB (compression would increase size)
2026-05-24 14:49:20,826 [INFO] Processed: 1679 | image=yes
2026-05-24 14:49:30,388 [INFO] Image kept original: 107KB (compression would increase size)
2026-05-24 14:49:32,344 [INFO] Duplicate skipped: 1674 matches existing 85f51cf9-8d67-435c-9c63-ff4d60e546ce
2026-05-24 14:49:38,156 [INFO] Skipped 1661: not an opportunity (OCR)
2026-05-24 14:49:41,114 [INFO] Skipped 1672: not an opportunity
2026-05-24 14:49:48,336 [INFO] Image kept original: 105KB (compression would increase size)
2026-05-24 14:49:50,463 [INFO] Duplicate skipped: 1677 matches existing 85f51cf9-8d67-435c-9c63-ff4d60e546ce
2026-05-24 14:49:55,088 [INFO] Image kept original: 107KB (compression would increase size)
2026-05-24 14:49:56,677 [INFO] Duplicate skipped: 1675 matches existing 85f51cf9-8d67-435c-9c63-ff4d60e546ce
2026-05-24 14:50:01,532 [INFO] Image kept original: 116KB (compression would increase size)
2026-05-24 14:50:03,142 [INFO] Duplicate skipped: 1681 matches existing 85f51cf9-8d67-435c-9c63-ff4d60e546ce
2026-05-24 14:50:08,105 [INFO] Skipped 1673: not an opportunity
2026-05-24 14:50:12,494 [INFO] Image kept original: 110KB (compression would increase size)
2026-05-24 14:50:14,339 [INFO] Duplicate skipped: 1682 matches existing 85f51cf9-8d67-435c-9c63-ff4d60e546ce
2026-05-24 14:50:19,416 [INFO] Image kept original: 110KB (compression would increase size)
2026-05-24 14:50:20,809 [INFO] Duplicate skipped: 1683 matches existing 85f51cf9-8d67-435c-9c63-ff4d60e546ce
2026-05-24 14:50:25,136 [INFO] Image kept original: 126KB (compression would increase size)
2026-05-24 14:50:27,103 [INFO] Duplicate skipped: 1678 matches existing 85f51cf9-8d67-435c-9c63-ff4d60e546ce
2026-05-24 14:50:30,262 [INFO] Skipped 1663: not an opportunity
2026-05-24 14:50:44,028 [INFO] Image kept original: 173KB (compression would increase size)
2026-05-24 14:50:49,581 [INFO] Processed: 1662 | image=yes
2026-05-24 14:50:57,407 [INFO] Image kept original: 99KB (compression would increase size)
2026-05-24 14:50:59,340 [INFO] Duplicate skipped: 1676 matches existing 85f51cf9-8d67-435c-9c63-ff4d60e546ce
2026-05-24 14:51:02,051 [INFO] Skipped 1671: not an opportunity
2026-05-24 14:51:04,573 [INFO] Skipped 1664: not an opportunity
2026-05-24 14:51:07,674 [INFO] Skipped 1665: not an opportunity
2026-05-24 14:51:10,308 [INFO] Skipped 1666: not an opportunity
2026-05-24 14:51:12,775 [INFO] Skipped 1669: not an opportunity
2026-05-24 14:51:15,716 [INFO] Skipped 1668: not an opportunity
2026-05-24 14:51:18,402 [INFO] Skipped 1670: not an opportunity
2026-05-24 14:51:21,453 [INFO] Skipped 1667: not an opportunity
2026-05-24 14:51:25,186 [INFO] Image kept original: 144KB (compression would increase size)
2026-05-24 14:51:27,827 [INFO] Duplicate skipped: 1680 matches existing 85f51cf9-8d67-435c-9c63-ff4d60e546ce
2026-05-24 14:51:28,151 [INFO] Skipped 1687: no actionable signal (no URL, phone, email, or handle)
2026-05-24 14:51:28,378 [INFO] Skipped 1684: no actionable signal (no URL, phone, email, or handle)
2026-05-24 14:51:28,560 [INFO] Skipped 1686: too short
2026-05-24 14:51:28,762 [INFO] Skipped 1685: no actionable signal (no URL, phone, email, or handle)
2026-05-24 14:51:31,305 [INFO] Skipped 1700: not an opportunity
2026-05-24 14:51:34,353 [INFO] Skipped 1689: not an opportunity
2026-05-24 14:51:37,507 [INFO] Skipped 1719: not an opportunity
2026-05-24 14:51:42,579 [INFO] Image compressed: 268KB -> 232KB
2026-05-24 14:51:45,311 [INFO] Processed: 1706 | image=yes
2026-05-24 14:51:52,737 [INFO] Image compressed: 325KB -> 277KB
2026-05-24 14:51:57,165 [INFO] Processed: 1705 | image=yes
2026-05-24 14:52:04,104 [INFO] Image compressed: 279KB -> 244KB
2026-05-24 14:52:08,272 [INFO] Processed: 1704 | image=yes
2026-05-24 14:52:12,252 [INFO] Skipped 1699: not an opportunity
2026-05-24 14:52:16,429 [INFO] Image compressed: 153KB -> 139KB
2026-05-24 14:52:18,205 [INFO] Processed: 1688 | image=yes
2026-05-24 14:52:20,437 [INFO] Skipped 1702: no actionable signal (no URL, phone, email, or handle)
2026-05-24 14:52:23,008 [INFO] Skipped 1696: not an opportunity
2026-05-24 14:52:32,038 [INFO] Image compressed: 324KB -> 274KB
2026-05-24 14:52:36,715 [INFO] Processed: 1698 | image=yes
2026-05-24 14:52:47,956 [INFO] Image compressed: 342KB -> 291KB
2026-05-24 14:52:50,280 [INFO] Duplicate skipped: 1695 matches existing 9ab2d3d2-3d18-4c7a-8acb-55afdb036ae0
2026-05-24 14:52:54,009 [INFO] Image kept original: 128KB (compression would increase size)
2026-05-24 14:52:55,947 [INFO] Processed: 1694 | image=yes
2026-05-24 14:53:02,308 [INFO] Image compressed: 260KB -> 219KB
2026-05-24 14:53:04,847 [INFO] Processed: 1693 | image=yes
2026-05-24 14:53:10,555 [INFO] Skipped 1692: not an opportunity
2026-05-24 14:53:14,637 [INFO] Image kept original: 307KB (compression would increase size)
2026-05-24 14:53:17,413 [INFO] Duplicate skipped: 1701 matches existing fa9e77cc-b0f7-4cdf-9bf0-7cf38fc24c04
2026-05-24 14:53:21,406 [INFO] Image compressed: 170KB -> 164KB
2026-05-24 14:53:23,688 [INFO] Processed: 1697 | image=yes
2026-05-24 14:53:29,323 [INFO] Skipped 1690: not an opportunity
2026-05-24 14:53:33,288 [INFO] Image compressed: 263KB -> 262KB
2026-05-24 14:53:35,985 [INFO] Processed: 1703 | image=yes
2026-05-24 14:53:41,182 [INFO] Image compressed: 219KB -> 218KB
2026-05-24 14:53:43,038 [INFO] Processed: 1720 | image=yes
2026-05-24 14:53:52,697 [INFO] Skipped 1691: not an opportunity
2026-05-24 14:53:57,656 [INFO] Skipped 1707: not an opportunity
2026-05-24 14:54:47,662 [INFO] Skipped 1708: not an opportunity
2026-05-24 14:56:53,818 [INFO] Processing 50 items...
2026-05-24 14:57:09,421 [INFO] Image compressed: 270KB -> 265KB
2026-05-24 14:57:14,777 [INFO] Processed: 1718 | image=yes
2026-05-24 14:57:22,899 [INFO] Image compressed: 252KB -> 250KB
2026-05-24 14:57:26,096 [INFO] Processed: 1711 | image=yes
2026-05-24 14:57:30,722 [INFO] Skipped 1712: not an opportunity
2026-05-24 14:57:33,323 [INFO] Skipped 1714: not an opportunity
2026-05-24 14:57:36,567 [INFO] Skipped 1713: not an opportunity
2026-05-24 14:57:39,511 [INFO] Skipped 1716: not an opportunity
2026-05-24 14:57:42,641 [INFO] Skipped 1717: not an opportunity
2026-05-24 14:57:51,650 [INFO] Image compressed: 499KB -> 371KB
2026-05-24 14:57:56,251 [INFO] Duplicate skipped: 1722 matches existing 37677ef0-c7ae-4347-94a8-bf8fe4cf1354
2026-05-24 14:57:59,798 [INFO] Skipped 1710: not an opportunity
2026-05-24 14:58:00,004 [INFO] Skipped 1721: no actionable signal (no URL, phone, email, or handle)
2026-05-24 14:58:03,810 [INFO] Skipped 1715: not an opportunity
2026-05-24 14:58:10,571 [INFO] Image compressed: 154KB -> 145KB
2026-05-24 14:58:13,349 [INFO] Duplicate skipped: 1709 matches existing 37677ef0-c7ae-4347-94a8-bf8fe4cf1354
2026-05-24 14:58:13,868 [INFO] Skipped 1723: no actionable signal (no URL, phone, email, or handle)
2026-05-24 14:58:14,407 [INFO] Skipped 1725: no actionable signal (no URL, phone, email, or handle)
2026-05-24 14:58:58,016 [INFO] Image compressed: 184KB -> 177KB
2026-05-24 14:59:04,020 [INFO] Updated deadline for existing opportunity 07a33c87-b605-4cd1-958b-10ed1a9fbc82 -> 2026-05-17
2026-05-24 14:59:22,452 [ERROR] Failed 1727: Connection error.
Traceback (most recent call last):
  File "C:\KIT - Software Engineering\Year 3\IC Internship\SOF\student-opportunity-finder\tools\scraper\venv\Lib\site-packages\httpx\_transports\default.py", line 101, in map_httpcore_exceptions
    yield
  File "C:\KIT - Software Engineering\Year 3\IC Internship\SOF\student-opportunity-finder\tools\scraper\venv\Lib\site-packages\httpx\_transports\default.py", line 250, in handle_request
    resp = self._pool.handle_request(req)
  File "C:\KIT - Software Engineering\Year 3\IC Internship\SOF\student-opportunity-finder\tools\scraper\venv\Lib\site-packages\httpcore\_sync\connection_pool.py", line 256, in handle_request
    raise exc from None
  File "C:\KIT - Software Engineering\Year 3\IC Internship\SOF\student-opportunity-finder\tools\scraper\venv\Lib\site-packages\httpcore\_sync\connection_pool.py", line 236, in handle_request
    response = connection.handle_request(
        pool_request.request
    )
  File "C:\KIT - Software Engineering\Year 3\IC Internship\SOF\student-opportunity-finder\tools\scraper\venv\Lib\site-packages\httpcore\_sync\connection.py", line 101, in handle_request
    raise exc
  File "C:\KIT - Software Engineering\Year 3\IC Internship\SOF\student-opportunity-finder\tools\scraper\venv\Lib\site-packages\httpcore\_sync\connection.py", line 78, in handle_request
    stream = self._connect(request)
  File "C:\KIT - Software Engineering\Year 3\IC Internship\SOF\student-opportunity-finder\tools\scraper\venv\Lib\site-packages\httpcore\_sync\connection.py", line 124, in _connect
    stream = self._network_backend.connect_tcp(**kwargs)
  File "C:\KIT - Software Engineering\Year 3\IC Internship\SOF\student-opportunity-finder\tools\scraper\venv\Lib\site-packages\httpcore\_backends\sync.py", line 207, in connect_tcp
    with map_exceptions(exc_map):
         ~~~~~~~~~~~~~~^^^^^^^^^
  File "C:\Users\rasyy\AppData\Local\Python\pythoncore-3.14-64\Lib\contextlib.py", line 162, in __exit__
    self.gen.throw(value)
    ~~~~~~~~~~~~~~^^^^^^^
  File "C:\KIT - Software Engineering\Year 3\IC Internship\SOF\student-opportunity-finder\tools\scraper\venv\Lib\site-packages\httpcore\_exceptions.py", line 14, in map_exceptions
    raise to_exc(exc) from exc
httpcore.ConnectError: [Errno 11001] getaddrinfo failed

The above exception was the direct cause of the following exception:

Traceback (most recent call last):
  File "C:\KIT - Software Engineering\Year 3\IC Internship\SOF\student-opportunity-finder\tools\scraper\venv\Lib\site-packages\openai\_base_client.py", line 1037, in request
    response = self._send_request(
        request,
        stream=stream or self._should_stream_response_body(request=request),
        **kwargs,
    )
  File "C:\KIT - Software Engineering\Year 3\IC Internship\SOF\student-opportunity-finder\tools\scraper\venv\Lib\site-packages\openai\_client.py", line 440, in _send_request
    return self._send_with_auth_retry(request, stream=stream, **kwargs)
           ~~~~~~~~~~~~~~~~~~~~~~~~~~^^^^^^^^^^^^^^^^^^^^^^^^^^^^^^^^^^
  File "C:\KIT - Software Engineering\Year 3\IC Internship\SOF\student-opportunity-finder\tools\scraper\venv\Lib\site-packages\openai\_client.py", line 418, in _send_with_auth_retry
    response = super()._send_request(request, stream=stream, **kwargs)
  File "C:\KIT - Software Engineering\Year 3\IC Internship\SOF\student-opportunity-finder\tools\scraper\venv\Lib\site-packages\openai\_base_client.py", line 964, in _send_request
    return self._client.send(request, stream=stream, **kwargs)
           ~~~~~~~~~~~~~~~~~^^^^^^^^^^^^^^^^^^^^^^^^^^^^^^^^^^
  File "C:\KIT - Software Engineering\Year 3\IC Internship\SOF\student-opportunity-finder\tools\scraper\venv\Lib\site-packages\httpx\_client.py", line 914, in send
    response = self._send_handling_auth(
        request,
    ...<2 lines>...
        history=[],
    )
  File "C:\KIT - Software Engineering\Year 3\IC Internship\SOF\student-opportunity-finder\tools\scraper\venv\Lib\site-packages\httpx\_client.py", line 942, in _send_handling_auth
    response = self._send_handling_redirects(
        request,
        follow_redirects=follow_redirects,
        history=history,
    )
  File "C:\KIT - Software Engineering\Year 3\IC Internship\SOF\student-opportunity-finder\tools\scraper\venv\Lib\site-packages\httpx\_client.py", line 979, in _send_handling_redirects
    response = self._send_single_request(request)
  File "C:\KIT - Software Engineering\Year 3\IC Internship\SOF\student-opportunity-finder\tools\scraper\venv\Lib\site-packages\httpx\_client.py", line 1014, in _send_single_request
    response = transport.handle_request(request)
  File "C:\KIT - Software Engineering\Year 3\IC Internship\SOF\student-opportunity-finder\tools\scraper\venv\Lib\site-packages\httpx\_transports\default.py", line 249, in handle_request
    with map_httpcore_exceptions():
         ~~~~~~~~~~~~~~~~~~~~~~~^^
  File "C:\Users\rasyy\AppData\Local\Python\pythoncore-3.14-64\Lib\contextlib.py", line 162, in __exit__
    self.gen.throw(value)
    ~~~~~~~~~~~~~~^^^^^^^
  File "C:\KIT - Software Engineering\Year 3\IC Internship\SOF\student-opportunity-finder\tools\scraper\venv\Lib\site-packages\httpx\_transports\default.py", line 118, in map_httpcore_exceptions
    raise mapped_exc(message) from exc
httpx.ConnectError: [Errno 11001] getaddrinfo failed

The above exception was the direct cause of the following exception:

Traceback (most recent call last):
  File "C:\KIT - Software Engineering\Year 3\IC Internship\SOF\student-opportunity-finder\tools\scraper\cleaner.py", line 564, in process_queue
    ai_result = await asyncio.to_thread(call_openai_vision, image_bytes)
                ^^^^^^^^^^^^^^^^^^^^^^^^^^^^^^^^^^^^^^^^^^^^^^^^^^^^^^^^
  File "C:\Users\rasyy\AppData\Local\Python\pythoncore-3.14-64\Lib\asyncio\threads.py", line 25, in to_thread
    return await loop.run_in_executor(None, func_call)
           ^^^^^^^^^^^^^^^^^^^^^^^^^^^^^^^^^^^^^^^^^^^
  File "C:\Users\rasyy\AppData\Local\Python\pythoncore-3.14-64\Lib\concurrent\futures\thread.py", line 86, in run
    result = ctx.run(self.task)
  File "C:\Users\rasyy\AppData\Local\Python\pythoncore-3.14-64\Lib\concurrent\futures\thread.py", line 73, in run
    return fn(*args, **kwargs)
  File "C:\KIT - Software Engineering\Year 3\IC Internship\SOF\student-opportunity-finder\tools\scraper\venv\Lib\site-packages\tenacity\__init__.py", line 331, in wrapped_f
    return copy(f, *args, **kw)
  File "C:\KIT - Software Engineering\Year 3\IC Internship\SOF\student-opportunity-finder\tools\scraper\venv\Lib\site-packages\tenacity\__init__.py", line 470, in __call__
    do = self.iter(retry_state=retry_state)
  File "C:\KIT - Software Engineering\Year 3\IC Internship\SOF\student-opportunity-finder\tools\scraper\venv\Lib\site-packages\tenacity\__init__.py", line 371, in iter
    result = action(retry_state)
  File "C:\KIT - Software Engineering\Year 3\IC Internship\SOF\student-opportunity-finder\tools\scraper\venv\Lib\site-packages\tenacity\__init__.py", line 393, in <lambda>
    self._add_action_func(lambda rs: rs.outcome.result())
                                     ~~~~~~~~~~~~~~~~~^^
  File "C:\Users\rasyy\AppData\Local\Python\pythoncore-3.14-64\Lib\concurrent\futures\_base.py", line 443, in result
    return self.__get_result()
           ~~~~~~~~~~~~~~~~~^^
  File "C:\Users\rasyy\AppData\Local\Python\pythoncore-3.14-64\Lib\concurrent\futures\_base.py", line 395, in __get_result
    raise self._exception
  File "C:\KIT - Software Engineering\Year 3\IC Internship\SOF\student-opportunity-finder\tools\scraper\venv\Lib\site-packages\tenacity\__init__.py", line 473, in __call__
    result = fn(*args, **kwargs)
  File "C:\KIT - Software Engineering\Year 3\IC Internship\SOF\student-opportunity-finder\tools\scraper\cleaner.py", line 373, in call_openai_vision
    response = openai_client.chat.completions.create(
        model=_OPENAI_MODEL,
    ...<8 lines>...
        temperature=0,
    )
  File "C:\KIT - Software Engineering\Year 3\IC Internship\SOF\student-opportunity-finder\tools\scraper\venv\Lib\site-packages\openai\_utils\_utils.py", line 298, in wrapper
    return func(*args, **kwargs)
  File "C:\KIT - Software Engineering\Year 3\IC Internship\SOF\student-opportunity-finder\tools\scraper\venv\Lib\site-packages\openai\resources\chat\completions\completions.py", line 1215, in create
    return self._post(
           ~~~~~~~~~~^
        "/chat/completions",
        ^^^^^^^^^^^^^^^^^^^^
    ...<51 lines>...
        stream_cls=Stream[ChatCompletionChunk],
        ^^^^^^^^^^^^^^^^^^^^^^^^^^^^^^^^^^^^^^^
    )
    ^
  File "C:\KIT - Software Engineering\Year 3\IC Internship\SOF\student-opportunity-finder\tools\scraper\venv\Lib\site-packages\openai\_base_client.py", line 1332, in post
    return cast(ResponseT, self.request(cast_to, opts, stream=stream, stream_cls=stream_cls))
                           ~~~~~~~~~~~~^^^^^^^^^^^^^^^^^^^^^^^^^^^^^^^^^^^^^^^^^^^^^^^^^^^^^
  File "C:\KIT - Software Engineering\Year 3\IC Internship\SOF\student-opportunity-finder\tools\scraper\venv\Lib\site-packages\openai\_base_client.py", line 1072, in request
    raise APIConnectionError(request=request) from err
openai.APIConnectionError: Connection error.
2026-05-24 15:00:22,307 [INFO] Processing 50 items...
2026-05-24 15:00:31,875 [INFO] Image kept original: 153KB (compression would increase size)
2026-05-24 15:00:36,933 [INFO] Processed: 1727 | image=yes
2026-05-24 15:00:43,804 [INFO] Processed: 1726 | image=no
2026-05-24 15:00:50,320 [INFO] Image kept original: 180KB (compression would increase size)
2026-05-24 15:00:52,779 [INFO] Processed: 1728 | image=yes
2026-05-24 15:00:59,495 [INFO] Image compressed: 128KB -> 126KB
2026-05-24 15:01:02,291 [INFO] Processed: 1732 | image=yes
2026-05-24 15:01:07,636 [INFO] Image kept original: 157KB (compression would increase size)
2026-05-24 15:01:09,563 [INFO] Duplicate skipped: 1729 matches existing 78e88da3-781c-4469-9b46-5dd08c48d736
2026-05-24 15:01:12,847 [INFO] Image kept original: 107KB (compression would increase size)
2026-05-24 15:01:14,093 [INFO] Duplicate skipped: 1731 matches existing 78e88da3-781c-4469-9b46-5dd08c48d736
2026-05-24 15:01:17,691 [INFO] Image kept original: 141KB (compression would increase size)
2026-05-24 15:01:18,986 [INFO] Duplicate skipped: 1730 matches existing 78e88da3-781c-4469-9b46-5dd08c48d736
2026-05-24 15:01:21,946 [INFO] Skipped 1733: not an opportunity
2026-05-24 15:01:26,566 [INFO] Image compressed: 229KB -> 209KB
2026-05-24 15:01:28,602 [INFO] Processed: 1734 | image=yes
2026-05-24 15:01:34,259 [INFO] Skipped 1735: not an opportunity
2026-05-24 15:01:37,711 [INFO] Image compressed: 225KB -> 216KB
2026-05-24 15:01:40,530 [INFO] Duplicate skipped: 1736 matches existing ab3bb9bb-c7be-45bc-b049-10c561c42eab
2026-05-24 15:01:45,770 [INFO] Image compressed: 464KB -> 418KB
2026-05-24 15:01:47,983 [INFO] Updated deadline for existing opportunity 5156cbf8-c238-4dce-97f4-0a000d2bde6e -> 2026-05-16
2026-05-24 15:01:48,333 [INFO] Skipped 1741: no actionable signal (no URL, phone, email, or handle)
2026-05-24 15:01:48,511 [INFO] Skipped 1747: no actionable signal (no URL, phone, email, or handle)
2026-05-24 15:01:48,701 [INFO] Skipped 1744: no actionable signal (no URL, phone, email, or handle)
2026-05-24 15:01:48,896 [INFO] Skipped 1743: no actionable signal (no URL, phone, email, or handle)
2026-05-24 15:01:49,044 [INFO] Skipped 1745: no actionable signal (no URL, phone, email, or handle)
2026-05-24 15:01:49,187 [INFO] Skipped 1740: no actionable signal (no URL, phone, email, or handle)
2026-05-24 15:01:49,430 [INFO] Skipped 1739: no actionable signal (no URL, phone, email, or handle)
2026-05-24 15:01:49,631 [INFO] Skipped 1742: no actionable signal (no URL, phone, email, or handle)
2026-05-24 15:01:49,811 [INFO] Skipped 1738: no actionable signal (no URL, phone, email, or handle)
2026-05-24 15:01:49,958 [INFO] Skipped 1746: no actionable signal (no URL, phone, email, or handle)
2026-05-24 15:01:54,614 [INFO] Image kept original: 124KB (compression would increase size)
2026-05-24 15:01:56,743 [INFO] Processed: 1751 | image=yes
2026-05-24 15:02:02,353 [INFO] Image kept original: 120KB (compression would increase size)
2026-05-24 15:02:04,456 [INFO] Duplicate skipped: 1750 matches existing 21fa14d8-43b9-4edf-a742-64fce3176687
2026-05-24 15:02:08,135 [INFO] Image kept original: 134KB (compression would increase size)
2026-05-24 15:02:09,357 [INFO] Duplicate skipped: 1749 matches existing 21fa14d8-43b9-4edf-a742-64fce3176687
2026-05-24 15:02:13,294 [INFO] Image kept original: 134KB (compression would increase size)
2026-05-24 15:02:14,747 [INFO] Duplicate skipped: 1748 matches existing 21fa14d8-43b9-4edf-a742-64fce3176687
2026-05-24 15:02:18,268 [INFO] Duplicate skipped: 1752 matches existing ce32e07f-8516-4e8c-89c4-471ed414b6c8
2026-05-24 15:02:23,613 [INFO] Image compressed: 80KB -> 72KB
2026-05-24 15:02:26,024 [INFO] Processed: 1762 | image=yes
2026-05-24 15:02:32,171 [INFO] Skipped 1763: not an opportunity
2026-05-24 15:02:36,460 [INFO] Skipped 1764: not an opportunity
2026-05-24 15:02:41,218 [INFO] Image compressed: 132KB -> 120KB
2026-05-24 15:02:43,478 [INFO] Duplicate skipped: 1761 matches existing 295fcd46-1a26-43ad-8e06-fb1c42a009bd
2026-05-24 15:02:49,359 [INFO] Image compressed: 201KB -> 183KB
2026-05-24 15:02:50,762 [INFO] Duplicate skipped: 1760 matches existing 295fcd46-1a26-43ad-8e06-fb1c42a009bd
2026-05-24 15:02:56,910 [INFO] Image compressed: 111KB -> 101KB
2026-05-24 15:02:58,981 [INFO] Duplicate skipped: 1758 matches existing 295fcd46-1a26-43ad-8e06-fb1c42a009bd
2026-05-24 15:03:05,693 [INFO] Image compressed: 96KB -> 85KB
2026-05-24 15:03:07,110 [INFO] Duplicate skipped: 1757 matches existing 295fcd46-1a26-43ad-8e06-fb1c42a009bd
2026-05-24 15:03:13,394 [INFO] Image compressed: 189KB -> 171KB
2026-05-24 15:03:15,224 [INFO] Duplicate skipped: 1753 matches existing 295fcd46-1a26-43ad-8e06-fb1c42a009bd
2026-05-24 15:03:20,949 [INFO] Image compressed: 142KB -> 129KB
2026-05-24 15:03:22,675 [INFO] Duplicate skipped: 1756 matches existing 295fcd46-1a26-43ad-8e06-fb1c42a009bd
2026-05-24 15:03:28,656 [INFO] Image compressed: 126KB -> 113KB
2026-05-24 15:03:30,532 [INFO] Duplicate skipped: 1755 matches existing 295fcd46-1a26-43ad-8e06-fb1c42a009bd
2026-05-24 15:03:36,252 [INFO] Image compressed: 177KB -> 159KB
2026-05-24 15:03:38,204 [INFO] Duplicate skipped: 1759 matches existing 295fcd46-1a26-43ad-8e06-fb1c42a009bd
2026-05-24 15:03:43,117 [INFO] Image compressed: 135KB -> 123KB
2026-05-24 15:03:44,561 [INFO] Duplicate skipped: 1754 matches existing 295fcd46-1a26-43ad-8e06-fb1c42a009bd
2026-05-24 15:03:49,947 [INFO] Image kept original: 130KB (compression would increase size)
2026-05-24 15:03:51,858 [INFO] Duplicate skipped: 1766 matches existing 5156cbf8-c238-4dce-97f4-0a000d2bde6e
2026-05-24 15:03:56,742 [INFO] Image compressed: 247KB -> 233KB
2026-05-24 15:03:59,031 [INFO] Duplicate skipped: 1765 matches existing ef4ca8b8-67a6-4e2d-9da8-3769c99239b4
2026-05-24 15:04:03,935 [INFO] Duplicate skipped: 1767 matches existing ce32e07f-8516-4e8c-89c4-471ed414b6c8
2026-05-24 15:04:04,225 [INFO] Skipped 1769: no actionable signal (no URL, phone, email, or handle)
2026-05-24 15:04:04,679 [INFO] Skipped 1768: no actionable signal (no URL, phone, email, or handle)
2026-05-24 15:04:07,632 [INFO] Image compressed: 191KB -> 177KB
2026-05-24 15:04:09,789 [INFO] Processed: 1771 | image=yes
2026-05-24 15:04:15,087 [INFO] Image compressed: 201KB -> 184KB
2026-05-24 15:04:16,744 [INFO] Duplicate skipped: 1772 matches existing 6c33d028-76ea-4352-bf04-6dd7ab801f47
2026-05-24 15:04:21,298 [INFO] Image compressed: 263KB -> 240KB
2026-05-24 15:04:24,044 [INFO] Processed: 1770 | image=yes
2026-05-24 15:04:29,570 [INFO] Image compressed: 208KB -> 197KB
2026-05-24 15:04:32,607 [INFO] Duplicate skipped: 1773 matches existing 6c33d028-76ea-4352-bf04-6dd7ab801f47
2026-05-24 15:04:36,422 [INFO] Image compressed: 164KB -> 151KB
2026-05-24 15:04:38,066 [INFO] Duplicate skipped: 1774 matches existing 6c33d028-76ea-4352-bf04-6dd7ab801f47
2026-05-24 15:04:42,474 [INFO] Image compressed: 197KB -> 189KB
2026-05-24 15:04:45,112 [INFO] Processed: 1775 | image=yes
2026-05-24 15:11:55,185 [INFO] Processing 50 items...
2026-05-24 15:12:02,529 [INFO] Image compressed: 217KB -> 212KB
2026-05-24 15:12:08,556 [INFO] Processed: 1776 | image=yes
2026-05-24 15:12:15,551 [INFO] Image kept original: 187KB (compression would increase size)
2026-05-24 15:12:18,117 [INFO] Processed: 1777 | image=yes
2026-05-24 15:12:23,544 [INFO] Skipped 1778: not an opportunity
2026-05-24 15:12:28,443 [INFO] Image compressed: 247KB -> 243KB
2026-05-24 15:12:31,139 [INFO] Processed: 1779 | image=yes
2026-05-24 15:12:37,882 [INFO] Skipped 1780: not an opportunity
2026-05-24 15:12:41,670 [INFO] Image kept original: 187KB (compression would increase size)
2026-05-24 15:12:41,808 [INFO] Duplicate image for 1781, reusing existing URL
2026-05-24 15:12:42,258 [INFO] Updated deadline for existing opportunity 416593f9-87ee-479e-aaf8-374dda4fa00e -> 2024-06-05
2026-05-24 15:12:42,715 [INFO] Skipped 1782: no actionable signal (no URL, phone, email, or handle)
2026-05-24 15:14:26,575 [WARNING] Skipped 1783: Gemini Vision could not read image
2026-05-24 15:14:29,295 [INFO] Skipped 1788: not an opportunity
2026-05-24 15:14:32,292 [INFO] Skipped 1787: not an opportunity
2026-05-24 15:14:35,394 [INFO] Processed: 1784 | image=no
2026-05-24 15:14:39,584 [INFO] Skipped 1786: not an opportunity
2026-05-24 15:14:41,876 [INFO] Skipped 1785: not an opportunity
2026-05-24 15:14:45,917 [INFO] Processed: 1789 | image=no
2026-05-24 15:14:50,661 [INFO] Image compressed: 203KB -> 198KB
2026-05-24 15:14:52,732 [INFO] Updated deadline for existing opportunity 56b31a56-1897-4d87-82a3-dfc38bb29211 -> 2026-05-19
2026-05-24 15:14:57,183 [INFO] Image compressed: 266KB -> 240KB
2026-05-24 15:14:59,191 [INFO] Updated deadline for existing opportunity 8317c017-8899-47b4-b45e-4a11ff95e251 -> 2026-05-30
2026-05-24 15:15:04,973 [INFO] Image kept original: 171KB (compression would increase size)
2026-05-24 15:15:06,915 [INFO] Duplicate skipped: 1791 matches existing 8317c017-8899-47b4-b45e-4a11ff95e251
2026-05-24 15:15:07,227 [INFO] Skipped 1794: no actionable signal (no URL, phone, email, or handle)
2026-05-24 15:15:07,422 [INFO] Skipped 1801: no actionable signal (no URL, phone, email, or handle)
2026-05-24 15:15:07,611 [INFO] Skipped 1800: no actionable signal (no URL, phone, email, or handle)
2026-05-24 15:15:07,779 [INFO] Skipped 1799: no actionable signal (no URL, phone, email, or handle)
2026-05-24 15:15:07,936 [INFO] Skipped 1795: no actionable signal (no URL, phone, email, or handle)
2026-05-24 15:15:08,083 [INFO] Skipped 1797: no actionable signal (no URL, phone, email, or handle)
2026-05-24 15:15:08,314 [INFO] Skipped 1798: no actionable signal (no URL, phone, email, or handle)
2026-05-24 15:15:08,463 [INFO] Skipped 1793: too short
2026-05-24 15:15:08,602 [INFO] Skipped 1802: no actionable signal (no URL, phone, email, or handle)
2026-05-24 15:15:08,737 [INFO] Skipped 1796: no actionable signal (no URL, phone, email, or handle)
2026-05-24 15:15:11,885 [INFO] Image kept original: 131KB (compression would increase size)
2026-05-24 15:15:21,379 [INFO] Processed: 1805 | image=yes
2026-05-24 15:15:27,464 [INFO] Processed: 1804 | image=no
2026-05-24 15:15:34,288 [INFO] Image compressed: 333KB -> 300KB
2026-05-24 15:15:36,456 [INFO] Processed: 1803 | image=yes
2026-05-24 15:15:41,511 [INFO] Image compressed: 229KB -> 221KB
2026-05-24 15:15:43,882 [INFO] Processed: 1823 | image=yes
2026-05-24 15:15:49,397 [INFO] Image compressed: 151KB -> 150KB
2026-05-24 15:15:50,989 [INFO] Duplicate skipped: 1822 matches existing 33f7a6e0-0a82-4855-a475-2fc63690e40b
2026-05-24 15:15:55,157 [INFO] Image compressed: 139KB -> 126KB
2026-05-24 15:15:56,362 [INFO] Duplicate skipped: 1820 matches existing 213519f5-cc60-4490-a454-d8082fab9601
2026-05-24 15:15:59,633 [INFO] Image compressed: 247KB -> 230KB
2026-05-24 15:16:00,963 [INFO] Duplicate skipped: 1819 matches existing 213519f5-cc60-4490-a454-d8082fab9601
2026-05-24 15:16:04,274 [INFO] Image compressed: 261KB -> 242KB
2026-05-24 15:16:05,945 [INFO] Duplicate skipped: 1818 matches existing 213519f5-cc60-4490-a454-d8082fab9601
2026-05-24 15:16:10,322 [INFO] Image compressed: 124KB -> 113KB
2026-05-24 15:16:12,370 [INFO] Processed: 1816 | image=yes
2026-05-24 15:16:19,102 [INFO] Image compressed: 146KB -> 131KB
2026-05-24 15:16:21,270 [INFO] Duplicate skipped: 1815 matches existing 9840ce32-6e5f-49a3-ba6f-1c5ef4bed20e
2026-05-24 15:16:25,978 [INFO] Image compressed: 222KB -> 200KB
2026-05-24 15:16:27,359 [INFO] Duplicate skipped: 1814 matches existing 9840ce32-6e5f-49a3-ba6f-1c5ef4bed20e
2026-05-24 15:16:30,127 [INFO] Image compressed: 92KB -> 84KB
2026-05-24 15:16:31,782 [INFO] Duplicate skipped: 1813 matches existing 9840ce32-6e5f-49a3-ba6f-1c5ef4bed20e
2026-05-24 15:16:34,807 [INFO] Image compressed: 115KB -> 105KB
2026-05-24 15:16:36,278 [INFO] Duplicate skipped: 1812 matches existing 9840ce32-6e5f-49a3-ba6f-1c5ef4bed20e
2026-05-24 15:16:39,315 [INFO] Image compressed: 125KB -> 111KB
2026-05-24 15:16:40,973 [INFO] Duplicate skipped: 1811 matches existing 9840ce32-6e5f-49a3-ba6f-1c5ef4bed20e
2026-05-24 15:16:43,828 [INFO] Duplicate skipped: 1817 matches existing e8037393-312e-4b1d-9ce5-f252a0d1c528
2026-05-24 15:16:46,801 [INFO] Image compressed: 110KB -> 100KB
2026-05-24 15:16:48,534 [INFO] Duplicate skipped: 1810 matches existing 9840ce32-6e5f-49a3-ba6f-1c5ef4bed20e
2026-05-24 15:16:52,270 [INFO] Image compressed: 117KB -> 106KB
2026-05-24 15:16:54,481 [INFO] Duplicate skipped: 1809 matches existing 9840ce32-6e5f-49a3-ba6f-1c5ef4bed20e
2026-05-24 15:16:58,548 [INFO] Image compressed: 109KB -> 99KB
2026-05-24 15:17:00,216 [INFO] Duplicate skipped: 1808 matches existing 9840ce32-6e5f-49a3-ba6f-1c5ef4bed20e
2026-05-24 15:17:04,636 [INFO] Image compressed: 145KB -> 145KB
2026-05-24 15:17:06,835 [INFO] Duplicate skipped: 1821 matches existing 33f7a6e0-0a82-4855-a475-2fc63690e40b
2026-05-24 15:17:09,811 [INFO] Image compressed: 117KB -> 106KB
2026-05-24 15:17:11,378 [INFO] Duplicate skipped: 1807 matches existing 9840ce32-6e5f-49a3-ba6f-1c5ef4bed20e
2026-05-24 15:17:16,157 [INFO] Image compressed: 191KB -> 178KB
2026-05-24 15:17:17,970 [INFO] Duplicate skipped: 1806 matches existing 0505ea19-2367-47ed-a54e-f4dcbee3685a
2026-05-24 15:17:22,752 [INFO] Processed: 1825 | image=no
2026-05-24 15:17:28,061 [INFO] Image compressed: 178KB -> 169KB
2026-05-24 15:17:30,519 [INFO] Processed: 1824 | image=yes
2026-05-24 15:18:17,544 [INFO] Processing 50 items...
2026-05-24 15:18:25,806 [INFO] Image kept original: 132KB (compression would increase size)
2026-05-24 15:18:29,484 [INFO] Duplicate skipped: 1833 matches existing 9f072185-466d-4133-832d-44c15c67a639
2026-05-24 15:18:34,761 [INFO] Image compressed: 317KB -> 301KB
2026-05-24 15:18:37,279 [INFO] Processed: 1826 | image=yes
2026-05-24 15:18:44,526 [INFO] Image compressed: 327KB -> 310KB
2026-05-24 15:18:46,406 [INFO] Duplicate skipped: 1827 matches existing 133a897e-6dc6-4221-af5e-85cf1d457fea
2026-05-24 15:18:51,687 [INFO] Image compressed: 318KB -> 301KB
2026-05-24 15:18:53,077 [INFO] Duplicate skipped: 1828 matches existing 133a897e-6dc6-4221-af5e-85cf1d457fea
2026-05-24 15:18:58,593 [INFO] Image compressed: 313KB -> 296KB
2026-05-24 15:19:00,430 [INFO] Duplicate skipped: 1829 matches existing 133a897e-6dc6-4221-af5e-85cf1d457fea
2026-05-24 15:19:05,309 [INFO] Image compressed: 321KB -> 304KB
2026-05-24 15:19:08,497 [INFO] Duplicate skipped: 1830 matches existing 133a897e-6dc6-4221-af5e-85cf1d457fea
2026-05-24 15:19:12,929 [INFO] Skipped 1831: not an opportunity
2026-05-24 15:19:17,445 [INFO] Skipped 1832: not an opportunity
2026-05-24 15:19:17,585 [INFO] Skipped 1835: no actionable signal (no URL, phone, email, or handle)
2026-05-24 15:19:22,090 [INFO] Image kept original: 156KB (compression would increase size)
2026-05-24 15:19:24,661 [INFO] Processed: 1834 | image=yes
2026-05-24 15:19:31,078 [INFO] Image compressed: 228KB -> 224KB
2026-05-24 15:19:32,951 [INFO] Processed: 1836 | image=yes
2026-05-24 15:19:39,037 [INFO] Image compressed: 198KB -> 181KB
2026-05-24 15:19:41,289 [INFO] Duplicate skipped: 1842 matches existing ce32e07f-8516-4e8c-89c4-471ed414b6c8
2026-05-24 15:19:45,842 [INFO] Image kept original: 142KB (compression would increase size)
2026-05-24 15:19:48,471 [INFO] Processed: 1837 | image=yes
2026-05-24 15:19:54,902 [INFO] Duplicate skipped: 1838 matches existing ce32e07f-8516-4e8c-89c4-471ed414b6c8
2026-05-24 15:19:59,110 [INFO] Image compressed: 172KB -> 159KB
2026-05-24 15:20:00,959 [INFO] Duplicate skipped: 1839 matches existing ce32e07f-8516-4e8c-89c4-471ed414b6c8
2026-05-24 15:20:04,083 [INFO] Image compressed: 200KB -> 184KB
2026-05-24 15:20:05,884 [INFO] Duplicate skipped: 1840 matches existing ce32e07f-8516-4e8c-89c4-471ed414b6c8
2026-05-24 15:20:10,544 [INFO] Image compressed: 183KB -> 170KB
2026-05-24 15:20:12,633 [INFO] Duplicate skipped: 1841 matches existing ce32e07f-8516-4e8c-89c4-471ed414b6c8
2026-05-24 15:20:15,748 [INFO] Image compressed: 242KB -> 224KB
2026-05-24 15:20:17,489 [INFO] Duplicate skipped: 1843 matches existing ce32e07f-8516-4e8c-89c4-471ed414b6c8
2026-05-24 15:20:18,044 [INFO] Skipped 1844: no actionable signal (no URL, phone, email, or handle)
2026-05-24 15:20:18,180 [INFO] Skipped 1845: no actionable signal (no URL, phone, email, or handle)
2026-05-24 15:20:23,334 [INFO] Image kept original: 252KB (compression would increase size)
2026-05-24 15:20:25,512 [INFO] Processed: 1855 | image=yes
2026-05-24 15:20:31,241 [INFO] Skipped 1846: not an opportunity
2026-05-24 15:20:35,180 [INFO] Skipped 1847: not an opportunity
2026-05-24 15:20:39,762 [INFO] Skipped 1848: not an opportunity
2026-05-24 15:20:43,872 [INFO] Skipped 1853: not an opportunity
2026-05-24 15:20:48,654 [INFO] Image compressed: 254KB -> 245KB
2026-05-24 15:20:50,411 [INFO] Duplicate skipped: 1854 matches existing ab3bb9bb-c7be-45bc-b049-10c561c42eab
2026-05-24 15:20:54,006 [INFO] Skipped 1849: not an opportunity
2026-05-24 15:20:58,494 [INFO] Skipped 1850: not an opportunity
2026-05-24 15:21:02,043 [INFO] Skipped 1851: not an opportunity
2026-05-24 15:21:06,584 [INFO] Skipped 1852: not an opportunity
2026-05-24 15:21:06,727 [INFO] Skipped 1856: no actionable signal (no URL, phone, email, or handle)
2026-05-24 15:23:23,677 [ERROR] Failed 1857: AI returned no result
Traceback (most recent call last):
  File "C:\KIT - Software Engineering\Year 3\IC Internship\SOF\student-opportunity-finder\tools\scraper\cleaner.py", line 615, in process_queue
    raise ValueError("AI returned no result")
ValueError: AI returned no result
2026-05-24 15:27:06,152 [INFO] Processing 49 items...
2026-05-24 15:27:12,476 [INFO] Image kept original: 160KB (compression would increase size)
2026-05-24 15:27:16,374 [INFO] Processed: 1858 | image=yes
2026-05-24 15:27:22,871 [INFO] Image kept original: 157KB (compression would increase size)
2026-05-24 15:27:25,192 [INFO] Processed: 1859 | image=yes
2026-05-24 15:27:41,734 [INFO] Skipped 1860: not an opportunity
2026-05-24 15:27:45,807 [INFO] Image kept original: 193KB (compression would increase size)
2026-05-24 15:27:48,482 [INFO] Processed: 1861 | image=yes
2026-05-24 15:27:54,008 [INFO] Duplicate skipped: 1862 matches existing 400021e2-856d-4bc7-8d34-07853a263e77
2026-05-24 15:27:59,122 [INFO] Skipped 1863: not an opportunity
2026-05-24 15:31:51,432 [ERROR] Failed 1864: AI returned no result
Traceback (most recent call last):
  File "C:\KIT - Software Engineering\Year 3\IC Internship\SOF\student-opportunity-finder\tools\scraper\cleaner.py", line 615, in process_queue
    supabase.table("raw_opportunities").update({
    ^^^^^^^^^^^^^^^^^^^^^^^^^^^^^^^^^^^^^^^^^
ValueError: AI returned no result
2026-05-24 15:31:59,118 [INFO] Skipped 1865: not an opportunity
2026-05-24 15:32:03,986 [INFO] Processed: 1866 | image=no
2026-05-24 15:32:10,569 [INFO] Skipped 1875: not an opportunity
2026-05-24 15:32:13,954 [INFO] Skipped 1877: not an opportunity
2026-05-24 15:32:17,645 [INFO] Skipped 1876: not an opportunity
2026-05-24 15:32:22,575 [INFO] Skipped 1867: not an opportunity
2026-05-24 15:32:26,994 [INFO] Skipped 1868: not an opportunity
2026-05-24 15:32:31,225 [INFO] Skipped 1869: not an opportunity
2026-05-24 15:32:35,698 [INFO] Skipped 1870: not an opportunity
2026-05-24 15:32:40,096 [INFO] Skipped 1871: not an opportunity
2026-05-24 15:32:44,064 [INFO] Skipped 1872: not an opportunity
2026-05-24 15:32:47,084 [INFO] Skipped 1873: not an opportunity
2026-05-24 15:32:50,015 [INFO] Skipped 1874: not an opportunity
2026-05-24 15:32:52,554 [INFO] Image kept original: 150KB (compression would increase size)
2026-05-24 15:32:55,551 [INFO] Processed: 1878 | image=yes
2026-05-24 15:33:03,244 [INFO] Image compressed: 265KB -> 261KB
2026-05-24 15:33:06,691 [INFO] Processed: 1879 | image=yes
2026-05-24 15:33:14,060 [INFO] Skipped 1887: not an opportunity
2026-05-24 15:33:19,120 [INFO] Skipped 1880: not an opportunity
2026-05-24 15:33:23,563 [INFO] Skipped 1881: not an opportunity
2026-05-24 15:33:28,985 [INFO] Skipped 1882: not an opportunity
2026-05-24 15:33:33,394 [INFO] Skipped 1883: not an opportunity
2026-05-24 15:33:38,929 [INFO] Skipped 1884: not an opportunity
2026-05-24 15:33:43,553 [INFO] Skipped 1885: not an opportunity
2026-05-24 15:33:48,512 [INFO] Skipped 1886: not an opportunity
2026-05-24 15:33:53,502 [INFO] Skipped 1888: not an opportunity
2026-05-24 15:33:55,934 [INFO] Image kept original: 146KB (compression would increase size)
2026-05-24 15:33:58,133 [INFO] Updated deadline for existing opportunity a3337790-8db2-4f2a-8d19-cde8838c94f2 -> 2026-05-23
2026-05-24 15:34:01,620 [INFO] Image kept original: 126KB (compression would increase size)
2026-05-24 15:34:03,250 [INFO] Duplicate skipped: 1889 matches existing a3337790-8db2-4f2a-8d19-cde8838c94f2
2026-05-24 15:34:06,846 [INFO] Image kept original: 202KB (compression would increase size)
2026-05-24 15:34:09,016 [INFO] Processed: 1891 | image=yes
2026-05-24 15:34:15,739 [INFO] Image compressed: 136KB -> 124KB
2026-05-24 15:34:17,812 [INFO] Processed: 1894 | image=yes
2026-05-24 15:34:26,252 [INFO] Image compressed: 114KB -> 104KB
2026-05-24 15:34:28,470 [INFO] Duplicate skipped: 1895 matches existing 131889cd-2d56-4e74-b8eb-d70df24ef6a4
2026-05-24 15:34:36,281 [INFO] Image compressed: 95KB -> 86KB
2026-05-24 15:34:38,077 [INFO] Duplicate skipped: 1896 matches existing 131889cd-2d56-4e74-b8eb-d70df24ef6a4
2026-05-24 15:34:43,475 [INFO] Image compressed: 128KB -> 115KB
2026-05-24 15:34:45,473 [INFO] Duplicate skipped: 1897 matches existing 131889cd-2d56-4e74-b8eb-d70df24ef6a4
2026-05-24 15:34:50,013 [INFO] Image compressed: 83KB -> 75KB
2026-05-24 15:34:52,058 [INFO] Duplicate skipped: 1898 matches existing 131889cd-2d56-4e74-b8eb-d70df24ef6a4
2026-05-24 15:34:57,475 [INFO] Image compressed: 202KB -> 183KB
2026-05-24 15:34:58,815 [INFO] Duplicate skipped: 1899 matches existing 131889cd-2d56-4e74-b8eb-d70df24ef6a4
2026-05-24 15:35:03,266 [INFO] Image compressed: 68KB -> 63KB
2026-05-24 15:35:04,929 [INFO] Duplicate skipped: 1900 matches existing 131889cd-2d56-4e74-b8eb-d70df24ef6a4
2026-05-24 15:35:09,645 [INFO] Image compressed: 68KB -> 62KB
2026-05-24 15:35:11,684 [INFO] Duplicate skipped: 1901 matches existing 131889cd-2d56-4e74-b8eb-d70df24ef6a4
2026-05-24 15:35:15,043 [INFO] Image kept original: 230KB (compression would increase size)
2026-05-24 15:35:17,158 [INFO] Duplicate skipped: 1902 matches existing e8037393-312e-4b1d-9ce5-f252a0d1c528
2026-05-24 15:35:19,922 [INFO] Image kept original: 238KB (compression would increase size)
2026-05-24 15:35:22,078 [INFO] Duplicate skipped: 1903 matches existing e8037393-312e-4b1d-9ce5-f252a0d1c528
2026-05-24 15:35:24,964 [INFO] Image kept original: 230KB (compression would increase size)
2026-05-24 15:35:26,783 [INFO] Duplicate skipped: 1904 matches existing e8037393-312e-4b1d-9ce5-f252a0d1c528
2026-05-24 15:35:30,268 [INFO] Image kept original: 138KB (compression would increase size)
2026-05-24 15:35:32,271 [INFO] Duplicate skipped: 1905 matches existing e8037393-312e-4b1d-9ce5-f252a0d1c528
2026-05-24 15:35:37,019 [INFO] Image compressed: 172KB -> 156KB
2026-05-24 15:35:39,208 [INFO] Duplicate skipped: 1892 matches existing 131889cd-2d56-4e74-b8eb-d70df24ef6a4
2026-05-24 15:35:43,802 [INFO] Image compressed: 160KB -> 145KB
2026-05-24 15:35:45,888 [INFO] Duplicate skipped: 1893 matches existing 131889cd-2d56-4e74-b8eb-d70df24ef6a4
2026-05-24 15:35:50,067 [INFO] Skipped 1906: not an opportunity
2026-05-24 15:42:19,783 [INFO] No pending items.
