2026-05-15 14:09:41,781 [INFO] ────────────────────────────────────────────────────────────
2026-05-15 14:09:41,783 [INFO] retag started  |  mode=DRY RUN
2026-05-15 14:09:43,731 [INFO] Fetched 142 opportunities
2026-05-15 14:09:44,869 [INFO] [1/142] 1971a10e-a06e-43b3-bd98-a14ee5143eed: subject_tags ['business', 'technology', 'training'] → ['Course', 'Data & Mathematics', 'Online', 'Professional'] | target_group ['professionals'] → ['Professional']
2026-05-15 14:09:47,727 [INFO] [2/142] 601eb36d-fa22-493d-87da-64dbe3039a2b: subject_tags ['education', 'event', 'scholarship'] → ['Education', 'Event', 'Online', 'Undergraduate', 'Youth (Under 18)'] | target_group ['university_students', 'youth'] → ['Undergraduate', 'Youth (Under 18)']
2026-05-15 14:09:50,782 [INFO] [3/142] 76869f4d-72a6-4840-89b1-fc552fc5b18b: subject_tags ['business', 'education', 'entrepreneurship', 'event'] → ['Entrepreneurship', 'Event', 'In-person', 'Open to All', 'Undergraduate', 'Youth (Under 18)'] | target_group ['open_to_all', 'university_students', 'youth'] → ['Open to All', 'Undergraduate', 'Youth (Under 18)']
2026-05-15 14:09:54,218 [INFO] [4/142] 24bb9a1c-c3df-457e-a5d3-d9ae5f6ca41e: subject_tags ['business', 'community', 'education', 'training', 'workshop'] → ['Education', 'Entrepreneurship', 'Event', 'In-person', 'Marketing & Social Media', 'Project Management', 'Undergraduate', 'Youth (Under 18)'] | target_group ['cambodians_only', 'university_students', 'youth'] → ['Undergraduate', 'Youth (Under 18)']
2026-05-15 14:09:57,313 [INFO] [5/142] 45b6ce83-cbf2-4425-b916-0d59941cb9c2: subject_tags ['agriculture', 'business', 'community', 'education', 'youth'] → ['Agriculture', 'Community Development', 'Event', 'In-person', 'Project Management', 'Youth (Under 18)'] | target_group ['cambodians_only', 'youth'] → ['Youth (Under 18)']
2026-05-15 14:10:00,193 [INFO] [6/142] dfe4d44e-12f0-4e50-a42f-3a498db4836e: subject_tags ['bootcamp', 'community', 'hackathon', 'technology', 'training', 'workshop', 'youth'] → ['Community Organizing', 'Competition & Hackathon', 'Event', 'In-person', 'Software Development', 'Youth (Under 18)'] | target_group ['cambodians_only', 'youth'] → ['Youth (Under 18)']
2026-05-15 14:10:03,569 [INFO] [7/142] af55bd06-bb19-42bc-856c-a6ba67feccff: subject_tags ['business', 'community', 'innovation', 'leadership', 'media', 'volunteer', 'youth'] → ['Community Organizing', 'Education', 'Event Planning', 'In-person', 'Project Management', 'Volunteering', 'Youth (Under 18)'] | target_group ['cambodians_only', 'youth'] → ['Youth (Under 18)']
2026-05-15 14:10:07,230 [INFO] [8/142] 7ae45a2e-7c77-4fb3-baad-7b783ccbe323: subject_tags ['education', 'scholarship'] → ['Education', 'Fellowship', 'Online', 'Postgraduate', 'Recent Graduate'] | target_group ['graduates'] → ['Recent Graduate']
2026-05-15 14:10:10,229 [INFO] [9/142] 3f778629-2d3f-4728-9883-b7a2fae0b020: subject_tags ['competition', 'education', 'technology'] → ['Event', 'In-person', 'Management', 'Professional', 'Project Management'] | target_group ['null'] → []
2026-05-15 14:10:13,154 [INFO] [10/142] 114f8179-bb46-49d1-ab11-a52145c8fbc4: subject_tags ['community', 'education', 'event', 'leadership', 'technology'] → ['Education', 'Event', 'In-person', 'Open to All', 'Project Management'] | target_group ['cambodians_only', 'open_to_all'] → ['Open to All']
2026-05-15 14:10:16,159 [INFO] [11/142] c7374077-8e3d-4a3c-8da4-426f874eea63: subject_tags ['community', 'education', 'event'] → ['Community Organizing', 'Education', 'Environment & Sustainability', 'Event', 'In-person', 'Youth (Under 18)'] | target_group ['cambodians_only', 'youth'] → ['Youth (Under 18)']
2026-05-15 14:10:26,320 [INFO] [12/142] 5bc599b3-7ccc-4938-8ba2-f0b5fd130c9a: subject_tags ['competition', 'education', 'event', 'technology'] → ['Community Organizing', 'Education', 'Event', 'In-person', 'Youth (Under 18)'] | target_group ['youth'] → ['Youth (Under 18)']
2026-05-15 14:10:31,677 [INFO] [13/142] 5609b49e-9718-4d1d-b1ef-37d790ea3095: subject_tags ['course', 'data science', 'technology'] → ['Course', 'Data & Mathematics', 'Online', 'Professional', 'Project Management', 'Recent Graduate', 'Undergraduate'] | target_group ['null'] → []
2026-05-15 14:10:34,612 [INFO] [14/142] bab13b03-4f7f-4edf-9d0b-c74384107f7f: subject_tags ['arts', 'course', 'education', 'music', 'research', 'scholarship'] → ['Education', 'Exchange Program', 'Fellowship', 'In-person', 'Open to All', 'Professional', 'Recent Graduate', 'Undergraduate'] | target_group ['cambodians_only', 'graduates', 'open_to_all', 'professionals', 'university_students'] → ['Open to All', 'Professional', 'Recent Graduate', 'Undergraduate']
2026-05-15 14:10:38,240 [INFO] [15/142] 95697965-7dc9-483a-977c-dcd711fabf28: subject_tags ['entrepreneurship', 'technology', 'youth'] → ['Community Organizing', 'Entrepreneurship', 'Event', 'In-person', 'Youth (Under 18)'] | target_group ['youth'] → ['Youth (Under 18)']
2026-05-15 14:10:41,506 [INFO] [16/142] 11332c21-11cb-4ec8-906f-446753109a08: subject_tags ['community', 'leadership', 'startup', 'technology'] → ['AI & Machine Learning', 'E-commerce', 'Entrepreneurship', 'Environment & Sustainability', 'Event', 'Hybrid', 'Professional', 'Project Management', 'Youth (Under 18)'] | target_group ['professionals', 'team_required', 'youth'] → ['Professional', 'Youth (Under 18)']
2026-05-15 14:10:44,668 [INFO] [17/142] 1e3c8c80-2dd7-4749-a773-6ea663324821: subject_tags ['community', 'education', 'leadership', 'technology'] → ['Competition & Hackathon', 'Education', 'Event', 'High School Student', 'In-person', 'Undergraduate', 'Youth (Under 18)'] | target_group ['high_school', 'university_students'] → ['High School Student', 'Undergraduate']
2026-05-15 14:10:47,732 [INFO] [18/142] 5dea9ea3-1178-4ce4-ae8e-675de11526b1: subject_tags ['competition', 'education', 'innovation'] → ['AI & Machine Learning', 'Competition & Hackathon', 'Education', 'Environment & Sustainability', 'Event', 'High School Student', 'Management', 'Marketing & Social Media', 'Open to All', 'Project Management', 'Software Development', 'Undergraduate', 'Web Development', 'Youth (Under 18)'] | target_group ['high_school', 'university_students'] → ['High School Student', 'Undergraduate']
2026-05-15 14:10:50,842 [INFO] [19/142] cfb5057a-f730-4dfb-942c-6c5e3f4ebf47: subject_tags ['community', 'education', 'leadership', 'technology'] → ['Competition & Hackathon', 'Education', 'Event', 'High School Student', 'In-person', 'Undergraduate', 'Youth (Under 18)'] | target_group ['high_school', 'university_students'] → ['High School Student', 'Undergraduate']
2026-05-15 14:10:53,881 [INFO] [20/142] 0ffd7c1d-0c16-4dfe-8852-44610f3b2c6f: subject_tags ['education', 'scholarship'] → ['Education', 'Fellowship', 'Open to All', 'Undergraduate'] | target_group ['cambodians_only', 'university_students'] → ['Undergraduate']
2026-05-15 14:10:56,838 [INFO] [21/142] 036e9016-2802-4759-a1a9-1e513f939a1b: subject_tags ['government', 'job'] → ['In-person', 'Internship', 'Open to All'] | target_group ['cambodians_only'] → []
2026-05-15 14:11:00,097 [INFO] [22/142] b60d623e-e85a-460d-bb71-d0168deb4286: subject_tags ['arts', 'community', 'education'] → ['Community Development', 'Event', 'Graphic Design', 'In-person', 'Open to All', 'Public Speaking', 'Social Work'] | target_group ['open_to_all'] → ['Open to All']
2026-05-15 14:11:03,348 [INFO] [23/142] 101de12e-ad40-4f92-ae4b-32e50428e097: subject_tags ['course', 'technology'] → ['AI & Machine Learning', 'Cloud Computing', 'Course', 'In-person', 'Software Development', 'Youth (Under 18)'] | target_group ['youth'] → ['Youth (Under 18)']
2026-05-15 14:11:06,480 [INFO] [24/142] 9f6dd78f-12b5-4c55-bc44-82dbf47dda4f: subject_tags ['government', 'internship', 'technology'] → ['In-person', 'Internship', 'Management', 'Professional', 'Public Policy', 'Recent Graduate', 'Software Development', 'Undergraduate', 'Web Development'] | target_group ['null'] → []
2026-05-15 14:11:10,475 [INFO] [25/142] 28f58949-0052-4d81-9e40-fbc24b94cae7: subject_tags ['course', 'technology'] → ['Course', 'Mobile Development', 'Online', 'Professional', 'Recent Graduate', 'Software Development', 'Undergraduate'] | target_group ['graduates', 'professionals', 'university_students'] → ['Professional', 'Recent Graduate', 'Undergraduate']
2026-05-15 14:11:13,372 [INFO] [26/142] 416593f9-87ee-479e-aaf8-374dda4fa00e: subject_tags ['course', 'technology'] → ['Course', 'Mobile Development', 'Online', 'Professional', 'Recent Graduate', 'Software Development', 'Undergraduate', 'Web Development'] | target_group ['null'] → []
2026-05-15 14:11:16,328 [INFO] [27/142] b984451a-a095-4b09-88b9-ffc6c37e8518: subject_tags ['course', 'education', 'technology'] → ['Cloud Computing', 'Course', 'Online', 'Open to All', 'Software Development', 'Web Development'] | target_group ['open_to_all'] → ['Open to All']
2026-05-15 14:11:20,825 [INFO] [28/142] 99ff34d7-75d5-4159-ae69-96c3fab08698: subject_tags ['job', 'technology'] → ['Electrical Engineering', 'In-person', 'Industrial Engineering', 'Internship', 'Management', 'Mechanical Engineering', 'Professional'] | target_group ['professionals'] → ['Professional']
2026-05-15 14:11:25,244 [INFO] [29/142] 6f8a5d6a-7074-4b42-9ddf-01c871247dbc: subject_tags ['business', 'course', 'technology'] → ['Course', 'Data & Mathematics', 'Management', 'Online', 'Professional', 'Project Management'] | target_group ['professionals'] → ['Professional']
2026-05-15 14:11:29,471 [INFO] [30/142] 6cd06c8e-a2a2-48d4-93a1-ec3144694f0d: subject_tags ['business', 'course', 'data', 'technology'] → ['Course', 'Data & Mathematics', 'Open to All', 'Self-Paced', 'Web Development'] | target_group ['open_to_all'] → ['Open to All']
2026-05-15 14:11:32,295 [INFO] [31/142] b85408db-41e0-4848-bd77-54d4747b651d: subject_tags ['education', 'event', 'scholarship'] → ['Education', 'Event', 'Online', 'Undergraduate'] | target_group ['university_students'] → ['Undergraduate']
2026-05-15 14:11:35,398 [INFO] [32/142] 11aa1178-e0a7-41cc-9a69-23c0b2e05e64: subject_tags ['event', 'technology'] → ['AI & Machine Learning', 'Cloud Computing', 'Cybersecurity', 'Data & Mathematics', 'Event', 'Mobile Development', 'Online', 'Open to All', 'Project Management', 'Software Development', 'Web Development'] | target_group ['null'] → []
2026-05-15 14:11:38,304 [INFO] [33/142] ffb13f89-a242-4403-9a3b-e26a91705aca: subject_tags ['community', 'event', 'technology'] → ['Event', 'In-person', 'Management', 'Open to All', 'Professional', 'Project Management'] | target_group ['null'] → []
2026-05-15 14:11:41,634 [INFO] [34/142] 5d7e0501-0960-4647-92b0-ebb3f8170c22: subject_tags ['data', 'environment', 'media', 'training'] → ['Course', 'Data & Mathematics', 'Environment & Sustainability', 'Event Planning', 'In-person', 'Journalism', 'Professional'] | target_group ['professionals'] → ['Professional']
2026-05-15 14:11:44,425 [INFO] [35/142] 07a33c87-b605-4cd1-958b-10ed1a9fbc82: subject_tags ['event', 'seminar', 'technology'] → ['Data & Mathematics', 'Environment & Sustainability', 'Event', 'In-person', 'Open to All'] | target_group ['null'] → []
2026-05-15 14:11:48,027 [INFO] [36/142] aaf408ec-5ebf-4842-8275-e46874ef6a58: subject_tags ['career development', 'data science', 'technology'] → ['Course', 'Data & Mathematics', 'Online', 'Open to All'] | target_group ['open_to_all'] → ['Open to All']
2026-05-15 14:11:50,823 [INFO] [37/142] 57cfe4ca-e8f5-4e8c-b3a6-28d3bd94a767: subject_tags ['business', 'course', 'data_analysis', 'technology'] → ['Course', 'Data & Mathematics', 'Online', 'Professional'] | target_group ['professionals', 'students'] → ['Professional']
2026-05-15 14:11:53,607 [INFO] [38/142] 58a8c398-8735-41e1-8c10-4b9000114ca3: subject_tags ['business', 'course', 'technology'] → ['Course', 'Data & Mathematics', 'Online', 'Postgraduate', 'Professional', 'Recent Graduate', 'Undergraduate'] | target_group ['null'] → []
2026-05-15 14:11:56,629 [INFO] [39/142] 1219803c-d81a-42e5-bf66-af9b24d47b9c: subject_tags ['community', 'event', 'leadership', 'women'] → ['Community Development', 'Education', 'Event', 'In-person', 'Law', 'Open to All', 'Public Policy', 'Women in STEM'] | target_group ['open_to_all'] → ['Open to All']
2026-05-15 14:12:00,721 [INFO] [40/142] cd1f8898-60cd-49d4-ab6d-285ccd8e0155: subject_tags ['education', 'event', 'leadership'] → ['Education', 'Event', 'In-person', 'Management', 'Open to All', 'Public Speaking', 'Tourism & Hospitality'] | target_group ['open_to_all'] → ['Open to All']
2026-05-15 14:12:04,101 [INFO] [41/142] 2ce476c0-526a-4022-9922-e52b668be308: subject_tags ['culture', 'education', 'event', 'sports'] → ['Education', 'Event', 'Event Planning', 'Hybrid', 'In-person', 'Open to All', 'Public Speaking', 'Sociology'] | target_group ['open_to_all'] → ['Open to All']
2026-05-15 14:12:07,408 [INFO] [42/142] 155fa667-c2ba-4e58-b9c5-380f3feb4261: subject_tags ['education', 'event', 'sports'] → ['Community Organizing', 'Education', 'Event', 'In-person', 'Open to All', 'Tourism & Hospitality'] | target_group ['open_to_all'] → ['Open to All']
2026-05-15 14:12:10,227 [INFO] [43/142] c848a9de-3dcc-4d70-b073-cf50185de37f: subject_tags ['business', 'leadership', 'seminar'] → ['Event', 'In-person', 'Management', 'Open to All', 'Project Management'] | target_group ['null'] → []
2026-05-15 14:12:13,773 [INFO] [44/142] 665b1de6-53e6-48d1-acf3-f42f2a03a521: subject_tags ['education', 'history', 'leadership', 'technology'] → ['Education', 'Event', 'In-person', 'Management', 'Open to All', 'Public Policy'] | target_group ['open_to_all'] → ['Open to All']
2026-05-15 14:12:16,542 [INFO] [45/142] c0ff5afe-cad4-44df-863d-f67b06704ff8: subject_tags ['null'] → ['Event', 'In-person', 'Open to All'] | target_group ['null'] → []
2026-05-15 14:12:19,397 [INFO] [46/142] 3cbc191a-738c-4d2e-970c-86ca3d9ca3dd: subject_tags ['education', 'event', 'seminar', 'training'] → ['Education', 'Event', 'In-person', 'Online', 'Open to All', 'Project Management'] | target_group ['open_to_all'] → ['Open to All']
2026-05-15 14:12:22,942 [INFO] [47/142] 1f405f71-26c5-4bcc-b882-fd1994dd09a0: subject_tags ['community', 'event', 'internship', 'leadership'] → ['Event', 'Human Resources', 'In-person', 'Internship', 'Project Management', 'Undergraduate', 'Youth (Under 18)'] | target_group ['cambodians_only', 'university_students', 'youth'] → ['Undergraduate', 'Youth (Under 18)']
2026-05-15 14:12:25,851 [INFO] [48/142] 285f878f-4d5f-40c2-91fe-e5b079e9f4ee: subject_tags ['community', 'event', 'media'] → ['Community Organizing', 'Event', 'Film & Media', 'In-person', 'Open to All'] | target_group ['open_to_all'] → ['Open to All']
2026-05-15 14:12:28,597 [INFO] [49/142] ae499cb6-f633-4c7b-a084-73296706853a: subject_tags ['event', 'scholarship', 'study_abroad'] → ['Education', 'Event', 'In-person', 'Youth (Under 18)'] | target_group ['cambodians_only', 'youth'] → ['Youth (Under 18)']
2026-05-15 14:12:33,885 [INFO] [50/142] b0d0bfeb-9020-4e54-8ede-6e6822ddf39b: subject_tags ['education', 'event', 'study_abroad'] → ['Education', 'Event', 'Exchange Program', 'In-person', 'Undergraduate', 'Youth (Under 18)'] | target_group ['university_students', 'youth'] → ['Undergraduate', 'Youth (Under 18)']
2026-05-15 14:12:37,359 [INFO] [51/142] ce32e07f-8516-4e8c-89c4-471ed414b6c8: subject_tags ['education', 'study abroad'] → ['Education', 'Event', 'Online', 'Open to All'] | target_group ['students'] → []
2026-05-15 14:12:41,094 [INFO] [52/142] 51ab3e24-f994-4142-a074-2874961ae758: subject_tags ['education', 'event', 'media', 'scholarship'] → ['Education', 'Event', 'Film & Media', 'In-person', 'Youth (Under 18)'] | target_group ['cambodians_only', 'youth'] → ['Youth (Under 18)']
2026-05-15 14:12:45,055 [INFO] [53/142] 2a161a61-ee93-4a41-b170-2a84fa6fd4f4: subject_tags ['education', 'event', 'study abroad'] → ['Education', 'Event', 'In-person', 'Marketing & Social Media', 'Youth (Under 18)'] | target_group ['cambodians_only', 'youth'] → ['Youth (Under 18)']
2026-05-15 14:12:48,387 [INFO] [54/142] d14665d5-a322-44a1-8626-95da5fee89db: subject_tags ['internship', 'job'] → ['E-commerce', 'Human Resources', 'Internship', 'Management', 'Online', 'Open to All', 'Professional'] | target_group ['null'] → []
2026-05-15 14:12:51,258 [INFO] [55/142] 13dfd4e8-0f56-46ab-880a-b0a7c3586393: subject_tags ['community', 'finance', 'health', 'internship', 'job'] → ['Agriculture', 'Finance', 'Human Resources', 'In-person', 'Internship', 'Management', 'Postgraduate', 'Professional', 'Project Management', 'Public Health', 'Recent Graduate', 'Undergraduate'] | target_group ['cambodians_only'] → []
2026-05-15 14:12:54,681 [INFO] [56/142] b08340ca-c158-4259-9e8e-dc3503184071: subject_tags ['business', 'internship', 'job'] → ['Electrical Engineering', 'Human Resources', 'In-person', 'Internship', 'Logistics & Supply Chain', 'Management', 'Marketing', 'Mechanical Engineering', 'Project Management', 'Undergraduate'] | target_group ['cambodians_only', 'university_students'] → ['Undergraduate']
2026-05-15 14:12:58,781 [INFO] [57/142] 3886f10f-cba9-4d28-9e8e-642a476442ec: subject_tags ['internship'] → ['Civil Engineering', 'Human Resources', 'In-person', 'Internship', 'Management', 'Marketing', 'Marketing & Social Media', 'Undergraduate'] | target_group ['university_students'] → ['Undergraduate']
2026-05-15 14:13:01,598 [INFO] [58/142] eeef3ae1-6efc-41b3-b185-8626acb42553: subject_tags ['business', 'internship'] → ['Accounting', 'In-person', 'Internship', 'Undergraduate'] | target_group ['cambodians_only', 'university_students'] → ['Undergraduate']
2026-05-15 14:13:04,409 [INFO] [59/142] f2aa38bc-f92a-4820-b7b0-ceb34aabd168: subject_tags ['business', 'internship', 'technology'] → ['AI & Machine Learning', 'In-person', 'Internship', 'UI/UX Design', 'Youth (Under 18)'] | target_group ['youth'] → ['Youth (Under 18)']
2026-05-15 14:13:07,406 [INFO] [60/142] 8ccad02c-5a5e-4cda-b4a8-d6442f87cfa8: subject_tags ['internship', 'leadership', 'training'] → ['Education', 'In-person', 'Internship', 'Management', 'Project Management', 'Undergraduate', 'Youth (Under 18)'] | target_group ['cambodians_only', 'university_students', 'youth'] → ['Undergraduate', 'Youth (Under 18)']
2026-05-15 14:13:10,716 [INFO] [61/142] f24aeb36-09d5-4b4a-89e7-3843a57cfddd: subject_tags ['business', 'internship', 'job'] → ['Agriculture', 'In-person', 'Internship', 'Logistics & Supply Chain', 'Management', 'Recent Graduate', 'Undergraduate'] | target_group ['graduates', 'youth'] → ['Recent Graduate', 'Youth (Under 18)']
2026-05-15 14:13:13,621 [INFO] [62/142] 05390df2-715e-4437-9799-7c28a606bc88: subject_tags ['business', 'internship', 'technology'] → ['E-commerce', 'In-person', 'Internship', 'Management', 'Marketing', 'Project Management', 'Software Development', 'Tourism & Hospitality', 'Youth (Under 18)'] | target_group ['youth'] → ['Youth (Under 18)']
2026-05-15 14:13:16,433 [INFO] [63/142] e475cfe1-724a-4b0c-a82f-1dbd9c8ce84d: subject_tags ['business', 'internship', 'marketing', 'media', 'technology'] → ['Accounting', 'In-person', 'Internship', 'Marketing', 'Marketing & Social Media', 'Software Development', 'Youth (Under 18)'] | target_group ['cambodians_only', 'youth'] → ['Youth (Under 18)']
2026-05-15 14:13:19,304 [INFO] [64/142] b747595b-7fd0-4f36-a9db-0d987f634295: subject_tags ['communications', 'internship', 'media'] → ['Event Planning', 'In-person', 'Internship', 'Journalism', 'Marketing', 'Professional', 'Project Management', 'Public Speaking', 'Recent Graduate', 'Undergraduate', 'Writing & Translation'] | target_group ['cambodians_only'] → []
2026-05-15 14:13:22,501 [INFO] [65/142] 8317c017-8899-47b4-b45e-4a11ff95e251: subject_tags ['business', 'job', 'technology'] → ['In-person', 'Internship', 'Management', 'Mobile Development', 'Professional', 'Project Management', 'Public Policy', 'Recent Graduate', 'Software Development', 'Undergraduate', 'Web Development'] | target_group ['cambodians_only'] → []
2026-05-15 14:13:26,178 [INFO] [66/142] d03bc7a6-b48f-4237-be9f-9f3f5515ccdc: subject_tags ['arts', 'competition', 'design'] → ['Competition & Hackathon', 'Entrepreneurship', 'Graphic Design', 'Marketing & Social Media', 'Online', 'Open to All'] | target_group ['open_to_all'] → ['Open to All']
2026-05-15 14:13:29,196 [INFO] [67/142] 1f31e961-73a7-487f-bbd5-1f887ff2c086: subject_tags ['business', 'course', 'entrepreneurship', 'leadership'] → ['Course', 'Entrepreneurship', 'Hybrid', 'Marketing & Social Media', 'Project Management', 'Youth (Under 18)'] | target_group ['cambodians_only', 'youth'] → ['Youth (Under 18)']
2026-05-15 14:13:32,437 [INFO] [68/142] b199ddc2-041e-4c01-8b35-e0273f261e78: subject_tags ['education', 'event', 'scholarship'] → ['Education', 'Event', 'High School Student', 'Online', 'Undergraduate', 'Youth (Under 18)'] | target_group ['cambodians_only', 'high_school', 'university_students', 'youth'] → ['High School Student', 'Undergraduate', 'Youth (Under 18)']
2026-05-15 14:13:35,937 [INFO] [69/142] c5c8c505-0c51-4411-a056-a2956b0fa3f3: subject_tags ['education', 'event', 'seminar', 'technology'] → ['AI & Machine Learning', 'Agriculture', 'Architecture', 'Biology', 'Chemistry', 'Civil Engineering', 'Cloud Computing', 'Cybersecurity', 'Data & Mathematics', 'Education', 'Electrical Engineering', 'Environment & Sustainability', 'Event', 'In-person', 'Industrial Engineering', 'Mechanical Engineering', 'Medicine', 'Mobile Development', 'Nursing', 'Public Health', 'Software Development', 'UI/UX Design', 'Undergraduate', 'Web Development', 'Youth (Under 18)'] | target_group ['university_students', 'youth'] → ['Undergraduate', 'Youth (Under 18)']
2026-05-15 14:13:38,875 [INFO] [70/142] a9e2013c-daaa-4e44-a38e-83d3c3f25c42: subject_tags ['consultation', 'education'] → ['Education', 'Event', 'In-person', 'Undergraduate', 'Youth (Under 18)'] | target_group ['university_students', 'youth'] → ['Undergraduate', 'Youth (Under 18)']
2026-05-15 14:13:41,782 [INFO] [71/142] a41da5bc-8de1-4675-98b6-74dd2b94ed7b: subject_tags ['education', 'event', 'scholarship', 'seminar'] → ['Education', 'Event', 'In-person', 'Open to All'] | target_group ['open_to_all'] → ['Open to All']
2026-05-15 14:13:44,771 [INFO] [72/142] 3d3a1ba2-1cb2-4569-990e-b4695f51c42c: subject_tags ['education'] → ['Event', 'Online', 'Open to All'] | target_group ['null'] → []
2026-05-15 14:13:47,571 [INFO] [73/142] 1a0bc340-23e7-4f73-a423-8911865bf9a8: subject_tags ['education'] → ['Event', 'High School Student', 'In-person'] | target_group ['high_school'] → ['High School Student']
2026-05-15 14:13:50,503 [INFO] [74/142] 7299ddca-5574-48b1-ab37-a1e51e952bb0: subject_tags [] → ['Event', 'Online', 'Open to All']
2026-05-15 14:13:53,285 [INFO] [75/142] 09e4f0ec-81fa-4e2f-9203-1f343c3f8f2e: subject_tags ['arts', 'competition', 'education', 'geography', 'history', 'mathematics', 'scholarship', 'science'] → ['Competition & Hackathon', 'Education', 'Event', 'Fellowship', 'In-person', 'Youth (Under 18)'] | target_group ['cambodians_only', 'youth'] → ['Youth (Under 18)']
2026-05-15 14:13:56,430 [INFO] [76/142] 8ac78755-4b59-4a45-ba29-2a78cc7a89e2: subject_tags ['community', 'education', 'leadership', 'volunteer'] → ['Community Development', 'Education', 'In-person', 'Marketing & Social Media', 'Project Management', 'Volunteering', 'Youth (Under 18)'] | target_group ['youth'] → ['Youth (Under 18)']
2026-05-15 14:13:59,802 [INFO] [77/142] ffd0dee1-7822-4cdf-a6a6-fbf32002a767: subject_tags ['media', 'technology'] → ['Film & Media', 'Graphic Design', 'In-person', 'Internship', 'Marketing & Social Media', 'Professional', 'Recent Graduate', 'Undergraduate', 'Web Development'] | target_group ['null'] → []
2026-05-15 14:14:02,707 [INFO] [78/142] 3f4689c0-c059-42c0-b826-26b463297865: subject_tags ['business', 'communication', 'marketing', 'media'] → ['In-person', 'Internship', 'Marketing', 'Marketing & Social Media', 'Open to All'] | target_group ['null'] → []
2026-05-15 14:14:05,773 [INFO] [79/142] 9ef8d337-1b64-4254-85a7-f37ba69a2bd5: subject_tags ['business', 'innovation', 'leadership', 'media', 'volunteer', 'youth'] → ['Community Organizing', 'Education', 'Event Planning', 'Hybrid', 'Marketing & Social Media', 'Project Management', 'Volunteering', 'Youth (Under 18)'] | target_group ['cambodians_only', 'youth'] → ['Youth (Under 18)']
2026-05-15 14:14:08,588 [INFO] [80/142] 8c04c9ba-9dc1-4769-9c69-66b9350f7b03: subject_tags ['education', 'event', 'youth'] → ['Community Organizing', 'Event', 'In-person', 'Youth (Under 18)'] | target_group ['youth'] → ['Youth (Under 18)']
2026-05-15 14:14:12,804 [INFO] [81/142] f4ab7758-c644-435c-bd6c-f0ce267e1dc4: subject_tags ['community', 'leadership', 'training', 'youth'] → ['Community Organizing', 'Event Planning', 'Hybrid', 'Internship', 'Management', 'Open to All', 'Project Management', 'Youth (Under 18)'] | target_group ['cambodians_only', 'youth'] → ['Youth (Under 18)']
2026-05-15 14:14:15,722 [INFO] [82/142] c45baf40-c24c-4072-b23e-cd403689233f: subject_tags ['education', 'leadership', 'media'] → ['Community Development', 'Education', 'Event', 'Event Planning', 'In-person', 'Management', 'Open to All', 'Psychology', 'Public Policy', 'Public Speaking', 'Social Work', 'Sociology'] | target_group ['open_to_all'] → ['Open to All']
2026-05-15 14:14:18,544 [INFO] [83/142] 7b66f510-f3c6-4c46-8f10-ae7579345444: subject_tags ['education', 'media', 'training'] → ['Course', 'Film & Media', 'Marketing & Social Media', 'Online', 'Photography & Videography', 'Youth (Under 18)'] | target_group ['youth'] → ['Youth (Under 18)']
2026-05-15 14:14:21,339 [INFO] [84/142] d6ab379d-cc6d-4ddc-848a-e66b53272d67: subject_tags ['education', 'event', 'seminar'] → ['Education', 'Event', 'In-person', 'Youth (Under 18)'] | target_group ['cambodians_only', 'youth'] → ['Youth (Under 18)']
2026-05-15 14:14:24,302 [INFO] [85/142] 2f61baf8-c1e2-4ed8-986f-23a08dd26020: subject_tags ['education'] → ['Event', 'In-person', 'Youth (Under 18)'] | target_group ['youth'] → ['Youth (Under 18)']
2026-05-15 14:14:27,337 [INFO] [86/142] f244a87d-721f-4d56-91d4-612354b6dc7f: subject_tags ['education'] → ['Event', 'In-person', 'Marketing & Social Media', 'Youth (Under 18)'] | target_group ['youth'] → ['Youth (Under 18)']
2026-05-15 14:14:30,033 [INFO] [87/142] 1da4dbab-08f2-478c-8f3b-2dc805a0d248: subject_tags ['competition', 'education', 'scholarship'] → ['Education', 'Event', 'Fellowship', 'Open to All', 'Undergraduate'] | target_group ['university_students'] → ['Undergraduate']
2026-05-15 14:14:32,855 [INFO] [88/142] 38fad048-2121-46a5-9166-be996f65a9b5: subject_tags ['data', 'environment'] → ['Environment & Sustainability', 'Event', 'Marketing & Social Media', 'Online', 'Open to All'] | target_group ['open_to_all'] → ['Open to All']
2026-05-15 14:14:35,999 [INFO] [89/142] bd941e6a-ff3c-4b4b-83f3-20bb73f3d49d: subject_tags ['course', 'education'] → ['Education', 'Event', 'In-person', 'Undergraduate', 'Youth (Under 18)'] | target_group ['university_students', 'youth'] → ['Undergraduate', 'Youth (Under 18)']
2026-05-15 14:14:38,832 [INFO] [90/142] d30a9418-20d4-421f-86c5-e73c2244446c: subject_tags ['education', 'scholarship'] → ['Education', 'Event', 'Fellowship', 'In-person', 'Youth (Under 18)'] | target_group ['cambodians_only', 'youth'] → ['Youth (Under 18)']
2026-05-15 14:14:41,696 [INFO] [91/142] 522e770a-2682-4514-8e00-e20fe3fc342f: subject_tags ['education', 'event'] → ['Education', 'Event', 'In-person', 'Undergraduate', 'Youth (Under 18)'] | target_group ['university_students', 'youth'] → ['Undergraduate', 'Youth (Under 18)']
2026-05-15 14:14:44,920 [INFO] [92/142] 1dc97592-bef5-471a-9c48-0be92c2ca168: subject_tags ['community', 'education', 'event'] → ['Event', 'Event Planning', 'In-person', 'Marketing & Social Media', 'Open to All'] | target_group ['cambodians_only'] → []
2026-05-15 14:14:47,831 [INFO] [93/142] 5a09c818-e9d4-4c1d-ac07-bdf9b18ae115: subject_tags ['education', 'event'] → ['Education', 'Event', 'In-person', 'Youth (Under 18)'] | target_group ['youth'] → ['Youth (Under 18)']
2026-05-15 14:14:51,011 [INFO] [94/142] 31ac6b64-a740-4d65-bcb4-7fc40adb2cfe: subject_tags ['education', 'event', 'scholarship'] → ['Education', 'Event', 'In-person', 'Undergraduate', 'Youth (Under 18)'] | target_group ['university_students', 'youth'] → ['Undergraduate', 'Youth (Under 18)']
2026-05-15 14:14:53,951 [INFO] [95/142] 2d2188fc-3010-4b05-8998-716c8a11562c: subject_tags ['competition', 'education'] → ['Competition & Hackathon', 'Education', 'Event', 'In-person', 'Professional', 'Recent Graduate', 'Undergraduate'] | target_group ['cambodians_only'] → []
2026-05-15 14:14:57,105 [INFO] [96/142] 4c2162cb-43a0-473d-847c-747de72842e8: subject_tags ['competition', 'education'] → ['Competition & Hackathon', 'Education', 'Event Planning', 'In-person', 'Youth (Under 18)'] | target_group ['youth'] → ['Youth (Under 18)']
2026-05-15 14:15:00,210 [INFO] [97/142] 1d72f286-b100-404d-b10f-a694021f3fde: subject_tags ['competition', 'education'] → ['Competition & Hackathon', 'Education', 'Event', 'In-person', 'Youth (Under 18)'] | target_group ['cambodians_only', 'youth'] → ['Youth (Under 18)']
2026-05-15 14:15:03,129 [INFO] [98/142] 51d1c9f4-bed3-4838-a21e-59ceb7dec605: subject_tags ['competition', 'scholarship'] → ['Competition & Hackathon', 'Event', 'High School Student', 'Open to All', 'Undergraduate'] | target_group ['high_school', 'university_students'] → ['High School Student', 'Undergraduate']
2026-05-15 14:15:05,977 [INFO] [99/142] 3cb7e401-8158-4ba6-af91-7db1e8f01a53: subject_tags ['education'] → ['Education', 'Event', 'In-person', 'Open to All'] | target_group ['null'] → []
2026-05-15 14:15:08,861 [INFO] [100/142] 411e896b-0b86-42ac-8f72-1282c97c3267: subject_tags ['competition', 'education'] → ['Competition & Hackathon', 'Event', 'High School Student', 'In-person', 'Undergraduate', 'Youth (Under 18)'] | target_group ['cambodians_only', 'students'] → []
2026-05-15 14:15:12,480 [INFO] [101/142] 2cfa9ba1-f10a-4601-9f22-7489c61ea3f3: subject_tags ['competition', 'education'] → ['Competition & Hackathon', 'Education', 'Event', 'Online', 'Youth (Under 18)'] | target_group ['cambodians_only', 'youth'] → ['Youth (Under 18)']
2026-05-15 14:15:15,229 [INFO] [102/142] c437e7a5-db1c-44af-bdc7-b492dfbb286d: subject_tags ['education', 'event', 'technology'] → ['Data & Mathematics', 'Event', 'Online', 'Open to All'] | target_group ['open_to_all'] → ['Open to All']
2026-05-15 14:15:18,125 [INFO] [103/142] 7279ca7e-209e-48c3-918b-0ac3cadae235: subject_tags ['education', 'leadership', 'scholarship'] → ['Education', 'Fellowship', 'Online', 'Undergraduate', 'Youth (Under 18)'] | target_group ['university_students', 'youth'] → ['Undergraduate', 'Youth (Under 18)']
2026-05-15 14:15:21,064 [INFO] [104/142] 5bf96ea0-a696-4099-9f81-53e61f0b23a8: subject_tags ['community', 'leadership', 'youth'] → ['Community Development', 'Education', 'Event', 'In-person', 'Project Management', 'Public Speaking', 'Youth (Under 18)'] | target_group ['cambodians_only', 'youth'] → ['Youth (Under 18)']
2026-05-15 14:15:23,898 [INFO] [105/142] 3a7fd9a8-3811-43a7-b2d4-84fca1204ead: subject_tags ['education'] → ['Education', 'Event', 'In-person', 'Undergraduate'] | target_group ['university_students'] → ['Undergraduate']
2026-05-15 14:15:27,003 [INFO] [106/142] 21cbfbfb-5630-4676-afb0-c8c226dc0288: subject_tags ['business', 'event', 'innovation', 'science', 'technology'] → ['Education', 'Environment & Sustainability', 'Event', 'In-person', 'Management', 'Open to All', 'Project Management', 'Public Policy'] | target_group ['open_to_all'] → ['Open to All']
2026-05-15 14:15:30,024 [INFO] [107/142] 682fc773-a6df-4033-97d5-35dc6e927e6d: subject_tags ['business', 'technology', 'workshop'] → ['Course', 'E-commerce', 'Entrepreneurship', 'Management', 'Marketing', 'Online', 'Professional'] | target_group ['business'] → []
2026-05-15 14:15:33,862 [INFO] [108/142] 3ebe7395-4d3a-4413-92f7-193c1d57394b: subject_tags ['course', 'education', 'event', 'internship', 'scholarship', 'technology'] → ['AI & Machine Learning', 'Cybersecurity', 'Data & Mathematics', 'Event', 'In-person', 'Professional', 'Recent Graduate', 'Undergraduate'] | target_group ['graduates', 'professionals', 'university_students'] → ['Professional', 'Recent Graduate', 'Undergraduate']
2026-05-15 14:15:36,892 [INFO] [109/142] e9b69922-23b4-494c-af02-6703757498bc: subject_tags ['course', 'technology', 'training'] → ['Cloud Computing', 'Course', 'Online', 'Professional', 'Project Management', 'Recent Graduate', 'Software Development', 'Undergraduate', 'Web Development'] | target_group ['null'] → []
2026-05-15 14:15:40,008 [INFO] [110/142] fae99347-44fc-4d9a-b070-b958e16f106b: subject_tags ['agriculture', 'business', 'entrepreneurship', 'event', 'technology', 'training'] → ['Agriculture', 'Education', 'Entrepreneurship', 'Event', 'In-person', 'Project Management', 'Undergraduate'] | target_group ['university_students'] → ['Undergraduate']
2026-05-15 14:15:43,074 [INFO] [111/142] e0baa97f-ad82-4da4-bbbb-f3c64e865169: subject_tags ['bootcamp', 'business', 'technology', 'training'] → ['Course', 'Entrepreneurship', 'Online', 'Youth (Under 18)'] | target_group ['cambodians_only', 'youth'] → ['Youth (Under 18)']
2026-05-15 14:15:46,117 [INFO] [112/142] 38c939ca-6a68-4113-8ed0-8583458e3113: subject_tags ['business', 'event', 'startup', 'technology'] → ['Entrepreneurship', 'Environment & Sustainability', 'Event', 'In-person', 'Online', 'Project Management', 'Youth (Under 18)'] | target_group ['cambodians_only', 'youth'] → ['Youth (Under 18)']
2026-05-15 14:15:48,973 [INFO] [113/142] e3d52be0-d9b3-4087-9449-29dddf439b3d: subject_tags ['community', 'education', 'training'] → ['Community Organizing', 'Course', 'Education', 'Entrepreneurship', 'In-person', 'Project Management', 'Undergraduate'] | target_group ['university_students'] → ['Undergraduate']
2026-05-15 14:15:52,020 [INFO] [114/142] 1815e205-1057-4842-a382-d8493cf97107: subject_tags ['education', 'event'] → ['Education', 'Event', 'Online', 'Undergraduate', 'Youth (Under 18)'] | target_group ['university_students', 'youth'] → ['Undergraduate', 'Youth (Under 18)']
2026-05-15 14:15:55,328 [INFO] [115/142] fe474b16-bd72-4413-b55c-b77dad143356: subject_tags ['business', 'community', 'internship'] → ['Human Resources', 'In-person', 'Internship', 'Management', 'Marketing', 'Undergraduate'] | target_group ['university_students'] → ['Undergraduate']
2026-05-15 14:15:58,522 [INFO] [116/142] e3e30db4-a48a-422d-a61a-ff23a88f0693: subject_tags ['education', 'scholarship'] → ['Course', 'Education', 'Online', 'Postgraduate', 'Youth (Under 18)'] | target_group ['youth'] → ['Youth (Under 18)']
2026-05-15 14:16:01,507 [INFO] [117/142] 06f65cc4-8e8c-4f0f-93b5-1b0e4ab94956: subject_tags ['competition', 'education'] → ['Competition & Hackathon', 'Education', 'Event', 'Online', 'Postgraduate', 'Professional', 'Undergraduate'] | target_group ['cambodians_only'] → []
2026-05-15 14:16:04,448 [INFO] [118/142] 68caaf36-be1e-4127-97d5-040691b298ff: subject_tags ['course', 'education'] → ['Course', 'Education', 'Online', 'Undergraduate'] | target_group ['null'] → []
2026-05-15 14:16:07,234 [INFO] [119/142] 202487a2-6541-41a9-ba57-3018f05c4ad2: subject_tags ['bootcamp', 'business', 'community', 'entrepreneurship', 'technology'] → ['Course', 'Entrepreneurship', 'Marketing', 'Online', 'Professional', 'Recent Graduate', 'Undergraduate', 'Youth (Under 18)'] | target_group ['cambodians_only', 'youth'] → ['Youth (Under 18)']
2026-05-15 14:16:10,401 [INFO] [120/142] 428b3eff-71fd-4521-87a6-e8e4a479c9c2: subject_tags ['community', 'education', 'event', 'history'] → ['Community Development', 'Education', 'Event', 'Film & Media', 'In-person', 'Open to All', 'Sociology'] | target_group ['open_to_all'] → ['Open to All']
2026-05-15 14:16:13,313 [INFO] [121/142] 008097d1-d019-4467-b649-61edb150c6b0: subject_tags ['education'] → ['Education', 'Event', 'Open to All', 'Undergraduate'] | target_group ['university_students'] → ['Undergraduate']
2026-05-15 14:16:16,288 [INFO] [122/142] d30f398a-7521-4e29-b078-df400ecd3564: subject_tags ['business', 'internship'] → ['Human Resources', 'In-person', 'Internship', 'Undergraduate'] | target_group ['cambodians_only', 'university_students'] → ['Undergraduate']
2026-05-15 14:16:19,558 [INFO] [123/142] 0008584f-ea1a-44af-8518-4f728bbe1bc9: subject_tags ['internship'] → ['Human Resources', 'In-person', 'Internship', 'Management', 'Recent Graduate', 'Undergraduate'] | target_group ['graduates', 'university_students'] → ['Recent Graduate', 'Undergraduate']
2026-05-15 14:16:23,137 [INFO] [124/142] 83316931-c886-41be-acba-40fa7245b2bc: subject_tags ['event', 'history', 'media'] → ['Event', 'Film & Media', 'In-person', 'Open to All', 'Public Policy', 'Sociology'] | target_group ['open_to_all'] → ['Open to All']
2026-05-15 14:16:26,701 [INFO] [125/142] 88401fb3-ae0a-4641-8300-89404f8e241b: subject_tags ['agriculture', 'business', 'community', 'youth'] → ['Agriculture', 'Community Development', 'Entrepreneurship', 'Event', 'In-person', 'Youth (Under 18)'] | target_group ['cambodians_only', 'youth'] → ['Youth (Under 18)']
2026-05-15 14:16:29,500 [INFO] [126/142] aa0da991-f525-4512-bd0c-a31eb5fa329c: subject_tags [] → ['Course', 'High School Student', 'Online', 'Software Development', 'Web Development', 'Youth (Under 18)']
2026-05-15 14:16:32,989 [INFO] [127/142] e4be5a73-d734-4fb8-8fcc-2b652141320d: subject_tags [] → ['Course', 'High School Student', 'Online', 'Software Development', 'Web Development', 'Youth (Under 18)']
2026-05-15 14:16:35,747 [INFO] [128/142] 77a1d5e4-11aa-4c55-bedc-e4011792808f: subject_tags ['course', 'technology'] → ['AI & Machine Learning', 'Cloud Computing', 'Course', 'In-person', 'Software Development', 'Youth (Under 18)'] | target_group ['youth'] → ['Youth (Under 18)']
2026-05-15 14:16:38,706 [INFO] [129/142] 833714c5-31b6-4dcf-bebc-48b07f1f75a7: subject_tags ['agriculture', 'business', 'community', 'training', 'youth'] → ['Agriculture', 'Community Development', 'Entrepreneurship', 'Event', 'In-person', 'Project Management', 'Youth (Under 18)'] | target_group ['community', 'youth'] → ['Youth (Under 18)']
2026-05-15 14:16:41,454 [INFO] [130/142] a846339b-3135-4e66-ab58-4ec465de8f38: subject_tags ['agriculture', 'business', 'community', 'event', 'training'] → ['Agriculture', 'Entrepreneurship', 'Event', 'In-person', 'Undergraduate', 'Youth (Under 18)'] | target_group ['cambodians_only', 'university_students', 'youth'] → ['Undergraduate', 'Youth (Under 18)']
2026-05-15 14:16:44,388 [INFO] [131/142] ba5f3c3c-b8cc-4fca-94f2-f062fa0884da: subject_tags ['business', 'event', 'innovation', 'technology'] → ['AI & Machine Learning', 'Data & Mathematics', 'E-commerce', 'Education', 'Entrepreneurship', 'Environment & Sustainability', 'Event', 'In-person', 'Management', 'Marketing', 'Open to All', 'Project Management', 'Public Policy', 'Software Development', 'Web Development'] | target_group ['open_to_all'] → ['Open to All']
2026-05-15 14:16:47,684 [INFO] [132/142] 0966f2e6-13cb-4b65-83ea-84a8d1923a24: subject_tags ['government', 'internship', 'technology'] → ['In-person', 'Internship', 'Management', 'Open to All', 'Public Policy', 'Software Development'] | target_group ['null'] → []
2026-05-15 14:16:50,635 [INFO] [133/142] 0e4c02c3-f991-43a8-a010-335344368637: subject_tags ['course', 'education', 'job', 'technology'] → ['AI & Machine Learning', 'Course', 'Data & Mathematics', 'Online', 'Professional', 'Recent Graduate', 'Software Development', 'Undergraduate', 'Web Development'] | target_group ['graduates', 'professionals', 'university_students'] → ['Professional', 'Recent Graduate', 'Undergraduate']
2026-05-15 14:16:53,685 [INFO] [134/142] 318482d6-f3cf-4dd1-bced-bb3d75acc944: subject_tags ['community', 'event', 'leadership', 'volunteer', 'youth'] → ['Community Organizing', 'Event', 'In-person', 'Public Speaking', 'Youth (Under 18)'] | target_group ['youth'] → ['Youth (Under 18)']
2026-05-15 14:16:56,602 [INFO] [135/142] 925b8260-3952-4edb-9406-75e27aa56462: subject_tags ['community', 'internship', 'media', 'research'] → ['In-person', 'Internship', 'Journalism', 'Professional', 'Recent Graduate', 'Undergraduate', 'Writing & Translation'] | target_group ['cambodians_only'] → []
2026-05-15 14:16:59,527 [INFO] [136/142] 987aa21e-4280-4878-87ea-90072775129d: subject_tags ['community', 'leadership', 'technology'] → ['Community Organizing', 'Event', 'In-person', 'Internship', 'Management', 'Postgraduate', 'Professional', 'Project Management', 'Recent Graduate', 'Undergraduate'] | target_group ['null'] → []
2026-05-15 14:17:02,709 [INFO] [137/142] e311d4db-3abf-4efc-aa2a-a7b300d6e009: subject_tags ['business', 'event', 'job', 'leadership', 'seminar', 'technology'] → ['Event', 'In-person', 'Marketing & Social Media', 'Open to All', 'Professional'] | target_group ['open_to_all'] → ['Open to All']
2026-05-15 14:17:05,921 [INFO] [138/142] 5dd61766-7655-462c-b3c9-5725a9841f78: subject_tags ['business', 'finance', 'internship'] → ['Accounting', 'Finance', 'In-person', 'Internship', 'Youth (Under 18)'] | target_group ['male', 'youth'] → ['Youth (Under 18)']
2026-05-15 14:17:08,803 [INFO] [139/142] 8901ebc0-fd18-40ca-b7b4-60bcf22efde4: subject_tags ['AI & Machine Learning', 'Cloud Computing', 'Entrepreneurship', 'Event', 'Software Development'] → ['AI & Machine Learning', 'Cloud Computing', 'Cybersecurity', 'Data & Mathematics', 'Event', 'In-person', 'Mobile Development', 'Open to All', 'Software Development', 'UI/UX Design', 'Web Development']
2026-05-15 14:17:12,533 [INFO] [140/142] 95fc7f78-e4d0-4c17-a11f-6bee8f882f6d: subject_tags ['Community Development', 'Event', 'Online', 'Web Development'] → ['In-person', 'Internship', 'Open to All']
2026-05-15 14:17:15,517 [INFO] [141/142] a4ade9c3-a064-4952-a852-f8b63f694a77: subject_tags ['Community Development', 'Course', 'In-person', 'Open to All', 'Web Development'] → ['Event', 'In-person', 'Open to All']
2026-05-15 14:17:18,254 [INFO] [142/142] a161de8b-3e73-4d5e-8d99-5c2dc5df5415: subject_tags ['education', 'leadership', 'technology', 'training'] → ['Course', 'Data & Mathematics', 'Online', 'Professional', 'Recent Graduate', 'Youth (Under 18)'] | target_group ['graduates', 'professionals', 'youth'] → ['Professional', 'Recent Graduate', 'Youth (Under 18)']
2026-05-15 14:17:20,255 [INFO] Done.  updated=142  skipped=0  errors=0  (DRY RUN — no writes)
2026-05-15 14:26:58,010 [INFO] ────────────────────────────────────────────────────────────
2026-05-15 14:26:58,010 [INFO] retag started  |  mode=DRY RUN
2026-05-15 14:26:59,688 [INFO] Fetched 141 opportunities
2026-05-15 14:26:59,874 [INFO] Fetched raw text for 113/136 opportunities with raw_post_id
2026-05-15 14:27:01,161 [INFO] [1/141] 1971a10e-a06e-43b3-bd98-a14ee5143eed [raw]: subject_tags ['business', 'technology', 'training'] → ['Course', 'Data & Mathematics', 'Management', 'Online', 'Professional', 'Project Management'] | target_group ['professionals'] → ['Professional']
2026-05-15 14:27:04,016 [INFO] [2/141] 601eb36d-fa22-493d-87da-64dbe3039a2b [raw]: subject_tags ['education', 'event', 'scholarship'] → ['Education', 'Event', 'Online', 'Undergraduate', 'Youth (Under 18)'] | target_group ['university_students', 'youth'] → ['Undergraduate', 'Youth (Under 18)']
2026-05-15 14:27:07,287 [INFO] [3/141] 76869f4d-72a6-4840-89b1-fc552fc5b18b [raw]: subject_tags ['business', 'education', 'entrepreneurship', 'event'] → ['Entrepreneurship', 'Event', 'In-person', 'Management', 'Open to All', 'Project Management', 'Undergraduate', 'Youth (Under 18)'] | target_group ['open_to_all', 'university_students', 'youth'] → ['Open to All', 'Undergraduate', 'Youth (Under 18)']
2026-05-15 14:27:10,112 [INFO] [4/141] 24bb9a1c-c3df-457e-a5d3-d9ae5f6ca41e [desc]: subject_tags ['business', 'community', 'education', 'training', 'workshop'] → ['Education', 'Entrepreneurship', 'Event', 'In-person', 'Marketing & Social Media', 'Project Management', 'Undergraduate', 'Youth (Under 18)'] | target_group ['cambodians_only', 'university_students', 'youth'] → ['Undergraduate', 'Youth (Under 18)']
2026-05-15 14:27:13,694 [INFO] [5/141] 45b6ce83-cbf2-4425-b916-0d59941cb9c2 [desc]: subject_tags ['agriculture', 'business', 'community', 'education', 'youth'] → ['Agriculture', 'Community Development', 'Event', 'In-person', 'Project Management', 'Youth (Under 18)'] | target_group ['cambodians_only', 'youth'] → ['Youth (Under 18)']
2026-05-15 14:27:16,546 [INFO] [6/141] dfe4d44e-12f0-4e50-a42f-3a498db4836e [desc]: subject_tags ['bootcamp', 'community', 'hackathon', 'technology', 'training', 'workshop', 'youth'] → ['Community Organizing', 'Competition & Hackathon', 'Event', 'In-person', 'Software Development', 'Youth (Under 18)'] | target_group ['cambodians_only', 'youth'] → ['Youth (Under 18)']
2026-05-15 14:27:19,956 [INFO] [7/141] af55bd06-bb19-42bc-856c-a6ba67feccff [raw]: subject_tags ['business', 'community', 'innovation', 'leadership', 'media', 'volunteer', 'youth'] → ['Community Organizing', 'Education', 'Event Planning', 'In-person', 'Marketing & Social Media', 'Project Management', 'Volunteering', 'Youth (Under 18)'] | target_group ['cambodians_only', 'youth'] → ['Youth (Under 18)']
2026-05-15 14:27:23,028 [INFO] [8/141] 7ae45a2e-7c77-4fb3-baad-7b783ccbe323 [raw]: subject_tags ['education', 'scholarship'] → ['Education', 'Fellowship', 'Online', 'Postgraduate', 'Recent Graduate'] | target_group ['graduates'] → ['Recent Graduate']
2026-05-15 14:27:25,909 [INFO] [9/141] 3f778629-2d3f-4728-9883-b7a2fae0b020 [raw]: subject_tags ['competition', 'education', 'technology'] → ['Education', 'Event', 'In-person', 'Professional', 'Project Management'] | target_group ['null'] → []
2026-05-15 14:27:28,848 [INFO] [10/141] 114f8179-bb46-49d1-ab11-a52145c8fbc4 [desc]: subject_tags ['community', 'education', 'event', 'leadership', 'technology'] → ['Community Organizing', 'Education', 'Event', 'In-person', 'Open to All', 'Project Management'] | target_group ['cambodians_only', 'open_to_all'] → ['Open to All']
2026-05-15 14:27:33,208 [INFO] [11/141] c7374077-8e3d-4a3c-8da4-426f874eea63 [desc]: subject_tags ['community', 'education', 'event'] → ['Education', 'Environment & Sustainability', 'Event', 'In-person', 'Youth (Under 18)'] | target_group ['cambodians_only', 'youth'] → ['Youth (Under 18)']
2026-05-15 14:27:36,528 [INFO] [12/141] 5bc599b3-7ccc-4938-8ba2-f0b5fd130c9a [raw]: subject_tags ['competition', 'education', 'event', 'technology'] → ['AI & Machine Learning', 'Competition & Hackathon', 'Education', 'Event', 'In-person', 'Youth (Under 18)'] | target_group ['youth'] → ['Youth (Under 18)']
2026-05-15 14:27:39,334 [INFO] [13/141] 5609b49e-9718-4d1d-b1ef-37d790ea3095 [raw]: subject_tags ['course', 'data science', 'technology'] → ['Course', 'Data & Mathematics', 'Data & Mathematics', 'Online', 'Professional', 'Project Management', 'Recent Graduate', 'Undergraduate'] | target_group ['null'] → []
2026-05-15 14:27:42,621 [INFO] [14/141] bab13b03-4f7f-4edf-9d0b-c74384107f7f [raw]: subject_tags ['arts', 'course', 'education', 'music', 'research', 'scholarship'] → ['Education', 'Exchange Program', 'Fellowship', 'In-person', 'Music & Performance', 'Open to All', 'Professional', 'Recent Graduate', 'Self-Paced', 'Undergraduate'] | target_group ['cambodians_only', 'graduates', 'open_to_all', 'professionals', 'university_students'] → ['Open to All', 'Professional', 'Recent Graduate', 'Undergraduate']
2026-05-15 14:27:45,821 [INFO] [15/141] 95697965-7dc9-483a-977c-dcd711fabf28 [raw]: subject_tags ['entrepreneurship', 'technology', 'youth'] → ['Community Organizing', 'Entrepreneurship', 'Event', 'In-person', 'Youth (Under 18)'] | target_group ['youth'] → ['Youth (Under 18)']
2026-05-15 14:27:48,749 [INFO] [16/141] 11332c21-11cb-4ec8-906f-446753109a08 [raw]: subject_tags ['community', 'leadership', 'startup', 'technology'] → ['AI & Machine Learning', 'Entrepreneurship', 'Environment & Sustainability', 'Event', 'Hybrid', 'Management', 'Professional', 'Youth (Under 18)'] | target_group ['professionals', 'team_required', 'youth'] → ['Professional', 'Youth (Under 18)']
2026-05-15 14:27:51,798 [INFO] [17/141] 1e3c8c80-2dd7-4749-a773-6ea663324821 [desc]: subject_tags ['community', 'education', 'leadership', 'technology'] → ['Competition & Hackathon', 'Education', 'Event', 'High School Student', 'Undergraduate', 'Youth (Under 18)'] | target_group ['high_school', 'university_students'] → ['High School Student', 'Undergraduate']
2026-05-15 14:27:54,830 [INFO] [18/141] 5dea9ea3-1178-4ce4-ae8e-675de11526b1 [desc]: subject_tags ['competition', 'education', 'innovation'] → ['Competition & Hackathon', 'Education', 'Event', 'High School Student', 'Project Management', 'Undergraduate', 'Youth (Under 18)'] | target_group ['high_school', 'university_students'] → ['High School Student', 'Undergraduate']
2026-05-15 14:27:58,072 [INFO] [19/141] cfb5057a-f730-4dfb-942c-6c5e3f4ebf47 [desc]: subject_tags ['community', 'education', 'leadership', 'technology'] → ['Competition & Hackathon', 'Education', 'Event', 'High School Student', 'In-person', 'Undergraduate', 'Youth (Under 18)'] | target_group ['high_school', 'university_students'] → ['High School Student', 'Undergraduate']
2026-05-15 14:28:01,120 [INFO] [20/141] 0ffd7c1d-0c16-4dfe-8852-44610f3b2c6f [desc]: subject_tags ['education', 'scholarship'] → ['Education', 'Fellowship', 'Management', 'Open to All', 'Undergraduate'] | target_group ['cambodians_only', 'university_students'] → ['Undergraduate']
2026-05-15 14:28:04,101 [INFO] [21/141] 036e9016-2802-4759-a1a9-1e513f939a1b [desc]: subject_tags ['government', 'job'] → ['In-person', 'Internship', 'Open to All'] | target_group ['cambodians_only'] → []
2026-05-15 14:28:07,369 [INFO] [22/141] b60d623e-e85a-460d-bb71-d0168deb4286 [raw]: subject_tags ['arts', 'community', 'education'] → ['Community Organizing', 'Event', 'Graphic Design', 'In-person', 'Open to All'] | target_group ['open_to_all'] → ['Open to All']
2026-05-15 14:28:10,240 [INFO] [23/141] 101de12e-ad40-4f92-ae4b-32e50428e097 [raw]: subject_tags ['course', 'technology'] → ['AI & Machine Learning', 'Cloud Computing', 'Course', 'In-person', 'Software Development', 'Youth (Under 18)'] | target_group ['youth'] → ['Youth (Under 18)']
2026-05-15 14:28:13,444 [INFO] [24/141] 9f6dd78f-12b5-4c55-bc44-82dbf47dda4f [raw]: subject_tags ['government', 'internship', 'technology'] → ['In-person', 'Internship', 'Management', 'Open to All', 'Software Development'] | target_group ['null'] → []
2026-05-15 14:28:16,587 [INFO] [25/141] 28f58949-0052-4d81-9e40-fbc24b94cae7 [raw]: subject_tags ['course', 'technology'] → ['Course', 'Mobile Development', 'Online', 'Professional', 'Recent Graduate', 'Undergraduate'] | target_group ['graduates', 'professionals', 'university_students'] → ['Professional', 'Recent Graduate', 'Undergraduate']
2026-05-15 14:28:19,382 [INFO] [26/141] 416593f9-87ee-479e-aaf8-374dda4fa00e [raw]: subject_tags ['course', 'technology'] → ['Course', 'Mobile Development', 'Online', 'Professional', 'Recent Graduate', 'Software Development', 'Undergraduate'] | target_group ['null'] → []
2026-05-15 14:28:23,163 [INFO] [27/141] b984451a-a095-4b09-88b9-ffc6c37e8518 [raw]: subject_tags ['course', 'education', 'technology'] → ['Course', 'Online', 'Open to All', 'Software Development', 'Web Development'] | target_group ['open_to_all'] → ['Open to All']
2026-05-15 14:28:26,004 [INFO] [28/141] 99ff34d7-75d5-4159-ae69-96c3fab08698 [raw]: subject_tags ['job', 'technology'] → ['Electrical Engineering', 'In-person', 'Industrial Engineering', 'Internship', 'Mechanical Engineering', 'Professional'] | target_group ['professionals'] → ['Professional']
2026-05-15 14:28:28,965 [INFO] [29/141] 6f8a5d6a-7074-4b42-9ddf-01c871247dbc [raw]: subject_tags ['business', 'course', 'technology'] → ['Course', 'Data & Mathematics', 'Management', 'Online', 'Professional', 'Project Management'] | target_group ['professionals'] → ['Professional']
2026-05-15 14:28:32,434 [INFO] [30/141] 6cd06c8e-a2a2-48d4-93a1-ec3144694f0d [desc]: subject_tags ['business', 'course', 'data', 'technology'] → ['Course', 'Data & Mathematics', 'Open to All', 'Self-Paced'] | target_group ['open_to_all'] → ['Open to All']
2026-05-15 14:28:35,301 [INFO] [31/141] b85408db-41e0-4848-bd77-54d4747b651d [raw]: subject_tags ['education', 'event', 'scholarship'] → ['Education', 'Event', 'Online', 'Undergraduate'] | target_group ['university_students'] → ['Undergraduate']
2026-05-15 14:28:38,307 [INFO] [32/141] 11aa1178-e0a7-41cc-9a69-23c0b2e05e64 [raw]: subject_tags ['event', 'technology'] → ['AI & Machine Learning', 'Cloud Computing', 'Cybersecurity', 'Data & Mathematics', 'Event', 'Online', 'Open to All', 'Project Management', 'Software Development', 'Web Development'] | target_group ['null'] → []
2026-05-15 14:28:41,625 [INFO] [33/141] ffb13f89-a242-4403-9a3b-e26a91705aca [raw]: subject_tags ['community', 'event', 'technology'] → ['Community Organizing', 'Event', 'Event Planning', 'In-person', 'Professional', 'Project Management'] | target_group ['null'] → []
2026-05-15 14:28:44,700 [INFO] [34/141] 5d7e0501-0960-4647-92b0-ebb3f8170c22 [raw]: subject_tags ['data', 'environment', 'media', 'training'] → ['Course', 'Data & Mathematics', 'In-person', 'Journalism', 'Professional'] | target_group ['professionals'] → ['Professional']
2026-05-15 14:28:47,828 [INFO] [35/141] 07a33c87-b605-4cd1-958b-10ed1a9fbc82 [raw]: subject_tags ['event', 'seminar', 'technology'] → ['Data & Mathematics', 'Environment & Sustainability', 'Event', 'In-person', 'Open to All', 'Project Management'] | target_group ['null'] → []
2026-05-15 14:28:50,748 [INFO] [36/141] aaf408ec-5ebf-4842-8275-e46874ef6a58 [raw]: subject_tags ['career development', 'data science', 'technology'] → ['Course', 'Data & Mathematics', 'Online', 'Open to All', 'Professional'] | target_group ['open_to_all'] → ['Open to All']
2026-05-15 14:28:53,999 [INFO] [37/141] 57cfe4ca-e8f5-4e8c-b3a6-28d3bd94a767 [raw]: subject_tags ['business', 'course', 'data_analysis', 'technology'] → ['Course', 'Data & Mathematics', 'Online', 'Professional'] | target_group ['professionals', 'students'] → ['Professional']
2026-05-15 14:28:57,948 [INFO] [38/141] 58a8c398-8735-41e1-8c10-4b9000114ca3 [raw]: subject_tags ['business', 'course', 'technology'] → ['Course', 'Data & Mathematics', 'Online', 'Professional', 'Recent Graduate', 'Undergraduate'] | target_group ['null'] → []
2026-05-15 14:29:00,785 [INFO] [39/141] 1219803c-d81a-42e5-bf66-af9b24d47b9c [raw]: subject_tags ['community', 'event', 'leadership', 'women'] → ['Community Development', 'Event', 'In-person', 'Open to All', 'Professional', 'Public Policy', 'Women in STEM'] | target_group ['open_to_all'] → ['Open to All']
2026-05-15 14:29:03,858 [INFO] [40/141] cd1f8898-60cd-49d4-ab6d-285ccd8e0155 [raw]: subject_tags ['education', 'event', 'leadership'] → ['Education', 'Event', 'In-person', 'Management', 'Open to All', 'Public Speaking'] | target_group ['open_to_all'] → ['Open to All']
2026-05-15 14:29:07,428 [INFO] [41/141] 2ce476c0-526a-4022-9922-e52b668be308 [raw]: subject_tags ['culture', 'education', 'event', 'sports'] → ['Education', 'Event', 'In-person', 'Open to All', 'Sociology'] | target_group ['open_to_all'] → ['Open to All']
2026-05-15 14:29:11,153 [INFO] [42/141] 155fa667-c2ba-4e58-b9c5-380f3feb4261 [raw]: subject_tags ['education', 'event', 'sports'] → ['Community Development', 'Education', 'Event', 'In-person', 'Open to All'] | target_group ['open_to_all'] → ['Open to All']
2026-05-15 14:29:14,358 [INFO] [43/141] c848a9de-3dcc-4d70-b073-cf50185de37f [raw]: subject_tags ['business', 'leadership', 'seminar'] → ['Event', 'In-person', 'Management', 'Open to All', 'Project Management'] | target_group ['null'] → []
2026-05-15 14:29:18,113 [INFO] [44/141] 665b1de6-53e6-48d1-acf3-f42f2a03a521 [raw]: subject_tags ['education', 'history', 'leadership', 'technology'] → ['Education', 'Event', 'In-person', 'Management', 'Open to All', 'Project Management', 'Public Policy'] | target_group ['open_to_all'] → ['Open to All']
2026-05-15 14:29:21,379 [INFO] [45/141] c0ff5afe-cad4-44df-863d-f67b06704ff8 [raw]: subject_tags ['null'] → ['Event', 'In-person', 'Open to All'] | target_group ['null'] → []
2026-05-15 14:29:24,226 [INFO] [46/141] 3cbc191a-738c-4d2e-970c-86ca3d9ca3dd [raw]: subject_tags ['education', 'event', 'seminar', 'training'] → ['Education', 'Event', 'In-person', 'Open to All'] | target_group ['open_to_all'] → ['Open to All']
2026-05-15 14:29:28,029 [INFO] [47/141] 1f405f71-26c5-4bcc-b882-fd1994dd09a0 [raw]: subject_tags ['community', 'event', 'internship', 'leadership'] → ['Event', 'Human Resources', 'In-person', 'Internship', 'Public Policy', 'Undergraduate', 'Youth (Under 18)'] | target_group ['cambodians_only', 'university_students', 'youth'] → ['Undergraduate', 'Youth (Under 18)']
2026-05-15 14:29:33,181 [INFO] [48/141] 285f878f-4d5f-40c2-91fe-e5b079e9f4ee [raw]: subject_tags ['community', 'event', 'media'] → ['Community Organizing', 'Event', 'Event Planning', 'In-person', 'Open to All'] | target_group ['open_to_all'] → ['Open to All']
2026-05-15 14:29:37,970 [INFO] [49/141] ae499cb6-f633-4c7b-a084-73296706853a [raw]: subject_tags ['event', 'scholarship', 'study_abroad'] → ['Education', 'Event', 'In-person', 'Youth (Under 18)'] | target_group ['cambodians_only', 'youth'] → ['Youth (Under 18)']
2026-05-15 14:29:41,723 [INFO] [50/141] b0d0bfeb-9020-4e54-8ede-6e6822ddf39b [raw]: subject_tags ['education', 'event', 'study_abroad'] → ['Education', 'Event', 'Exchange Program', 'In-person', 'Undergraduate', 'Youth (Under 18)'] | target_group ['university_students', 'youth'] → ['Undergraduate', 'Youth (Under 18)']
2026-05-15 14:29:44,539 [INFO] [51/141] ce32e07f-8516-4e8c-89c4-471ed414b6c8 [raw]: subject_tags ['education', 'study abroad'] → ['Education', 'Event', 'In-person', 'Open to All'] | target_group ['students'] → []
2026-05-15 14:29:48,679 [INFO] [52/141] 51ab3e24-f994-4142-a074-2874961ae758 [raw]: subject_tags ['education', 'event', 'media', 'scholarship'] → ['Education', 'Event', 'Film & Media', 'In-person', 'Youth (Under 18)'] | target_group ['cambodians_only', 'youth'] → ['Youth (Under 18)']
2026-05-15 14:29:51,513 [INFO] [53/141] 2a161a61-ee93-4a41-b170-2a84fa6fd4f4 [raw]: subject_tags ['education', 'event', 'study abroad'] → ['Education', 'Event', 'In-person', 'Youth (Under 18)'] | target_group ['cambodians_only', 'youth'] → ['Youth (Under 18)']
2026-05-15 14:29:55,204 [INFO] [54/141] d14665d5-a322-44a1-8626-95da5fee89db [raw]: subject_tags ['internship', 'job'] → ['Human Resources', 'In-person', 'Internship', 'Logistics & Supply Chain', 'Management', 'Marketing', 'Online', 'Open to All', 'Professional', 'Recent Graduate'] | target_group ['null'] → []
2026-05-15 14:29:58,781 [INFO] [55/141] b08340ca-c158-4259-9e8e-dc3503184071 [raw]: subject_tags ['business', 'internship', 'job'] → ['E-commerce', 'Human Resources', 'In-person', 'Internship', 'Logistics & Supply Chain', 'Management', 'Marketing', 'Project Management', 'Tourism & Hospitality', 'Undergraduate'] | target_group ['cambodians_only', 'university_students'] → ['Undergraduate']
2026-05-15 14:30:02,021 [INFO] [56/141] 3886f10f-cba9-4d28-9e8e-642a476442ec [desc]: subject_tags ['internship'] → ['Civil Engineering', 'Human Resources', 'In-person', 'Internship', 'Management', 'Marketing', 'Marketing & Social Media', 'Project Management', 'Undergraduate'] | target_group ['university_students'] → ['Undergraduate']
2026-05-15 14:30:04,907 [INFO] [57/141] eeef3ae1-6efc-41b3-b185-8626acb42553 [raw]: subject_tags ['business', 'internship'] → ['Accounting', 'In-person', 'Internship', 'Undergraduate'] | target_group ['cambodians_only', 'university_students'] → ['Undergraduate']
2026-05-15 14:30:08,123 [INFO] [58/141] f2aa38bc-f92a-4820-b7b0-ceb34aabd168 [raw]: subject_tags ['business', 'internship', 'technology'] → ['AI & Machine Learning', 'In-person', 'Internship', 'UI/UX Design', 'Youth (Under 18)'] | target_group ['youth'] → ['Youth (Under 18)']
2026-05-15 14:30:11,401 [INFO] [59/141] 8ccad02c-5a5e-4cda-b4a8-d6442f87cfa8 [raw]: subject_tags ['internship', 'leadership', 'training'] → ['In-person', 'Internship', 'Management', 'Marketing & Social Media', 'Undergraduate', 'Youth (Under 18)'] | target_group ['cambodians_only', 'university_students', 'youth'] → ['Undergraduate', 'Youth (Under 18)']
2026-05-15 14:30:14,941 [INFO] [60/141] f24aeb36-09d5-4b4a-89e7-3843a57cfddd [raw]: subject_tags ['business', 'internship', 'job'] → ['In-person', 'Internship', 'Logistics & Supply Chain', 'Management', 'Recent Graduate', 'Youth (Under 18)'] | target_group ['graduates', 'youth'] → ['Recent Graduate', 'Youth (Under 18)']
2026-05-15 14:30:18,092 [INFO] [61/141] 05390df2-715e-4437-9799-7c28a606bc88 [raw]: subject_tags ['business', 'internship', 'technology'] → ['In-person', 'Internship', 'Management', 'Marketing', 'Software Development', 'Youth (Under 18)'] | target_group ['youth'] → ['Youth (Under 18)']
2026-05-15 14:30:21,037 [INFO] [62/141] e475cfe1-724a-4b0c-a82f-1dbd9c8ce84d [raw]: subject_tags ['business', 'internship', 'marketing', 'media', 'technology'] → ['Accounting', 'Human Resources', 'In-person', 'Internship', 'Marketing', 'Software Development', 'Youth (Under 18)'] | target_group ['cambodians_only', 'youth'] → ['Youth (Under 18)']
2026-05-15 14:30:26,584 [INFO] [63/141] b747595b-7fd0-4f36-a9db-0d987f634295 [raw]: subject_tags ['communications', 'internship', 'media'] → ['Human Resources', 'In-person', 'Internship', 'Marketing', 'Open to All', 'Postgraduate', 'Professional', 'Public Speaking', 'Recent Graduate', 'Undergraduate', 'Writing & Translation'] | target_group ['cambodians_only'] → []
2026-05-15 14:30:29,454 [INFO] [64/141] 8317c017-8899-47b4-b45e-4a11ff95e251 [raw]: subject_tags ['business', 'job', 'technology'] → ['In-person', 'Internship', 'Management', 'Marketing & Social Media', 'Mobile Development', 'Open to All', 'Professional', 'Project Management', 'Public Speaking', 'Recent Graduate', 'Software Development', 'Undergraduate', 'Web Development'] | target_group ['cambodians_only'] → []
2026-05-15 14:30:32,488 [INFO] [65/141] d03bc7a6-b48f-4237-be9f-9f3f5515ccdc [raw]: subject_tags ['arts', 'competition', 'design'] → ['Competition & Hackathon', 'Graphic Design', 'Marketing & Social Media', 'Online', 'Open to All'] | target_group ['open_to_all'] → ['Open to All']
2026-05-15 14:30:37,323 [INFO] [66/141] 1f31e961-73a7-487f-bbd5-1f887ff2c086 [raw]: subject_tags ['business', 'course', 'entrepreneurship', 'leadership'] → ['Course', 'Entrepreneurship', 'Hybrid', 'Management', 'Project Management', 'Youth (Under 18)'] | target_group ['cambodians_only', 'youth'] → ['Youth (Under 18)']
2026-05-15 14:30:40,172 [INFO] [67/141] b199ddc2-041e-4c01-8b35-e0273f261e78 [raw]: subject_tags ['education', 'event', 'scholarship'] → ['Education', 'Event', 'High School Student', 'Online', 'Undergraduate', 'Youth (Under 18)'] | target_group ['cambodians_only', 'high_school', 'university_students', 'youth'] → ['High School Student', 'Undergraduate', 'Youth (Under 18)']
2026-05-15 14:30:43,021 [INFO] [68/141] c5c8c505-0c51-4411-a056-a2956b0fa3f3 [raw]: subject_tags ['education', 'event', 'seminar', 'technology'] → ['Education', 'Event', 'In-person', 'Undergraduate', 'Youth (Under 18)'] | target_group ['university_students', 'youth'] → ['Undergraduate', 'Youth (Under 18)']
2026-05-15 14:30:46,436 [INFO] [69/141] a9e2013c-daaa-4e44-a38e-83d3c3f25c42 [raw]: subject_tags ['consultation', 'education'] → ['Education', 'Event', 'In-person', 'Undergraduate', 'Youth (Under 18)'] | target_group ['university_students', 'youth'] → ['Undergraduate', 'Youth (Under 18)']
2026-05-15 14:30:49,773 [INFO] [70/141] a41da5bc-8de1-4675-98b6-74dd2b94ed7b [raw]: subject_tags ['education', 'event', 'scholarship', 'seminar'] → ['Education', 'Event', 'In-person', 'Open to All'] | target_group ['open_to_all'] → ['Open to All']
2026-05-15 14:30:53,134 [INFO] [71/141] 3d3a1ba2-1cb2-4569-990e-b4695f51c42c [raw]: subject_tags ['education'] → ['Event', 'Online', 'Open to All'] | target_group ['null'] → []
2026-05-15 14:30:55,956 [INFO] [72/141] 1a0bc340-23e7-4f73-a423-8911865bf9a8 [raw]: subject_tags ['education'] → ['Event', 'High School Student', 'In-person'] | target_group ['high_school'] → ['High School Student']
2026-05-15 14:31:00,525 [INFO] [73/141] 7299ddca-5574-48b1-ab37-a1e51e952bb0 [raw]: subject_tags [] → ['Event', 'In-person', 'Open to All']
2026-05-15 14:31:04,006 [INFO] [74/141] 09e4f0ec-81fa-4e2f-9203-1f343c3f8f2e [raw]: subject_tags ['arts', 'competition', 'education', 'geography', 'history', 'mathematics', 'scholarship', 'science'] → ['Data & Mathematics', 'Education', 'Event Planning', 'Fellowship', 'In-person', 'Science', 'Youth (Under 18)'] | target_group ['cambodians_only', 'youth'] → ['Youth (Under 18)']
2026-05-15 14:31:07,331 [INFO] [75/141] 8ac78755-4b59-4a45-ba29-2a78cc7a89e2 [desc]: subject_tags ['community', 'education', 'leadership', 'volunteer'] → ['Community Development', 'Education', 'In-person', 'Marketing & Social Media', 'Project Management', 'Volunteering', 'Youth (Under 18)'] | target_group ['youth'] → ['Youth (Under 18)']
2026-05-15 14:31:11,212 [INFO] [76/141] ffd0dee1-7822-4cdf-a6a6-fbf32002a767 [desc]: subject_tags ['media', 'technology'] → ['Film & Media', 'Graphic Design', 'In-person', 'Internship', 'Marketing', 'Marketing & Social Media', 'Professional', 'Recent Graduate', 'Undergraduate', 'Web Development'] | target_group ['null'] → []
2026-05-15 14:31:13,900 [INFO] [77/141] 3f4689c0-c059-42c0-b826-26b463297865 [desc]: subject_tags ['business', 'communication', 'marketing', 'media'] → ['In-person', 'Internship', 'Marketing', 'Marketing & Social Media', 'Open to All'] | target_group ['null'] → []
2026-05-15 14:31:17,813 [INFO] [78/141] 9ef8d337-1b64-4254-85a7-f37ba69a2bd5 [raw]: subject_tags ['business', 'innovation', 'leadership', 'media', 'volunteer', 'youth'] → ['Community Organizing', 'Event Planning', 'Hybrid', 'Marketing & Social Media', 'Project Management', 'Volunteering', 'Youth (Under 18)'] | target_group ['cambodians_only', 'youth'] → ['Youth (Under 18)']
2026-05-15 14:31:20,867 [INFO] [79/141] 8c04c9ba-9dc1-4769-9c69-66b9350f7b03 [raw]: subject_tags ['education', 'event', 'youth'] → ['Community Organizing', 'Education', 'Event', 'In-person', 'Youth (Under 18)'] | target_group ['youth'] → ['Youth (Under 18)']
2026-05-15 14:31:24,617 [INFO] [80/141] f4ab7758-c644-435c-bd6c-f0ce267e1dc4 [desc]: subject_tags ['community', 'leadership', 'training', 'youth'] → ['Community Organizing', 'Event Planning', 'Hybrid', 'Internship', 'Management', 'Open to All', 'Project Management', 'Youth (Under 18)'] | target_group ['cambodians_only', 'youth'] → ['Youth (Under 18)']
2026-05-15 14:31:27,675 [INFO] [81/141] c45baf40-c24c-4072-b23e-cd403689233f [raw]: subject_tags ['education', 'leadership', 'media'] → ['Community Development', 'Education', 'Event', 'In-person', 'Open to All', 'Public Speaking'] | target_group ['open_to_all'] → ['Open to All']
2026-05-15 14:31:30,516 [INFO] [82/141] 7b66f510-f3c6-4c46-8f10-ae7579345444 [desc]: subject_tags ['education', 'media', 'training'] → ['Course', 'Film & Media', 'In-person', 'Marketing & Social Media', 'Photography & Videography', 'Youth (Under 18)'] | target_group ['youth'] → ['Youth (Under 18)']
2026-05-15 14:31:35,473 [INFO] [83/141] d6ab379d-cc6d-4ddc-848a-e66b53272d67 [raw]: subject_tags ['education', 'event', 'seminar'] → ['Education', 'Event', 'In-person', 'Youth (Under 18)'] | target_group ['cambodians_only', 'youth'] → ['Youth (Under 18)']
2026-05-15 14:31:38,223 [INFO] [84/141] 2f61baf8-c1e2-4ed8-986f-23a08dd26020 [raw]: subject_tags ['education'] → ['Event', 'In-person', 'Youth (Under 18)'] | target_group ['youth'] → ['Youth (Under 18)']
2026-05-15 14:31:42,424 [INFO] [85/141] f244a87d-721f-4d56-91d4-612354b6dc7f [raw]: subject_tags ['education'] → ['Event', 'In-person', 'Youth (Under 18)'] | target_group ['youth'] → ['Youth (Under 18)']
2026-05-15 14:31:46,202 [INFO] [86/141] 1da4dbab-08f2-478c-8f3b-2dc805a0d248 [desc]: subject_tags ['competition', 'education', 'scholarship'] → ['Education', 'Event', 'Fellowship', 'Open to All', 'Undergraduate'] | target_group ['university_students'] → ['Undergraduate']
2026-05-15 14:31:49,456 [INFO] [87/141] 38fad048-2121-46a5-9166-be996f65a9b5 [raw]: subject_tags ['data', 'environment'] → ['Data & Mathematics', 'Environment & Sustainability', 'Event', 'In-person', 'Open to All'] | target_group ['open_to_all'] → ['Open to All']
2026-05-15 14:31:52,596 [INFO] [88/141] bd941e6a-ff3c-4b4b-83f3-20bb73f3d49d [raw]: subject_tags ['course', 'education'] → ['Education', 'Event', 'Online', 'Undergraduate', 'Youth (Under 18)'] | target_group ['university_students', 'youth'] → ['Undergraduate', 'Youth (Under 18)']
2026-05-15 14:31:56,090 [INFO] [89/141] d30a9418-20d4-421f-86c5-e73c2244446c [raw]: subject_tags ['education', 'scholarship'] → ['Education', 'Event', 'Fellowship', 'In-person', 'Youth (Under 18)'] | target_group ['cambodians_only', 'youth'] → ['Youth (Under 18)']
2026-05-15 14:31:58,899 [INFO] [90/141] 522e770a-2682-4514-8e00-e20fe3fc342f [raw]: subject_tags ['education', 'event'] → ['Education', 'Event', 'In-person', 'Undergraduate', 'Youth (Under 18)'] | target_group ['university_students', 'youth'] → ['Undergraduate', 'Youth (Under 18)']
2026-05-15 14:32:01,878 [INFO] [91/141] 1dc97592-bef5-471a-9c48-0be92c2ca168 [raw]: subject_tags ['community', 'education', 'event'] → ['Education', 'Event', 'In-person', 'Marketing & Social Media', 'Open to All'] | target_group ['cambodians_only'] → []
2026-05-15 14:32:04,649 [INFO] [92/141] 5a09c818-e9d4-4c1d-ac07-bdf9b18ae115 [raw]: subject_tags ['education', 'event'] → ['Education', 'Event', 'In-person', 'Youth (Under 18)'] | target_group ['youth'] → ['Youth (Under 18)']
2026-05-15 14:32:07,902 [INFO] [93/141] 31ac6b64-a740-4d65-bcb4-7fc40adb2cfe [raw]: subject_tags ['education', 'event', 'scholarship'] → ['Education', 'Event', 'Exchange Program', 'In-person', 'Undergraduate', 'Youth (Under 18)'] | target_group ['university_students', 'youth'] → ['Undergraduate', 'Youth (Under 18)']
2026-05-15 14:32:10,999 [INFO] [94/141] 2d2188fc-3010-4b05-8998-716c8a11562c [raw]: subject_tags ['competition', 'education'] → ['Education', 'Event', 'In-person', 'Project Management', 'Undergraduate'] | target_group ['cambodians_only'] → []
2026-05-15 14:32:13,771 [INFO] [95/141] 4c2162cb-43a0-473d-847c-747de72842e8 [raw]: subject_tags ['competition', 'education'] → ['Education', 'Event', 'In-person', 'Youth (Under 18)'] | target_group ['youth'] → ['Youth (Under 18)']
2026-05-15 14:32:16,633 [INFO] [96/141] 1d72f286-b100-404d-b10f-a694021f3fde [raw]: subject_tags ['competition', 'education'] → ['Education', 'Event', 'In-person', 'Youth (Under 18)'] | target_group ['cambodians_only', 'youth'] → ['Youth (Under 18)']
2026-05-15 14:32:20,758 [INFO] [97/141] 51d1c9f4-bed3-4838-a21e-59ceb7dec605 [raw]: subject_tags ['competition', 'scholarship'] → ['Competition & Hackathon', 'High School Student', 'Online', 'Undergraduate'] | target_group ['high_school', 'university_students'] → ['High School Student', 'Undergraduate']
2026-05-15 14:32:23,508 [INFO] [98/141] 3cb7e401-8158-4ba6-af91-7db1e8f01a53 [raw]: subject_tags ['education'] → ['Event', 'In-person', 'Open to All'] | target_group ['null'] → []
2026-05-15 14:32:26,744 [INFO] [99/141] 411e896b-0b86-42ac-8f72-1282c97c3267 [raw]: subject_tags ['competition', 'education'] → ['Event', 'In-person', 'Youth (Under 18)'] | target_group ['cambodians_only', 'students'] → []
2026-05-15 14:32:29,567 [INFO] [100/141] 2cfa9ba1-f10a-4601-9f22-7489c61ea3f3 [raw]: subject_tags ['competition', 'education'] → ['Education', 'Event', 'Online', 'Youth (Under 18)'] | target_group ['cambodians_only', 'youth'] → ['Youth (Under 18)']
2026-05-15 14:32:32,330 [INFO] [101/141] c437e7a5-db1c-44af-bdc7-b492dfbb286d [raw]: subject_tags ['education', 'event', 'technology'] → ['Data & Mathematics', 'Event', 'Online', 'Open to All'] | target_group ['open_to_all'] → ['Open to All']
2026-05-15 14:32:36,207 [INFO] [102/141] 7279ca7e-209e-48c3-918b-0ac3cadae235 [desc]: subject_tags ['education', 'leadership', 'scholarship'] → ['Education', 'Fellowship', 'Online', 'Undergraduate', 'Youth (Under 18)'] | target_group ['university_students', 'youth'] → ['Undergraduate', 'Youth (Under 18)']
2026-05-15 14:32:39,124 [INFO] [103/141] 5bf96ea0-a696-4099-9f81-53e61f0b23a8 [raw]: subject_tags ['community', 'leadership', 'youth'] → ['Community Organizing', 'Event', 'In-person', 'Project Management', 'Public Speaking', 'Youth (Under 18)'] | target_group ['cambodians_only', 'youth'] → ['Youth (Under 18)']
2026-05-15 14:32:41,834 [INFO] [104/141] 3a7fd9a8-3811-43a7-b2d4-84fca1204ead [desc]: subject_tags ['education'] → ['Education', 'Event', 'In-person', 'Undergraduate'] | target_group ['university_students'] → ['Undergraduate']
2026-05-15 14:32:45,002 [INFO] [105/141] 21cbfbfb-5630-4676-afb0-c8c226dc0288 [raw]: subject_tags ['business', 'event', 'innovation', 'science', 'technology'] → ['E-commerce', 'Event', 'In-person', 'Management', 'Marketing & Social Media', 'Open to All', 'Public Policy'] | target_group ['open_to_all'] → ['Open to All']
2026-05-15 14:32:48,351 [INFO] [106/141] 682fc773-a6df-4033-97d5-35dc6e927e6d [raw]: subject_tags ['business', 'technology', 'workshop'] → ['Course', 'E-commerce', 'Entrepreneurship', 'In-person', 'Marketing', 'Open to All'] | target_group ['business'] → []
2026-05-15 14:32:51,225 [INFO] [107/141] 3ebe7395-4d3a-4413-92f7-193c1d57394b [raw]: subject_tags ['course', 'education', 'event', 'internship', 'scholarship', 'technology'] → ['AI & Machine Learning', 'Cybersecurity', 'Data & Mathematics', 'Education', 'Event', 'In-person', 'Professional', 'Recent Graduate', 'Undergraduate'] | target_group ['graduates', 'professionals', 'university_students'] → ['Professional', 'Recent Graduate', 'Undergraduate']
2026-05-15 14:32:54,090 [INFO] [108/141] e9b69922-23b4-494c-af02-6703757498bc [raw]: subject_tags ['course', 'technology', 'training'] → ['Cloud Computing', 'Course', 'In-person', 'Professional', 'Project Management', 'Recent Graduate', 'Software Development', 'Undergraduate', 'Web Development'] | target_group ['null'] → []
2026-05-15 14:32:56,859 [INFO] [109/141] fae99347-44fc-4d9a-b070-b958e16f106b [raw]: subject_tags ['agriculture', 'business', 'entrepreneurship', 'event', 'technology', 'training'] → ['Agriculture', 'Entrepreneurship', 'Event', 'In-person', 'Undergraduate'] | target_group ['university_students'] → ['Undergraduate']
2026-05-15 14:32:59,873 [INFO] [110/141] e0baa97f-ad82-4da4-bbbb-f3c64e865169 [raw]: subject_tags ['bootcamp', 'business', 'technology', 'training'] → ['Course', 'Entrepreneurship', 'Management', 'Online', 'Youth (Under 18)'] | target_group ['cambodians_only', 'youth'] → ['Youth (Under 18)']
2026-05-15 14:33:02,878 [INFO] [111/141] 38c939ca-6a68-4113-8ed0-8583458e3113 [raw]: subject_tags ['business', 'event', 'startup', 'technology'] → ['Entrepreneurship', 'Environment & Sustainability', 'Event', 'Hybrid', 'Management', 'Project Management', 'Youth (Under 18)'] | target_group ['cambodians_only', 'youth'] → ['Youth (Under 18)']
2026-05-15 14:33:05,990 [INFO] [112/141] e3d52be0-d9b3-4087-9449-29dddf439b3d [raw]: subject_tags ['community', 'education', 'training'] → ['Course', 'Education', 'Entrepreneurship', 'In-person', 'Undergraduate'] | target_group ['university_students'] → ['Undergraduate']
2026-05-15 14:33:09,920 [INFO] [113/141] 1815e205-1057-4842-a382-d8493cf97107 [raw]: subject_tags ['education', 'event'] → ['Education', 'Event', 'Online', 'Undergraduate', 'Youth (Under 18)'] | target_group ['university_students', 'youth'] → ['Undergraduate', 'Youth (Under 18)']
2026-05-15 14:33:12,850 [INFO] [114/141] fe474b16-bd72-4413-b55c-b77dad143356 [desc]: subject_tags ['business', 'community', 'internship'] → ['Human Resources', 'In-person', 'Internship', 'Management', 'Marketing', 'Undergraduate'] | target_group ['university_students'] → ['Undergraduate']
2026-05-15 14:33:16,331 [INFO] [115/141] e3e30db4-a48a-422d-a61a-ff23a88f0693 [raw]: subject_tags ['education', 'scholarship'] → ['Education', 'Exchange Program', 'Online', 'Youth (Under 18)'] | target_group ['youth'] → ['Youth (Under 18)']
2026-05-15 14:33:19,471 [INFO] [116/141] 06f65cc4-8e8c-4f0f-93b5-1b0e4ab94956 [raw]: subject_tags ['competition', 'education'] → ['Education', 'Event', 'High School Student', 'Online', 'Undergraduate', 'Youth (Under 18)'] | target_group ['cambodians_only'] → []
2026-05-15 14:33:22,496 [INFO] [117/141] 68caaf36-be1e-4127-97d5-040691b298ff [raw]: subject_tags ['course', 'education'] → ['Course', 'Education', 'Online', 'Open to All'] | target_group ['null'] → []
2026-05-15 14:33:25,644 [INFO] [118/141] 202487a2-6541-41a9-ba57-3018f05c4ad2 [raw]: subject_tags ['bootcamp', 'business', 'community', 'entrepreneurship', 'technology'] → ['Course', 'Entrepreneurship', 'In-person', 'Management', 'Youth (Under 18)'] | target_group ['cambodians_only', 'youth'] → ['Youth (Under 18)']
2026-05-15 14:33:28,470 [INFO] [119/141] 428b3eff-71fd-4521-87a6-e8e4a479c9c2 [raw]: subject_tags ['community', 'education', 'event', 'history'] → ['Community Development', 'Education', 'Event', 'Event Planning', 'In-person', 'Journalism', 'Open to All', 'Public Speaking', 'Social Work', 'Sociology'] | target_group ['open_to_all'] → ['Open to All']
2026-05-15 14:33:31,281 [INFO] [120/141] 008097d1-d019-4467-b649-61edb150c6b0 [raw]: subject_tags ['education'] → ['Education', 'Event', 'In-person', 'Undergraduate'] | target_group ['university_students'] → ['Undergraduate']
2026-05-15 14:33:34,581 [INFO] [121/141] d30f398a-7521-4e29-b078-df400ecd3564 [desc]: subject_tags ['business', 'internship'] → ['Human Resources', 'In-person', 'Internship', 'Undergraduate'] | target_group ['cambodians_only', 'university_students'] → ['Undergraduate']
2026-05-15 14:33:37,861 [INFO] [122/141] 0008584f-ea1a-44af-8518-4f728bbe1bc9 [raw]: subject_tags ['internship'] → ['Human Resources', 'In-person', 'Internship', 'Management', 'Recent Graduate', 'Undergraduate'] | target_group ['graduates', 'university_students'] → ['Recent Graduate', 'Undergraduate']
2026-05-15 14:33:40,683 [INFO] [123/141] 83316931-c886-41be-acba-40fa7245b2bc [raw]: subject_tags ['event', 'history', 'media'] → ['Community Development', 'Education', 'Event', 'Event Planning', 'Film & Media', 'In-person', 'Journalism', 'Open to All', 'Public Policy', 'Social Work', 'Sociology'] | target_group ['open_to_all'] → ['Open to All']
2026-05-15 14:33:45,341 [INFO] [124/141] 88401fb3-ae0a-4641-8300-89404f8e241b [desc]: subject_tags ['agriculture', 'business', 'community', 'youth'] → ['Agriculture', 'Community Development', 'Entrepreneurship', 'Event', 'In-person', 'Project Management', 'Youth (Under 18)'] | target_group ['cambodians_only', 'youth'] → ['Youth (Under 18)']
2026-05-15 14:33:49,186 [INFO] [125/141] aa0da991-f525-4512-bd0c-a31eb5fa329c [desc]: subject_tags [] → ['Course', 'High School Student', 'Online', 'Software Development', 'Web Development', 'Youth (Under 18)']
2026-05-15 14:33:52,126 [INFO] [126/141] e4be5a73-d734-4fb8-8fcc-2b652141320d [desc]: subject_tags [] → ['Course', 'High School Student', 'Online', 'Software Development', 'Web Development', 'Youth (Under 18)']
2026-05-15 14:33:55,653 [INFO] [127/141] 77a1d5e4-11aa-4c55-bedc-e4011792808f [raw]: subject_tags ['course', 'technology'] → ['AI & Machine Learning', 'Cloud Computing', 'Course', 'In-person', 'Software Development', 'Youth (Under 18)'] | target_group ['youth'] → ['Youth (Under 18)']
2026-05-15 14:33:59,579 [INFO] [128/141] 833714c5-31b6-4dcf-bebc-48b07f1f75a7 [raw]: subject_tags ['agriculture', 'business', 'community', 'training', 'youth'] → ['Agriculture', 'Community Development', 'Entrepreneurship', 'Event', 'In-person', 'Project Management', 'Youth (Under 18)'] | target_group ['community', 'youth'] → ['Youth (Under 18)']
2026-05-15 14:34:02,750 [INFO] [129/141] a846339b-3135-4e66-ab58-4ec465de8f38 [raw]: subject_tags ['agriculture', 'business', 'community', 'event', 'training'] → ['Agriculture', 'Community Development', 'Entrepreneurship', 'Event', 'In-person', 'Project Management', 'Undergraduate', 'Youth (Under 18)'] | target_group ['cambodians_only', 'university_students', 'youth'] → ['Undergraduate', 'Youth (Under 18)']
2026-05-15 14:34:05,956 [INFO] [130/141] ba5f3c3c-b8cc-4fca-94f2-f062fa0884da [raw]: subject_tags ['business', 'event', 'innovation', 'technology'] → ['AI & Machine Learning', 'Data & Mathematics', 'Entrepreneurship', 'Environment & Sustainability', 'Event', 'In-person', 'Open to All', 'Project Management', 'Software Development', 'Web Development'] | target_group ['open_to_all'] → ['Open to All']
2026-05-15 14:34:09,027 [INFO] [131/141] 0966f2e6-13cb-4b65-83ea-84a8d1923a24 [raw]: subject_tags ['government', 'internship', 'technology'] → ['In-person', 'Internship', 'Management', 'Open to All', 'Software Development'] | target_group ['null'] → []
2026-05-15 14:34:12,481 [INFO] [132/141] 0e4c02c3-f991-43a8-a010-335344368637 [raw]: subject_tags ['course', 'education', 'job', 'technology'] → ['Course', 'Data & Mathematics', 'Online', 'Professional', 'Project Management', 'Recent Graduate', 'Software Development', 'Undergraduate', 'Web Development'] | target_group ['graduates', 'professionals', 'university_students'] → ['Professional', 'Recent Graduate', 'Undergraduate']
2026-05-15 14:34:15,817 [INFO] [133/141] 318482d6-f3cf-4dd1-bced-bb3d75acc944 [raw]: subject_tags ['community', 'event', 'leadership', 'volunteer', 'youth'] → ['Community Organizing', 'Event', 'In-person', 'Public Speaking', 'Volunteering', 'Youth (Under 18)'] | target_group ['youth'] → ['Youth (Under 18)']
2026-05-15 14:34:18,493 [INFO] [134/141] 925b8260-3952-4edb-9406-75e27aa56462 [raw]: subject_tags ['community', 'internship', 'media', 'research'] → ['In-person', 'Internship', 'Journalism', 'Recent Graduate', 'Undergraduate', 'Writing & Translation'] | target_group ['cambodians_only'] → []
2026-05-15 14:34:22,164 [INFO] [135/141] 987aa21e-4280-4878-87ea-90072775129d [raw]: subject_tags ['community', 'leadership', 'technology'] → ['Community Organizing', 'Event', 'In-person', 'Internship', 'Open to All', 'Postgraduate', 'Professional', 'Project Management', 'Recent Graduate', 'Undergraduate'] | target_group ['null'] → []
2026-05-15 14:34:24,911 [INFO] [136/141] e311d4db-3abf-4efc-aa2a-a7b300d6e009 [raw]: subject_tags ['business', 'event', 'job', 'leadership', 'seminar', 'technology'] → ['Event', 'In-person', 'Management', 'Marketing', 'Marketing & Social Media', 'Open to All', 'Professional', 'Project Management'] | target_group ['open_to_all'] → ['Open to All']
2026-05-15 14:34:28,394 [INFO] [137/141] 5dd61766-7655-462c-b3c9-5725a9841f78 [raw]: subject_tags ['business', 'finance', 'internship'] → ['Accounting', 'In-person', 'Internship', 'Youth (Under 18)'] | target_group ['male', 'youth'] → ['Youth (Under 18)']
2026-05-15 14:34:31,798 [INFO] [138/141] 8901ebc0-fd18-40ca-b7b4-60bcf22efde4 [desc]: subject_tags ['AI & Machine Learning', 'Cloud Computing', 'Entrepreneurship', 'Event', 'Software Development'] → ['AI & Machine Learning', 'Cloud Computing', 'Cybersecurity', 'Data & Mathematics', 'Event', 'In-person', 'Mobile Development', 'Open to All', 'Software Development', 'UI/UX Design', 'Web Development']
2026-05-15 14:34:35,066 [INFO] [139/141] 95fc7f78-e4d0-4c17-a11f-6bee8f882f6d [desc]: subject_tags ['Community Development', 'Event', 'Online', 'Web Development'] → ['In-person', 'Internship', 'Open to All']
2026-05-15 14:34:38,628 [INFO] [140/141] a4ade9c3-a064-4952-a852-f8b63f694a77 [desc]: subject_tags ['Community Development', 'Course', 'In-person', 'Open to All', 'Web Development'] → ['Event', 'In-person', 'Open to All']
2026-05-15 14:34:41,916 [INFO] [141/141] a161de8b-3e73-4d5e-8d99-5c2dc5df5415 [raw]: subject_tags ['education', 'leadership', 'technology', 'training'] → ['Course', 'Data & Mathematics', 'Online', 'Professional', 'Recent Graduate', 'Youth (Under 18)'] | target_group ['graduates', 'professionals', 'youth'] → ['Professional', 'Recent Graduate', 'Youth (Under 18)']
2026-05-15 14:34:43,918 [INFO] Done.  updated=141  skipped=0  errors=0  (DRY RUN — no writes)
2026-05-15 14:39:52,957 [INFO] ────────────────────────────────────────────────────────────
2026-05-15 14:39:52,957 [INFO] retag started  |  mode=DRY RUN
2026-05-15 14:39:54,469 [INFO] Fetched 141 opportunities
2026-05-15 14:39:54,658 [INFO] Fetched raw text for 113/136 opportunities with raw_post_id
2026-05-15 14:39:56,049 [INFO] [1/141] 1971a10e-a06e-43b3-bd98-a14ee5143eed [raw]: subject_tags ['business', 'technology', 'training'] → ['Course', 'Data & Mathematics', 'Hybrid', 'Management', 'Professional', 'Project Management'] | target_group ['professionals'] → ['Professional']
2026-05-15 14:39:59,027 [INFO] [2/141] 601eb36d-fa22-493d-87da-64dbe3039a2b [raw]: subject_tags ['education', 'event', 'scholarship'] → ['Education', 'Event', 'Exchange Program', 'Online', 'Undergraduate', 'Youth (Under 18)'] | target_group ['university_students', 'youth'] → ['Undergraduate', 'Youth (Under 18)']
2026-05-15 14:40:01,955 [INFO] [3/141] 76869f4d-72a6-4840-89b1-fc552fc5b18b [raw]: subject_tags ['business', 'education', 'entrepreneurship', 'event'] → ['Entrepreneurship', 'Event', 'In-person', 'Management', 'Marketing & Social Media', 'Open to All', 'Project Management'] | target_group ['open_to_all', 'university_students', 'youth'] → ['Open to All', 'Undergraduate', 'Youth (Under 18)']
2026-05-15 14:40:05,578 [INFO] [4/141] 24bb9a1c-c3df-457e-a5d3-d9ae5f6ca41e [desc]: subject_tags ['business', 'community', 'education', 'training', 'workshop'] → ['Community Organizing', 'Education', 'Entrepreneurship', 'Event', 'In-person', 'Marketing', 'Project Management', 'Undergraduate', 'Youth (Under 18)'] | target_group ['cambodians_only', 'university_students', 'youth'] → ['Undergraduate', 'Youth (Under 18)']
2026-05-15 14:40:08,430 [INFO] [5/141] 45b6ce83-cbf2-4425-b916-0d59941cb9c2 [desc]: subject_tags ['agriculture', 'business', 'community', 'education', 'youth'] → ['Agriculture', 'Community Development', 'Event', 'In-person', 'Project Management', 'Youth (Under 18)'] | target_group ['cambodians_only', 'youth'] → ['Youth (Under 18)']
2026-05-15 14:40:11,687 [INFO] [6/141] dfe4d44e-12f0-4e50-a42f-3a498db4836e [desc]: subject_tags ['bootcamp', 'community', 'hackathon', 'technology', 'training', 'workshop', 'youth'] → ['Community Development', 'Competition & Hackathon', 'Event', 'Hybrid', 'Software Development', 'Youth (Under 18)'] | target_group ['cambodians_only', 'youth'] → ['Youth (Under 18)']
2026-05-15 14:40:16,684 [INFO] [7/141] af55bd06-bb19-42bc-856c-a6ba67feccff [raw]: subject_tags ['business', 'community', 'innovation', 'leadership', 'media', 'volunteer', 'youth'] → ['Community Development', 'Event Planning', 'Hybrid', 'Marketing & Social Media', 'Project Management', 'Volunteering', 'Youth (Under 18)'] | target_group ['cambodians_only', 'youth'] → ['Youth (Under 18)']
2026-05-15 14:40:19,659 [INFO] [8/141] 7ae45a2e-7c77-4fb3-baad-7b783ccbe323 [raw]: subject_tags ['education', 'scholarship'] → ['Education', 'Exchange Program', 'Fellowship', 'Public Policy', 'Recent Graduate'] | target_group ['graduates'] → ['Recent Graduate']
2026-05-15 14:40:23,274 [INFO] [9/141] 3f778629-2d3f-4728-9883-b7a2fae0b020 [raw]: subject_tags ['competition', 'education', 'technology'] → ['Competition & Hackathon', 'Education', 'Event', 'In-person', 'Professional', 'Project Management'] | target_group ['null'] → []
2026-05-15 14:40:27,370 [INFO] [10/141] 114f8179-bb46-49d1-ab11-a52145c8fbc4 [desc]: subject_tags ['community', 'education', 'event', 'leadership', 'technology'] → ['Education', 'Event', 'In-person', 'Open to All', 'Project Management'] | target_group ['cambodians_only', 'open_to_all'] → ['Open to All']
2026-05-15 14:40:31,247 [INFO] [11/141] c7374077-8e3d-4a3c-8da4-426f874eea63 [desc]: subject_tags ['community', 'education', 'event'] → ['Community Organizing', 'Education', 'Environment & Sustainability', 'Event', 'In-person', 'Youth (Under 18)'] | target_group ['cambodians_only', 'youth'] → ['Youth (Under 18)']
2026-05-15 14:40:35,037 [INFO] [12/141] 5bc599b3-7ccc-4938-8ba2-f0b5fd130c9a [raw]: subject_tags ['competition', 'education', 'event', 'technology'] → ['AI & Machine Learning', 'Competition & Hackathon', 'Education', 'Event', 'In-person', 'Youth (Under 18)'] | target_group ['youth'] → ['Youth (Under 18)']
2026-05-15 14:40:37,869 [INFO] [13/141] 5609b49e-9718-4d1d-b1ef-37d790ea3095 [raw]: subject_tags ['course', 'data science', 'technology'] → ['Course', 'Data & Mathematics', 'Data & Mathematics', 'Online', 'Professional', 'Recent Graduate', 'Undergraduate'] | target_group ['null'] → []
2026-05-15 14:40:40,996 [INFO] [14/141] bab13b03-4f7f-4edf-9d0b-c74384107f7f [raw]: subject_tags ['arts', 'course', 'education', 'music', 'research', 'scholarship'] → ['Education', 'Fellowship', 'In-person', 'Law', 'Management', 'Music & Performance', 'Open to All', 'Project Management'] | target_group ['cambodians_only', 'graduates', 'open_to_all', 'professionals', 'university_students'] → ['Open to All', 'Professional', 'Recent Graduate', 'Undergraduate']
2026-05-15 14:40:44,170 [INFO] [15/141] 95697965-7dc9-483a-977c-dcd711fabf28 [raw]: subject_tags ['entrepreneurship', 'technology', 'youth'] → ['Community Development', 'Entrepreneurship', 'Event', 'In-person', 'Youth (Under 18)'] | target_group ['youth'] → ['Youth (Under 18)']
2026-05-15 14:40:47,029 [INFO] [16/141] 11332c21-11cb-4ec8-906f-446753109a08 [raw]: subject_tags ['community', 'leadership', 'startup', 'technology'] → ['AI & Machine Learning', 'Entrepreneurship', 'Environment & Sustainability', 'Event', 'Hybrid', 'Professional', 'Project Management', 'Youth (Under 18)'] | target_group ['professionals', 'team_required', 'youth'] → ['Professional', 'Youth (Under 18)']
2026-05-15 14:40:50,182 [INFO] [17/141] 1e3c8c80-2dd7-4749-a773-6ea663324821 [desc]: subject_tags ['community', 'education', 'leadership', 'technology'] → ['Competition & Hackathon', 'Education', 'Event', 'Management', 'Open to All', 'Project Management'] | target_group ['high_school', 'university_students'] → ['High School Student', 'Undergraduate']
2026-05-15 14:40:53,221 [INFO] [18/141] 5dea9ea3-1178-4ce4-ae8e-675de11526b1 [desc]: subject_tags ['competition', 'education', 'innovation'] → ['Competition & Hackathon', 'Education', 'Environment & Sustainability', 'High School Student', 'Project Management', 'Undergraduate'] | target_group ['high_school', 'university_students'] → ['High School Student', 'Undergraduate']
2026-05-15 14:40:56,657 [INFO] [19/141] cfb5057a-f730-4dfb-942c-6c5e3f4ebf47 [desc]: subject_tags ['community', 'education', 'leadership', 'technology'] → ['Competition & Hackathon', 'Education', 'Event', 'High School Student', 'In-person', 'Project Management', 'Undergraduate', 'Youth (Under 18)'] | target_group ['high_school', 'university_students'] → ['High School Student', 'Undergraduate']
2026-05-15 14:40:59,717 [INFO] [20/141] 0ffd7c1d-0c16-4dfe-8852-44610f3b2c6f [desc]: subject_tags ['education', 'scholarship'] → ['Community Development', 'Education', 'Fellowship', 'Open to All'] | target_group ['cambodians_only', 'university_students'] → ['Undergraduate']
2026-05-15 14:41:02,715 [INFO] [21/141] 036e9016-2802-4759-a1a9-1e513f939a1b [desc]: subject_tags ['government', 'job'] → ['Event Planning', 'Human Resources', 'In-person', 'Internship', 'Management', 'Open to All', 'Project Management'] | target_group ['cambodians_only'] → []
2026-05-15 14:41:05,789 [INFO] [22/141] b60d623e-e85a-460d-bb71-d0168deb4286 [raw]: subject_tags ['arts', 'community', 'education'] → ['Community Organizing', 'Event', 'In-person', 'Music & Performance', 'Open to All'] | target_group ['open_to_all'] → ['Open to All']
2026-05-15 14:41:08,848 [INFO] [23/141] 101de12e-ad40-4f92-ae4b-32e50428e097 [raw]: subject_tags ['course', 'technology'] → ['AI & Machine Learning', 'Cloud Computing', 'Course', 'In-person', 'Software Development', 'Youth (Under 18)'] | target_group ['youth'] → ['Youth (Under 18)']
2026-05-15 14:41:11,724 [INFO] [24/141] 9f6dd78f-12b5-4c55-bc44-82dbf47dda4f [raw]: subject_tags ['government', 'internship', 'technology'] → ['In-person', 'Internship', 'Management', 'Open to All', 'Software Development', 'Web Development'] | target_group ['null'] → []
2026-05-15 14:41:15,495 [INFO] [25/141] 28f58949-0052-4d81-9e40-fbc24b94cae7 [raw]: subject_tags ['course', 'technology'] → ['Course', 'Mobile Development', 'Online', 'Professional', 'Recent Graduate', 'Software Development', 'Undergraduate', 'Web Development'] | target_group ['graduates', 'professionals', 'university_students'] → ['Professional', 'Recent Graduate', 'Undergraduate']
2026-05-15 14:41:18,681 [INFO] [26/141] 416593f9-87ee-479e-aaf8-374dda4fa00e [raw]: subject_tags ['course', 'technology'] → ['Course', 'Mobile Development', 'Online', 'Software Development', 'Undergraduate'] | target_group ['null'] → []
2026-05-15 14:41:22,656 [INFO] [27/141] b984451a-a095-4b09-88b9-ffc6c37e8518 [raw]: subject_tags ['course', 'education', 'technology'] → ['Course', 'Online', 'Open to All', 'Project Management', 'Software Development', 'Web Development'] | target_group ['open_to_all'] → ['Open to All']
2026-05-15 14:41:25,451 [INFO] [28/141] 99ff34d7-75d5-4159-ae69-96c3fab08698 [raw]: subject_tags ['job', 'technology'] → ['Electrical Engineering', 'In-person', 'Internship', 'Professional'] | target_group ['professionals'] → ['Professional']
2026-05-15 14:41:28,178 [INFO] [29/141] 6f8a5d6a-7074-4b42-9ddf-01c871247dbc [raw]: subject_tags ['business', 'course', 'technology'] → ['Course', 'Data & Mathematics', 'Management', 'Online', 'Professional', 'Project Management'] | target_group ['professionals'] → ['Professional']
2026-05-15 14:41:31,017 [INFO] [30/141] 6cd06c8e-a2a2-48d4-93a1-ec3144694f0d [desc]: subject_tags ['business', 'course', 'data', 'technology'] → ['Course', 'Data & Mathematics', 'Open to All', 'Self-Paced'] | target_group ['open_to_all'] → ['Open to All']
2026-05-15 14:41:34,102 [INFO] [31/141] b85408db-41e0-4848-bd77-54d4747b651d [raw]: subject_tags ['education', 'event', 'scholarship'] → ['Education', 'Event', 'Online', 'Undergraduate'] | target_group ['university_students'] → ['Undergraduate']
2026-05-15 14:41:37,410 [INFO] [32/141] 11aa1178-e0a7-41cc-9a69-23c0b2e05e64 [raw]: subject_tags ['event', 'technology'] → ['AI & Machine Learning', 'Cloud Computing', 'Data & Mathematics', 'Event', 'Online', 'Open to All', 'Project Management', 'Software Development', 'Web Development'] | target_group ['null'] → []
2026-05-15 14:41:40,546 [INFO] [33/141] ffb13f89-a242-4403-9a3b-e26a91705aca [raw]: subject_tags ['community', 'event', 'technology'] → ['Community Organizing', 'Event', 'Event Planning', 'In-person', 'Professional', 'Project Management'] | target_group ['null'] → []
2026-05-15 14:41:43,700 [INFO] [34/141] 5d7e0501-0960-4647-92b0-ebb3f8170c22 [raw]: subject_tags ['data', 'environment', 'media', 'training'] → ['Course', 'Data & Mathematics', 'Environment & Sustainability', 'In-person', 'Journalism', 'Professional'] | target_group ['professionals'] → ['Professional']
2026-05-15 14:41:46,845 [INFO] [35/141] 07a33c87-b605-4cd1-958b-10ed1a9fbc82 [raw]: subject_tags ['event', 'seminar', 'technology'] → ['Data & Mathematics', 'Environment & Sustainability', 'Event', 'In-person', 'Open to All'] | target_group ['null'] → []
2026-05-15 14:41:49,916 [INFO] [36/141] aaf408ec-5ebf-4842-8275-e46874ef6a58 [raw]: subject_tags ['career development', 'data science', 'technology'] → ['Course', 'Data & Mathematics', 'Online', 'Open to All'] | target_group ['open_to_all'] → ['Open to All']
2026-05-15 14:41:52,778 [INFO] [37/141] 57cfe4ca-e8f5-4e8c-b3a6-28d3bd94a767 [raw]: subject_tags ['business', 'course', 'data_analysis', 'technology'] → ['Course', 'Data & Mathematics', 'Finance', 'Human Resources', 'Management', 'Marketing', 'Online', 'Professional'] | target_group ['professionals', 'students'] → ['Professional']
2026-05-15 14:41:55,641 [INFO] [38/141] 58a8c398-8735-41e1-8c10-4b9000114ca3 [raw]: subject_tags ['business', 'course', 'technology'] → ['Course', 'Data & Mathematics', 'Online', 'Professional', 'Recent Graduate', 'Undergraduate'] | target_group ['null'] → []
2026-05-15 14:41:58,691 [INFO] [39/141] 1219803c-d81a-42e5-bf66-af9b24d47b9c [raw]: subject_tags ['community', 'event', 'leadership', 'women'] → ['Community Development', 'Event', 'In-person', 'Open to All', 'Public Policy'] | target_group ['open_to_all'] → ['Open to All']
2026-05-15 14:42:01,474 [INFO] [40/141] cd1f8898-60cd-49d4-ab6d-285ccd8e0155 [raw]: subject_tags ['education', 'event', 'leadership'] → ['Community Organizing', 'Education', 'Event', 'In-person', 'Management', 'Open to All'] | target_group ['open_to_all'] → ['Open to All']
2026-05-15 14:42:04,438 [INFO] [41/141] 2ce476c0-526a-4022-9922-e52b668be308 [raw]: subject_tags ['culture', 'education', 'event', 'sports'] → ['Education', 'Event', 'Event Planning', 'In-person', 'Open to All', 'Public Speaking', 'Sociology'] | target_group ['open_to_all'] → ['Open to All']
2026-05-15 14:42:07,305 [INFO] [42/141] 155fa667-c2ba-4e58-b9c5-380f3feb4261 [raw]: subject_tags ['education', 'event', 'sports'] → ['Community Development', 'Education', 'Event', 'In-person', 'Open to All'] | target_group ['open_to_all'] → ['Open to All']
2026-05-15 14:42:10,200 [INFO] [43/141] c848a9de-3dcc-4d70-b073-cf50185de37f [raw]: subject_tags ['business', 'leadership', 'seminar'] → ['Event', 'In-person', 'Management', 'Open to All'] | target_group ['null'] → []
2026-05-15 14:42:13,064 [INFO] [44/141] 665b1de6-53e6-48d1-acf3-f42f2a03a521 [raw]: subject_tags ['education', 'history', 'leadership', 'technology'] → ['Event', 'In-person', 'Management', 'Open to All', 'Project Management', 'Public Policy'] | target_group ['open_to_all'] → ['Open to All']
2026-05-15 14:42:16,785 [INFO] [45/141] c0ff5afe-cad4-44df-863d-f67b06704ff8 [raw]: subject_tags ['null'] → ['Community Organizing', 'Event', 'Online', 'Open to All'] | target_group ['null'] → []
2026-05-15 14:42:20,224 [INFO] [46/141] 3cbc191a-738c-4d2e-970c-86ca3d9ca3dd [raw]: subject_tags ['education', 'event', 'seminar', 'training'] → ['Education', 'Event', 'In-person', 'Open to All', 'Project Management'] | target_group ['open_to_all'] → ['Open to All']
2026-05-15 14:42:23,971 [INFO] [47/141] 1f405f71-26c5-4bcc-b882-fd1994dd09a0 [raw]: subject_tags ['community', 'event', 'internship', 'leadership'] → ['Event', 'In-person', 'Internship', 'Professional', 'Undergraduate', 'Youth (Under 18)'] | target_group ['cambodians_only', 'university_students', 'youth'] → ['Undergraduate', 'Youth (Under 18)']
2026-05-15 14:42:27,157 [INFO] [48/141] 285f878f-4d5f-40c2-91fe-e5b079e9f4ee [raw]: subject_tags ['community', 'event', 'media'] → ['Community Development', 'Event', 'Event Planning', 'In-person', 'Open to All', 'Psychology', 'Sociology'] | target_group ['open_to_all'] → ['Open to All']
2026-05-15 14:42:30,086 [INFO] [49/141] ae499cb6-f633-4c7b-a084-73296706853a [raw]: subject_tags ['event', 'scholarship', 'study_abroad'] → ['Education', 'Event', 'In-person', 'Youth (Under 18)'] | target_group ['cambodians_only', 'youth'] → ['Youth (Under 18)']
2026-05-15 14:42:32,832 [INFO] [50/141] b0d0bfeb-9020-4e54-8ede-6e6822ddf39b [raw]: subject_tags ['education', 'event', 'study_abroad'] → ['Education', 'Event', 'Exchange Program', 'In-person', 'Undergraduate', 'Youth (Under 18)'] | target_group ['university_students', 'youth'] → ['Undergraduate', 'Youth (Under 18)']
2026-05-15 14:42:35,898 [INFO] [51/141] ce32e07f-8516-4e8c-89c4-471ed414b6c8 [raw]: subject_tags ['education', 'study abroad'] → ['Education', 'Event', 'Online', 'Open to All'] | target_group ['students'] → []
2026-05-15 14:42:38,671 [INFO] [52/141] 51ab3e24-f994-4142-a074-2874961ae758 [raw]: subject_tags ['education', 'event', 'media', 'scholarship'] → ['Education', 'Event', 'In-person', 'Youth (Under 18)'] | target_group ['cambodians_only', 'youth'] → ['Youth (Under 18)']
2026-05-15 14:42:41,825 [INFO] [53/141] 2a161a61-ee93-4a41-b170-2a84fa6fd4f4 [raw]: subject_tags ['education', 'event', 'study abroad'] → ['Education', 'Event', 'In-person', 'Marketing & Social Media', 'Youth (Under 18)'] | target_group ['cambodians_only', 'youth'] → ['Youth (Under 18)']
2026-05-15 14:42:44,858 [INFO] [54/141] d14665d5-a322-44a1-8626-95da5fee89db [raw]: subject_tags ['internship', 'job'] → ['E-commerce', 'Human Resources', 'In-person', 'Internship', 'Logistics & Supply Chain', 'Management', 'Marketing & Social Media', 'Open to All'] | target_group ['null'] → []
2026-05-15 14:42:47,765 [INFO] [55/141] b08340ca-c158-4259-9e8e-dc3503184071 [raw]: subject_tags ['business', 'internship', 'job'] → ['Human Resources', 'In-person', 'Internship', 'Logistics & Supply Chain', 'Management', 'Marketing', 'Project Management', 'Undergraduate'] | target_group ['cambodians_only', 'university_students'] → ['Undergraduate']
2026-05-15 14:42:50,870 [INFO] [56/141] 3886f10f-cba9-4d28-9e8e-642a476442ec [desc]: subject_tags ['internship'] → ['Civil Engineering', 'Human Resources', 'In-person', 'Internship', 'Marketing', 'Project Management', 'Undergraduate'] | target_group ['university_students'] → ['Undergraduate']
2026-05-15 14:42:53,754 [INFO] [57/141] eeef3ae1-6efc-41b3-b185-8626acb42553 [raw]: subject_tags ['business', 'internship'] → ['Accounting', 'In-person', 'Internship', 'Management', 'Undergraduate'] | target_group ['cambodians_only', 'university_students'] → ['Undergraduate']
2026-05-15 14:42:56,729 [INFO] [58/141] f2aa38bc-f92a-4820-b7b0-ceb34aabd168 [raw]: subject_tags ['business', 'internship', 'technology'] → ['AI & Machine Learning', 'In-person', 'Internship', 'UI/UX Design', 'Youth (Under 18)'] | target_group ['youth'] → ['Youth (Under 18)']
2026-05-15 14:42:59,625 [INFO] [59/141] 8ccad02c-5a5e-4cda-b4a8-d6442f87cfa8 [raw]: subject_tags ['internship', 'leadership', 'training'] → ['In-person', 'Internship', 'Management', 'Marketing & Social Media', 'Project Management', 'Undergraduate', 'Youth (Under 18)'] | target_group ['cambodians_only', 'university_students', 'youth'] → ['Undergraduate', 'Youth (Under 18)']
2026-05-15 14:43:02,514 [INFO] [60/141] f24aeb36-09d5-4b4a-89e7-3843a57cfddd [raw]: subject_tags ['business', 'internship', 'job'] → ['Agriculture', 'In-person', 'Internship', 'Management', 'Project Management', 'Recent Graduate'] | target_group ['graduates', 'youth'] → ['Recent Graduate', 'Youth (Under 18)']
2026-05-15 14:43:05,733 [INFO] [61/141] 05390df2-715e-4437-9799-7c28a606bc88 [raw]: subject_tags ['business', 'internship', 'technology'] → ['Hybrid', 'Internship', 'Management', 'Marketing', 'Software Development', 'Youth (Under 18)'] | target_group ['youth'] → ['Youth (Under 18)']
2026-05-15 14:43:08,621 [INFO] [62/141] e475cfe1-724a-4b0c-a82f-1dbd9c8ce84d [raw]: subject_tags ['business', 'internship', 'marketing', 'media', 'technology'] → ['Accounting', 'Human Resources', 'In-person', 'Internship', 'Management', 'Marketing', 'Software Development', 'Youth (Under 18)'] | target_group ['cambodians_only', 'youth'] → ['Youth (Under 18)']
2026-05-15 14:43:11,755 [INFO] [63/141] b747595b-7fd0-4f36-a9db-0d987f634295 [raw]: subject_tags ['communications', 'internship', 'media'] → ['Event Planning', 'Human Resources', 'In-person', 'Internship', 'Journalism', 'Marketing', 'Professional', 'Project Management', 'Recent Graduate', 'Undergraduate'] | target_group ['cambodians_only'] → []
2026-05-15 14:43:14,486 [INFO] [64/141] 8317c017-8899-47b4-b45e-4a11ff95e251 [raw]: subject_tags ['business', 'job', 'technology'] → ['Hybrid', 'Internship', 'Management', 'Marketing & Social Media', 'Mobile Development', 'Open to All', 'Project Management', 'Software Development', 'Web Development'] | target_group ['cambodians_only'] → []
2026-05-15 14:43:19,136 [INFO] [65/141] d03bc7a6-b48f-4237-be9f-9f3f5515ccdc [raw]: subject_tags ['arts', 'competition', 'design'] → ['Competition & Hackathon', 'Entrepreneurship', 'Graphic Design', 'Marketing & Social Media', 'Online', 'Open to All'] | target_group ['open_to_all'] → ['Open to All']
2026-05-15 14:43:22,575 [INFO] [66/141] 1f31e961-73a7-487f-bbd5-1f887ff2c086 [raw]: subject_tags ['business', 'course', 'entrepreneurship', 'leadership'] → ['Course', 'Entrepreneurship', 'Hybrid', 'Management', 'Marketing & Social Media', 'Youth (Under 18)'] | target_group ['cambodians_only', 'youth'] → ['Youth (Under 18)']
2026-05-15 14:43:26,047 [INFO] [67/141] b199ddc2-041e-4c01-8b35-e0273f261e78 [raw]: subject_tags ['education', 'event', 'scholarship'] → ['Education', 'Event', 'High School Student', 'Online', 'Undergraduate', 'Youth (Under 18)'] | target_group ['cambodians_only', 'high_school', 'university_students', 'youth'] → ['High School Student', 'Undergraduate', 'Youth (Under 18)']
2026-05-15 14:43:29,247 [INFO] [68/141] c5c8c505-0c51-4411-a056-a2956b0fa3f3 [raw]: subject_tags ['education', 'event', 'seminar', 'technology'] → ['AI & Machine Learning', 'Biology', 'Chemistry', 'Data & Mathematics', 'Education', 'Event', 'In-person', 'Public Speaking', 'Undergraduate', 'Youth (Under 18)'] | target_group ['university_students', 'youth'] → ['Undergraduate', 'Youth (Under 18)']
2026-05-15 14:43:32,103 [INFO] [69/141] a9e2013c-daaa-4e44-a38e-83d3c3f25c42 [raw]: subject_tags ['consultation', 'education'] → ['Education', 'Event', 'In-person', 'Undergraduate', 'Youth (Under 18)'] | target_group ['university_students', 'youth'] → ['Undergraduate', 'Youth (Under 18)']
2026-05-15 14:43:36,027 [INFO] [70/141] a41da5bc-8de1-4675-98b6-74dd2b94ed7b [raw]: subject_tags ['education', 'event', 'scholarship', 'seminar'] → ['Education', 'Event', 'In-person', 'Open to All'] | target_group ['open_to_all'] → ['Open to All']
2026-05-15 14:43:39,064 [INFO] [71/141] 3d3a1ba2-1cb2-4569-990e-b4695f51c42c [raw]: subject_tags ['education'] → ['Event', 'Online', 'Open to All'] | target_group ['null'] → []
2026-05-15 14:43:41,850 [INFO] [72/141] 1a0bc340-23e7-4f73-a423-8911865bf9a8 [raw]: subject_tags ['education'] → ['Event', 'High School Student', 'In-person'] | target_group ['high_school'] → ['High School Student']
2026-05-15 14:43:44,696 [INFO] [73/141] 7299ddca-5574-48b1-ab37-a1e51e952bb0 [raw]: subject_tags [] → ['Event', 'In-person', 'Open to All']
2026-05-15 14:43:47,945 [INFO] [74/141] 09e4f0ec-81fa-4e2f-9203-1f343c3f8f2e [raw]: subject_tags ['arts', 'competition', 'education', 'geography', 'history', 'mathematics', 'scholarship', 'science'] → ['Data & Mathematics', 'Education', 'Event Planning', 'Fellowship', 'In-person', 'Youth (Under 18)'] | target_group ['cambodians_only', 'youth'] → ['Youth (Under 18)']
2026-05-15 14:43:51,201 [INFO] [75/141] 8ac78755-4b59-4a45-ba29-2a78cc7a89e2 [desc]: subject_tags ['community', 'education', 'leadership', 'volunteer'] → ['Community Development', 'Education', 'Hybrid', 'Marketing & Social Media', 'Project Management', 'Volunteering', 'Youth (Under 18)'] | target_group ['youth'] → ['Youth (Under 18)']
2026-05-15 14:43:54,229 [INFO] [76/141] ffd0dee1-7822-4cdf-a6a6-fbf32002a767 [desc]: subject_tags ['media', 'technology'] → ['Film & Media', 'Graphic Design', 'Hybrid', 'Internship', 'Marketing & Social Media', 'Open to All', 'Web Development'] | target_group ['null'] → []
2026-05-15 14:43:57,256 [INFO] [77/141] 3f4689c0-c059-42c0-b826-26b463297865 [desc]: subject_tags ['business', 'communication', 'marketing', 'media'] → ['Event Planning', 'Internship', 'Marketing', 'Marketing & Social Media', 'Professional', 'Project Management', 'Public Speaking', 'Recent Graduate', 'Undergraduate', 'Writing & Translation'] | target_group ['null'] → []
2026-05-15 14:44:00,261 [INFO] [78/141] 9ef8d337-1b64-4254-85a7-f37ba69a2bd5 [raw]: subject_tags ['business', 'innovation', 'leadership', 'media', 'volunteer', 'youth'] → ['Community Development', 'Event Planning', 'Hybrid', 'Marketing & Social Media', 'Project Management', 'Volunteering', 'Youth (Under 18)'] | target_group ['cambodians_only', 'youth'] → ['Youth (Under 18)']
2026-05-15 14:44:03,265 [INFO] [79/141] 8c04c9ba-9dc1-4769-9c69-66b9350f7b03 [raw]: subject_tags ['education', 'event', 'youth'] → ['Community Development', 'Education', 'Event', 'In-person', 'Youth (Under 18)'] | target_group ['youth'] → ['Youth (Under 18)']
2026-05-15 14:44:06,167 [INFO] [80/141] f4ab7758-c644-435c-bd6c-f0ce267e1dc4 [desc]: subject_tags ['community', 'leadership', 'training', 'youth'] → ['Community Development', 'Event Planning', 'Hybrid', 'Internship', 'Management', 'Project Management', 'Youth (Under 18)'] | target_group ['cambodians_only', 'youth'] → ['Youth (Under 18)']
2026-05-15 14:44:09,323 [INFO] [81/141] c45baf40-c24c-4072-b23e-cd403689233f [raw]: subject_tags ['education', 'leadership', 'media'] → ['Education', 'Event', 'Management', 'Marketing & Social Media', 'Online', 'Open to All', 'Public Policy'] | target_group ['open_to_all'] → ['Open to All']
2026-05-15 14:44:12,243 [INFO] [82/141] 7b66f510-f3c6-4c46-8f10-ae7579345444 [desc]: subject_tags ['education', 'media', 'training'] → ['Course', 'Film & Media', 'Marketing & Social Media', 'Online', 'Youth (Under 18)'] | target_group ['youth'] → ['Youth (Under 18)']
2026-05-15 14:44:15,191 [INFO] [83/141] d6ab379d-cc6d-4ddc-848a-e66b53272d67 [raw]: subject_tags ['education', 'event', 'seminar'] → ['Education', 'Event', 'In-person', 'Youth (Under 18)'] | target_group ['cambodians_only', 'youth'] → ['Youth (Under 18)']
2026-05-15 14:44:17,993 [INFO] [84/141] 2f61baf8-c1e2-4ed8-986f-23a08dd26020 [raw]: subject_tags ['education'] → ['Event', 'In-person', 'Youth (Under 18)'] | target_group ['youth'] → ['Youth (Under 18)']
2026-05-15 14:44:20,903 [INFO] [85/141] f244a87d-721f-4d56-91d4-612354b6dc7f [raw]: subject_tags ['education'] → ['Education', 'Event', 'In-person', 'Youth (Under 18)'] | target_group ['youth'] → ['Youth (Under 18)']
2026-05-15 14:44:23,732 [INFO] [86/141] 1da4dbab-08f2-478c-8f3b-2dc805a0d248 [desc]: subject_tags ['competition', 'education', 'scholarship'] → ['Education', 'Fellowship', 'Online', 'Project Management', 'Undergraduate'] | target_group ['university_students'] → ['Undergraduate']
2026-05-15 14:44:26,729 [INFO] [87/141] 38fad048-2121-46a5-9166-be996f65a9b5 [raw]: subject_tags ['data', 'environment'] → ['Community Organizing', 'Data & Mathematics', 'Environment & Sustainability', 'Event', 'Online', 'Open to All'] | target_group ['open_to_all'] → ['Open to All']
2026-05-15 14:44:29,643 [INFO] [88/141] bd941e6a-ff3c-4b4b-83f3-20bb73f3d49d [raw]: subject_tags ['course', 'education'] → ['Education', 'Event', 'In-person', 'Undergraduate', 'Youth (Under 18)'] | target_group ['university_students', 'youth'] → ['Undergraduate', 'Youth (Under 18)']
2026-05-15 14:44:32,698 [INFO] [89/141] d30a9418-20d4-421f-86c5-e73c2244446c [raw]: subject_tags ['education', 'scholarship'] → ['Education', 'Event', 'Fellowship', 'In-person', 'Youth (Under 18)'] | target_group ['cambodians_only', 'youth'] → ['Youth (Under 18)']
2026-05-15 14:44:35,577 [INFO] [90/141] 522e770a-2682-4514-8e00-e20fe3fc342f [raw]: subject_tags ['education', 'event'] → ['Education', 'Event', 'In-person', 'Undergraduate', 'Youth (Under 18)'] | target_group ['university_students', 'youth'] → ['Undergraduate', 'Youth (Under 18)']
2026-05-15 14:44:38,548 [INFO] [91/141] 1dc97592-bef5-471a-9c48-0be92c2ca168 [raw]: subject_tags ['community', 'education', 'event'] → ['Event', 'Event Planning', 'In-person', 'Marketing & Social Media', 'Open to All'] | target_group ['cambodians_only'] → []
2026-05-15 14:44:41,407 [INFO] [92/141] 5a09c818-e9d4-4c1d-ac07-bdf9b18ae115 [raw]: subject_tags ['education', 'event'] → ['Education', 'Event', 'In-person', 'Youth (Under 18)'] | target_group ['youth'] → ['Youth (Under 18)']
2026-05-15 14:44:44,377 [INFO] [93/141] 31ac6b64-a740-4d65-bcb4-7fc40adb2cfe [raw]: subject_tags ['education', 'event', 'scholarship'] → ['Education', 'Event', 'In-person', 'Undergraduate', 'Youth (Under 18)'] | target_group ['university_students', 'youth'] → ['Undergraduate', 'Youth (Under 18)']
2026-05-15 14:44:47,959 [INFO] [94/141] 2d2188fc-3010-4b05-8998-716c8a11562c [raw]: subject_tags ['competition', 'education'] → ['Education', 'Event', 'In-person', 'Postgraduate', 'Professional', 'Recent Graduate', 'Undergraduate'] | target_group ['cambodians_only'] → []
2026-05-15 14:44:50,986 [INFO] [95/141] 4c2162cb-43a0-473d-847c-747de72842e8 [raw]: subject_tags ['competition', 'education'] → ['Competition & Hackathon', 'Education', 'Event Planning', 'In-person', 'Youth (Under 18)'] | target_group ['youth'] → ['Youth (Under 18)']
2026-05-15 14:44:54,535 [INFO] [96/141] 1d72f286-b100-404d-b10f-a694021f3fde [raw]: subject_tags ['competition', 'education'] → ['Education', 'Event', 'In-person', 'Youth (Under 18)'] | target_group ['cambodians_only', 'youth'] → ['Youth (Under 18)']
2026-05-15 14:44:57,462 [INFO] [97/141] 51d1c9f4-bed3-4838-a21e-59ceb7dec605 [raw]: subject_tags ['competition', 'scholarship'] → ['Competition & Hackathon', 'Online', 'Open to All'] | target_group ['high_school', 'university_students'] → ['High School Student', 'Undergraduate']
2026-05-15 14:45:00,456 [INFO] [98/141] 3cb7e401-8158-4ba6-af91-7db1e8f01a53 [raw]: subject_tags ['education'] → ['Event', 'In-person', 'Open to All'] | target_group ['null'] → []
2026-05-15 14:45:03,418 [INFO] [99/141] 411e896b-0b86-42ac-8f72-1282c97c3267 [raw]: subject_tags ['competition', 'education'] → ['Community Development', 'Event', 'In-person', 'Open to All'] | target_group ['cambodians_only', 'students'] → []
2026-05-15 14:45:06,342 [INFO] [100/141] 2cfa9ba1-f10a-4601-9f22-7489c61ea3f3 [raw]: subject_tags ['competition', 'education'] → ['Competition & Hackathon', 'Education', 'Event Planning', 'Online', 'Youth (Under 18)'] | target_group ['cambodians_only', 'youth'] → ['Youth (Under 18)']
2026-05-15 14:45:09,255 [INFO] [101/141] c437e7a5-db1c-44af-bdc7-b492dfbb286d [raw]: subject_tags ['education', 'event', 'technology'] → ['Data & Mathematics', 'Event', 'Online', 'Open to All'] | target_group ['open_to_all'] → ['Open to All']
2026-05-15 14:45:12,146 [INFO] [102/141] 7279ca7e-209e-48c3-918b-0ac3cadae235 [desc]: subject_tags ['education', 'leadership', 'scholarship'] → ['Education', 'Fellowship', 'Online', 'Undergraduate', 'Youth (Under 18)'] | target_group ['university_students', 'youth'] → ['Undergraduate', 'Youth (Under 18)']
2026-05-15 14:45:15,118 [INFO] [103/141] 5bf96ea0-a696-4099-9f81-53e61f0b23a8 [raw]: subject_tags ['community', 'leadership', 'youth'] → ['Community Development', 'Event', 'In-person', 'Project Management', 'Public Speaking', 'Youth (Under 18)'] | target_group ['cambodians_only', 'youth'] → ['Youth (Under 18)']
2026-05-15 14:45:18,144 [INFO] [104/141] 3a7fd9a8-3811-43a7-b2d4-84fca1204ead [desc]: subject_tags ['education'] → ['Education', 'Event', 'In-person', 'Undergraduate'] | target_group ['university_students'] → ['Undergraduate']
2026-05-15 14:45:21,165 [INFO] [105/141] 21cbfbfb-5630-4676-afb0-c8c226dc0288 [raw]: subject_tags ['business', 'event', 'innovation', 'science', 'technology'] → ['AI & Machine Learning', 'E-commerce', 'Entrepreneurship', 'Event', 'In-person', 'Management', 'Open to All', 'Public Policy'] | target_group ['open_to_all'] → ['Open to All']
2026-05-15 14:45:24,131 [INFO] [106/141] 682fc773-a6df-4033-97d5-35dc6e927e6d [raw]: subject_tags ['business', 'technology', 'workshop'] → ['Course', 'E-commerce', 'Entrepreneurship', 'In-person', 'Marketing', 'Marketing & Social Media', 'Open to All'] | target_group ['business'] → []
2026-05-15 14:45:27,096 [INFO] [107/141] 3ebe7395-4d3a-4413-92f7-193c1d57394b [raw]: subject_tags ['course', 'education', 'event', 'internship', 'scholarship', 'technology'] → ['AI & Machine Learning', 'Cybersecurity', 'Data & Mathematics', 'Education', 'Event', 'In-person', 'Professional', 'Undergraduate'] | target_group ['graduates', 'professionals', 'university_students'] → ['Professional', 'Recent Graduate', 'Undergraduate']
2026-05-15 14:45:30,045 [INFO] [108/141] e9b69922-23b4-494c-af02-6703757498bc [raw]: subject_tags ['course', 'technology', 'training'] → ['Course', 'In-person', 'Professional', 'Project Management', 'Recent Graduate', 'Software Development', 'Undergraduate', 'Web Development'] | target_group ['null'] → []
2026-05-15 14:45:32,959 [INFO] [109/141] fae99347-44fc-4d9a-b070-b958e16f106b [raw]: subject_tags ['agriculture', 'business', 'entrepreneurship', 'event', 'technology', 'training'] → ['Agriculture', 'Community Development', 'Entrepreneurship', 'Event', 'In-person', 'Project Management', 'Undergraduate'] | target_group ['university_students'] → ['Undergraduate']
2026-05-15 14:45:35,807 [INFO] [110/141] e0baa97f-ad82-4da4-bbbb-f3c64e865169 [raw]: subject_tags ['bootcamp', 'business', 'technology', 'training'] → ['Course', 'Entrepreneurship', 'In-person', 'Management', 'Marketing', 'Project Management', 'Youth (Under 18)'] | target_group ['cambodians_only', 'youth'] → ['Youth (Under 18)']
2026-05-15 14:45:38,814 [INFO] [111/141] 38c939ca-6a68-4113-8ed0-8583458e3113 [raw]: subject_tags ['business', 'event', 'startup', 'technology'] → ['AI & Machine Learning', 'Community Development', 'Environment & Sustainability', 'Event', 'Hybrid', 'Youth (Under 18)'] | target_group ['cambodians_only', 'youth'] → ['Youth (Under 18)']
2026-05-15 14:45:43,358 [INFO] [112/141] e3d52be0-d9b3-4087-9449-29dddf439b3d [raw]: subject_tags ['community', 'education', 'training'] → ['Course', 'Education', 'Entrepreneurship', 'In-person', 'Project Management', 'Undergraduate'] | target_group ['university_students'] → ['Undergraduate']
2026-05-15 14:45:46,292 [INFO] [113/141] 1815e205-1057-4842-a382-d8493cf97107 [raw]: subject_tags ['education', 'event'] → ['Education', 'Event', 'Online', 'Undergraduate', 'Youth (Under 18)'] | target_group ['university_students', 'youth'] → ['Undergraduate', 'Youth (Under 18)']
2026-05-15 14:45:49,089 [INFO] [114/141] fe474b16-bd72-4413-b55c-b77dad143356 [desc]: subject_tags ['business', 'community', 'internship'] → ['Human Resources', 'In-person', 'Internship', 'Management', 'Marketing', 'Marketing & Social Media', 'Project Management', 'Undergraduate'] | target_group ['university_students'] → ['Undergraduate']
2026-05-15 14:45:51,964 [INFO] [115/141] e3e30db4-a48a-422d-a61a-ff23a88f0693 [raw]: subject_tags ['education', 'scholarship'] → ['Exchange Program', 'Online', 'Youth (Under 18)'] | target_group ['youth'] → ['Youth (Under 18)']
2026-05-15 14:45:54,894 [INFO] [116/141] 06f65cc4-8e8c-4f0f-93b5-1b0e4ab94956 [raw]: subject_tags ['competition', 'education'] → ['Competition & Hackathon', 'Education', 'Event', 'High School Student', 'Online'] | target_group ['cambodians_only'] → []
2026-05-15 14:45:57,762 [INFO] [117/141] 68caaf36-be1e-4127-97d5-040691b298ff [raw]: subject_tags ['course', 'education'] → ['Course', 'Education', 'Online', 'Open to All'] | target_group ['null'] → []
2026-05-15 14:46:00,701 [INFO] [118/141] 202487a2-6541-41a9-ba57-3018f05c4ad2 [raw]: subject_tags ['bootcamp', 'business', 'community', 'entrepreneurship', 'technology'] → ['Course', 'Entrepreneurship', 'Management', 'Marketing', 'Online', 'Youth (Under 18)'] | target_group ['cambodians_only', 'youth'] → ['Youth (Under 18)']
2026-05-15 14:46:03,687 [INFO] [119/141] 428b3eff-71fd-4521-87a6-e8e4a479c9c2 [raw]: subject_tags ['community', 'education', 'event', 'history'] → ['Community Organizing', 'Education', 'Event', 'In-person', 'Open to All', 'Public Policy', 'Sociology'] | target_group ['open_to_all'] → ['Open to All']
2026-05-15 14:46:06,418 [INFO] [120/141] 008097d1-d019-4467-b649-61edb150c6b0 [raw]: subject_tags ['education'] → ['Education', 'Event', 'Undergraduate'] | target_group ['university_students'] → ['Undergraduate']
2026-05-15 14:46:09,423 [INFO] [121/141] d30f398a-7521-4e29-b078-df400ecd3564 [desc]: subject_tags ['business', 'internship'] → ['Human Resources', 'In-person', 'Internship', 'Management', 'Undergraduate', 'Writing & Translation'] | target_group ['cambodians_only', 'university_students'] → ['Undergraduate']
2026-05-15 14:46:12,463 [INFO] [122/141] 0008584f-ea1a-44af-8518-4f728bbe1bc9 [raw]: subject_tags ['internship'] → ['Human Resources', 'In-person', 'Internship', 'Management', 'Recent Graduate', 'Undergraduate'] | target_group ['graduates', 'university_students'] → ['Recent Graduate', 'Undergraduate']
2026-05-15 14:46:15,820 [INFO] [123/141] 83316931-c886-41be-acba-40fa7245b2bc [raw]: subject_tags ['event', 'history', 'media'] → ['Community Organizing', 'Event', 'In-person', 'Open to All', 'Public Policy', 'Sociology'] | target_group ['open_to_all'] → ['Open to All']
2026-05-15 14:46:19,034 [INFO] [124/141] 88401fb3-ae0a-4641-8300-89404f8e241b [desc]: subject_tags ['agriculture', 'business', 'community', 'youth'] → ['Agriculture', 'Community Development', 'Entrepreneurship', 'Event', 'In-person', 'Marketing & Social Media', 'Youth (Under 18)'] | target_group ['cambodians_only', 'youth'] → ['Youth (Under 18)']
2026-05-15 14:46:22,332 [INFO] [125/141] aa0da991-f525-4512-bd0c-a31eb5fa329c [desc]: subject_tags [] → ['Course', 'Online', 'Software Development', 'Undergraduate', 'Web Development']
2026-05-15 14:46:26,042 [INFO] [126/141] e4be5a73-d734-4fb8-8fcc-2b652141320d [desc]: subject_tags [] → ['Course', 'Online', 'Software Development', 'Undergraduate', 'Web Development']
2026-05-15 14:46:29,971 [INFO] [127/141] 77a1d5e4-11aa-4c55-bedc-e4011792808f [raw]: subject_tags ['course', 'technology'] → ['AI & Machine Learning', 'Cloud Computing', 'Course', 'In-person', 'Software Development', 'Youth (Under 18)'] | target_group ['youth'] → ['Youth (Under 18)']
2026-05-15 14:46:33,206 [INFO] [128/141] 833714c5-31b6-4dcf-bebc-48b07f1f75a7 [raw]: subject_tags ['agriculture', 'business', 'community', 'training', 'youth'] → ['Agriculture', 'Community Development', 'Entrepreneurship', 'Event', 'In-person', 'Project Management', 'Youth (Under 18)'] | target_group ['community', 'youth'] → ['Youth (Under 18)']
2026-05-15 14:46:36,101 [INFO] [129/141] a846339b-3135-4e66-ab58-4ec465de8f38 [raw]: subject_tags ['agriculture', 'business', 'community', 'event', 'training'] → ['Agriculture', 'Community Development', 'Entrepreneurship', 'Event', 'In-person', 'Project Management', 'Undergraduate', 'Youth (Under 18)'] | target_group ['cambodians_only', 'university_students', 'youth'] → ['Undergraduate', 'Youth (Under 18)']
2026-05-15 14:46:38,873 [INFO] [130/141] ba5f3c3c-b8cc-4fca-94f2-f062fa0884da [raw]: subject_tags ['business', 'event', 'innovation', 'technology'] → ['AI & Machine Learning', 'Data & Mathematics', 'Environment & Sustainability', 'Event', 'In-person', 'Open to All', 'Project Management', 'Software Development', 'Web Development'] | target_group ['open_to_all'] → ['Open to All']
2026-05-15 14:46:41,888 [INFO] [131/141] 0966f2e6-13cb-4b65-83ea-84a8d1923a24 [raw]: subject_tags ['government', 'internship', 'technology'] → ['In-person', 'Internship', 'Open to All', 'Project Management', 'Software Development', 'Web Development'] | target_group ['null'] → []
2026-05-15 14:46:45,045 [INFO] [132/141] 0e4c02c3-f991-43a8-a010-335344368637 [raw]: subject_tags ['course', 'education', 'job', 'technology'] → ['Course', 'Data & Mathematics', 'Online', 'Professional', 'Recent Graduate', 'Software Development', 'Undergraduate', 'Web Development'] | target_group ['graduates', 'professionals', 'university_students'] → ['Professional', 'Recent Graduate', 'Undergraduate']
2026-05-15 14:46:47,725 [INFO] [133/141] 318482d6-f3cf-4dd1-bced-bb3d75acc944 [raw]: subject_tags ['community', 'event', 'leadership', 'volunteer', 'youth'] → ['Community Organizing', 'Event', 'In-person', 'Public Speaking', 'Youth (Under 18)'] | target_group ['youth'] → ['Youth (Under 18)']
2026-05-15 14:46:50,843 [INFO] [134/141] 925b8260-3952-4edb-9406-75e27aa56462 [raw]: subject_tags ['community', 'internship', 'media', 'research'] → ['In-person', 'Internship', 'Journalism', 'Open to All', 'Project Management', 'Writing & Translation'] | target_group ['cambodians_only'] → []
2026-05-15 14:46:53,863 [INFO] [135/141] 987aa21e-4280-4878-87ea-90072775129d [raw]: subject_tags ['community', 'leadership', 'technology'] → ['Community Organizing', 'Event', 'In-person', 'Internship', 'Open to All', 'Project Management'] | target_group ['null'] → []
2026-05-15 14:46:56,948 [INFO] [136/141] e311d4db-3abf-4efc-aa2a-a7b300d6e009 [raw]: subject_tags ['business', 'event', 'job', 'leadership', 'seminar', 'technology'] → ['Event', 'In-person', 'Management', 'Marketing & Social Media', 'Open to All'] | target_group ['open_to_all'] → ['Open to All']
2026-05-15 14:46:59,868 [INFO] [137/141] 5dd61766-7655-462c-b3c9-5725a9841f78 [raw]: subject_tags ['business', 'finance', 'internship'] → ['Accounting', 'Finance', 'In-person', 'Internship', 'Management', 'Youth (Under 18)'] | target_group ['male', 'youth'] → ['Youth (Under 18)']
2026-05-15 14:47:02,798 [INFO] [138/141] 8901ebc0-fd18-40ca-b7b4-60bcf22efde4 [desc]: subject_tags ['AI & Machine Learning', 'Cloud Computing', 'Entrepreneurship', 'Event', 'Software Development'] → ['AI & Machine Learning', 'Cloud Computing', 'Cybersecurity', 'Event', 'In-person', 'Mobile Development', 'Open to All', 'Software Development', 'Web Development']
2026-05-15 14:47:05,483 [INFO] [139/141] 95fc7f78-e4d0-4c17-a11f-6bee8f882f6d [desc]: subject_tags ['Community Development', 'Event', 'Online', 'Web Development'] → ['In-person', 'Internship', 'Open to All']
2026-05-15 14:47:08,289 [INFO] [140/141] a4ade9c3-a064-4952-a852-f8b63f694a77 [desc]: subject_tags ['Community Development', 'Course', 'In-person', 'Open to All', 'Web Development'] → ['Event', 'Online', 'Open to All']
2026-05-15 14:47:11,351 [INFO] [141/141] a161de8b-3e73-4d5e-8d99-5c2dc5df5415 [raw]: subject_tags ['education', 'leadership', 'technology', 'training'] → ['Course', 'Data & Mathematics', 'Online', 'Professional', 'Recent Graduate', 'Youth (Under 18)'] | target_group ['graduates', 'professionals', 'youth'] → ['Professional', 'Recent Graduate', 'Youth (Under 18)']
2026-05-15 14:47:13,351 [INFO] Done.  updated=141  skipped=0  errors=0  (DRY RUN — no writes)
